#
# A fatal error has been detected by the Java Runtime Environment:
#
#  EXCEPTION_ACCESS_VIOLATION (0xc0000005) at pc=0x00007ffcc0e5edf1, pid=22800, tid=15492
#
# JRE version: Java(TM) SE Runtime Environment (22.0.2+9) (build 22.0.2+9-70)
# Java VM: Java HotSpot(TM) 64-Bit Server VM (22.0.2+9-70, mixed mode, sharing, tiered, compressed oops, compressed class ptrs, g1 gc, windows-amd64)
# Problematic frame:
# V  [jvm.dll+0x1cedf1]
#
# No core dump will be written. Minidumps are not enabled by default on client versions of Windows
#
# If you would like to submit a bug report, please visit:
#   https://bugreport.java.com/bugreport/crash.jsp
#

---------------  S U M M A R Y ------------

Command Line: --add-opens=java.base/java.util=ALL-UNNAMED --add-opens=java.base/java.lang=ALL-UNNAMED --add-opens=java.base/java.lang.invoke=ALL-UNNAMED --add-opens=java.prefs/java.util.prefs=ALL-UNNAMED --add-exports=jdk.compiler/com.sun.tools.javac.api=ALL-UNNAMED --add-exports=jdk.compiler/com.sun.tools.javac.util=ALL-UNNAMED --add-opens=java.base/java.nio.charset=ALL-UNNAMED --add-opens=java.base/java.net=ALL-UNNAMED --add-opens=java.base/java.util.concurrent.atomic=ALL-UNNAMED -Xmx1536m -Dfile.encoding=UTF-8 -Duser.country=ID -Duser.language=en -Duser.variant -javaagent:C:\Users\SOLUSINDO\.gradle\wrapper\dists\gradle-8.10.2-all\7iv73wktx1xtkvlq19urqw1wm\gradle-8.10.2\lib\agents\gradle-instrumentation-agent-8.10.2.jar org.gradle.launcher.daemon.bootstrap.GradleDaemon 8.10.2

Host: Intel(R) Core(TM) i5-8350U CPU @ 1.70GHz, 8 cores, 7G,  Windows 10 , 64 bit Build 19041 (10.0.19041.5915)
Time: Tue Dec  2 18:55:56 2025 SE Asia Standard Time elapsed time: 129.307092 seconds (0d 0h 2m 9s)

---------------  T H R E A D  ---------------

Current thread (0x000001bb4e53c900):  WorkerThread "G1 Conc#0"      [id=15492, stack(0x0000009344e00000,0x0000009344f00000) (1024K)]

Stack: [0x0000009344e00000,0x0000009344f00000],  sp=0x0000009344eff398,  free space=1020k
Native frames: (J=compiled Java code, j=interpreted, Vv=VM code, C=native code)
V  [jvm.dll+0x1cedf1]  (no source info available)


siginfo: EXCEPTION_ACCESS_VIOLATION (0xc0000005), reading address 0x0000000000000100


Registers:
RAX=0x0000000000000000, RBX=0x000001bb4e53dd01, RCX=0x000001bb00000000, RDX=0x00000000bb7f92b8
RSP=0x0000009344eff398, RBP=0x0000000000000000, RSI=0x000001bb4e52f440, RDI=0x00000000bb7f92b8
R8 =0x000001bb00000000, R9 =0x0000000000000000, R10=0x000001bb4e4f63a0, R11=0x0000000000000003
R12=0x0000000000000001, R13=0x000001bb4e53d098, R14=0x000001bb01f74b80, R15=0x00000000bb7f9668
RIP=0x00007ffcc0e5edf1, EFLAGS=0x0000000000010246


Register to memory mapping:

RAX=0x0 is null
RBX=0x000001bb4e53dd01 points into unknown readable memory: 00 00 00 00 00 00 00
RCX=0x000001bb00000000 is pointing into metadata
RDX=0x00000000bb7f92b8 is pointing into object: com.android.tools.r8.graph.j1 
{0x00000000bb7f92b0} - klass: 'com/android/tools/r8/graph/j1'
 - ---- fields (total size 10 words):
 - public 'b' 'Lcom/android/tools/r8/graph/u0;' @12  a 'com/android/tools/r8/graph/u0'{0x00000000bc4b9ba0} (0xbc4b9ba0)
 - public final 'd' 'Z' @16  false (0x00)
 - public 'e' 'Lcom/android/tools/r8/androidapi/f;' @20  a 'com/android/tools/r8/androidapi/g'{0x00000000a83007c0} (0xa83007c0)
 - public final 'f' 'Lcom/android/tools/r8/graph/t2;' @24  a 'com/android/tools/r8/graph/y2'{0x00000000b146f3c8} (0xb146f3c8)
 - public final 'h' 'Z' @17  false (0x00)
 - public 't' 'Z' @18  false (0x00)
 - public final 'g' 'Lcom/android/tools/r8/graph/I4;' @28  a 'com/android/tools/r8/graph/I4'{0x00000000bb7f9300} (0xbb7f9300)
 - public 'i' 'Lcom/android/tools/r8/graph/w5;' @32  a 'com/android/tools/r8/graph/w5'{0x00000000a8300678} (0xa8300678)
 - public 'j' 'Lcom/android/tools/r8/graph/i0;' @36  a 'com/android/tools/r8/graph/J0'{0x00000000bb7f9318} (0xbb7f9318)
 - public 'k' 'Lcom/android/tools/r8/graph/y2;' @40  null (0x00000000)
 - public 'l' 'Lcom/android/tools/r8/graph/k1;' @44  a 'com/android/tools/r8/graph/k1'{0x00000000a8300690} (0xa8300690)
 - public 'm' 'Lcom/android/tools/r8/internal/MV;' @48  a 'com/android/tools/r8/internal/bj'{0x00000000a83006a8} (0xa83006a8)
 - public 'n' 'Lcom/android/tools/r8/internal/nb;' @52  null (0x00000000)
 - public 'o' 'Lcom/android/tools/r8/androidapi/f;' @56  a 'com/android/tools/r8/androidapi/g'{0x00000000a83007c0} (0xa83007c0)
 - public 'p' 'Lcom/android/tools/r8/kotlin/d0;' @60  a 'com/android/tools/r8/kotlin/a0'{0x00000000a8300738} (0xa8300738)
 - public 'q' 'Lcom/android/tools/r8/graph/E3$g;' @64  a 'com/android/tools/r8/graph/E3$g'{0x00000000a83005b8} (0xa83005b8)
 - public 'r' 'Lcom/android/tools/r8/internal/i30;' @68  a 'com/android/tools/r8/internal/h30'{0x00000000a83005f0} (0xa83005f0)
 - public 's' 'Lcom/android/tools/r8/internal/hG;' @72  a 'com/android/tools/r8/internal/VF'{0x00000000a8b988f8} (0xa8b988f8)
RSP=0x0000009344eff398 points into unknown readable memory: 0x00007ffcc0facbaa | aa cb fa c0 fc 7f 00 00
RBP=0x0 is null
RSI=0x000001bb4e52f440 points into unknown readable memory: 0x000001bb4e53bd30 | 30 bd 53 4e bb 01 00 00
RDI=0x00000000bb7f92b8 is pointing into object: com.android.tools.r8.graph.j1 
{0x00000000bb7f92b0} - klass: 'com/android/tools/r8/graph/j1'
 - ---- fields (total size 10 words):
 - public 'b' 'Lcom/android/tools/r8/graph/u0;' @12  a 'com/android/tools/r8/graph/u0'{0x00000000bc4b9ba0} (0xbc4b9ba0)
 - public final 'd' 'Z' @16  false (0x00)
 - public 'e' 'Lcom/android/tools/r8/androidapi/f;' @20  a 'com/android/tools/r8/androidapi/g'{0x00000000a83007c0} (0xa83007c0)
 - public final 'f' 'Lcom/android/tools/r8/graph/t2;' @24  a 'com/android/tools/r8/graph/y2'{0x00000000b146f3c8} (0xb146f3c8)
 - public final 'h' 'Z' @17  false (0x00)
 - public 't' 'Z' @18  false (0x00)
 - public final 'g' 'Lcom/android/tools/r8/graph/I4;' @28  a 'com/android/tools/r8/graph/I4'{0x00000000bb7f9300} (0xbb7f9300)
 - public 'i' 'Lcom/android/tools/r8/graph/w5;' @32  a 'com/android/tools/r8/graph/w5'{0x00000000a8300678} (0xa8300678)
 - public 'j' 'Lcom/android/tools/r8/graph/i0;' @36  a 'com/android/tools/r8/graph/J0'{0x00000000bb7f9318} (0xbb7f9318)
 - public 'k' 'Lcom/android/tools/r8/graph/y2;' @40  null (0x00000000)
 - public 'l' 'Lcom/android/tools/r8/graph/k1;' @44  a 'com/android/tools/r8/graph/k1'{0x00000000a8300690} (0xa8300690)
 - public 'm' 'Lcom/android/tools/r8/internal/MV;' @48  a 'com/android/tools/r8/internal/bj'{0x00000000a83006a8} (0xa83006a8)
 - public 'n' 'Lcom/android/tools/r8/internal/nb;' @52  null (0x00000000)
 - public 'o' 'Lcom/android/tools/r8/androidapi/f;' @56  a 'com/android/tools/r8/androidapi/g'{0x00000000a83007c0} (0xa83007c0)
 - public 'p' 'Lcom/android/tools/r8/kotlin/d0;' @60  a 'com/android/tools/r8/kotlin/a0'{0x00000000a8300738} (0xa8300738)
 - public 'q' 'Lcom/android/tools/r8/graph/E3$g;' @64  a 'com/android/tools/r8/graph/E3$g'{0x00000000a83005b8} (0xa83005b8)
 - public 'r' 'Lcom/android/tools/r8/internal/i30;' @68  a 'com/android/tools/r8/internal/h30'{0x00000000a83005f0} (0xa83005f0)
 - public 's' 'Lcom/android/tools/r8/internal/hG;' @72  a 'com/android/tools/r8/internal/VF'{0x00000000a8b988f8} (0xa8b988f8)
R8 =0x000001bb00000000 is pointing into metadata
R9 =0x0 is null
R10=0x000001bb4e4f63a0 points into unknown readable memory: 0x00007ffcc167fdb0 | b0 fd 67 c1 fc 7f 00 00
R11=0x0000000000000003 is an unknown value
R12=0x0000000000000001 is an unknown value
R13=0x000001bb4e53d098 points into unknown readable memory: 0x1009524164bdc8fe | fe c8 bd 64 41 52 09 10
R14=0x000001bb01f74b80 is a pointer to class: 
com.android.tools.r8.graph.g1 {0x000001bb01f74b88}
 - instance size:     7
 - klass size:        148
 - access:            public 
 - flags:             rewritten has_nonstatic_fields should_verify_class has_nonstatic_concrete_methods has_localvariable_table has_miranda_methods has_final_method has_resolved_methods 
 - state:             fully_initialized
 - name:              'com/android/tools/r8/graph/g1'
 - super:             'com/android/tools/r8/graph/h1'
 - sub:               
 - arrays:            'com/android/tools/r8/graph/g1'[]
 - methods:           Array<T>(0x000001bb6ea77d80)
 - method ordering:   Array<T>(0x000001bb00afc148)
 - default_methods:   Array<T>(0x000001bb6ea83318)
 - default vtable indices:   Array<T>(0x000001bb6ea83398)
 - local interfaces:  Array<T>(0x000001bb6ea810e8)
 - trans. interfaces: Array<T>(0x000001bb6ea83298)
 - constants:         constant pool [438]/operands[63] {0x000001bb6ea802f8} for 'com/android/tools/r8/graph/g1' cache=0x000001bb6ec6cea8
 - class loader data:  loader data: 0x000001bb4b0e1140 for instance a 'org/gradle/internal/classloader/VisitableURLClassLoader$InstrumentingVisitableURLClassLoader'{0x00000000ff7548c8}
 - source file:       'R8_8.8.18_9b4b11a8a876a48ac24063637e04d2dfb3a8d86172b84ba7a90f97001fecb008'
 - class annotations:       Array<T>(0x0000000000000000)
 - class type annotations:  Array<T>(0x0000000000000000)
 - field annotations:       Array<T>(0x0000000000000000)
 - field type annotations:  Array<T>(0x0000000000000000)
 - generic signature: 'Lcom/android/tools/r8/graph/h1<Lcom/android/tools/r8/graph/g1;Lcom/android/tools/r8/graph/l1;>;Lcom/android/tools/r8/internal/qp0<Lcom/android/tools/r8/graph/g1;>;'
 - inner classes:     Array<T>(0x000001bb6ea83260)
 - nest members:     Array<T>(0x000001bb6ea83290)
 - permitted subclasses:     Array<T>(0x000001bb005d62f0)
 - java mirror:       a 'java/lang/Class'{0x00000000ff3333b0} = 'com/android/tools/r8/graph/g1'
 - vtable length      58  (start addr: 0x000001bb01f74d48)
 - itable length      31 (start addr: 0x000001bb01f74f18)
 - ---- static fields (1 words):
 - public static final 'o' '[Lcom/android/tools/r8/graph/g1;' @112 
 - public static final synthetic 'p' 'Z' @116 
 - ---- non-static fields (10 words):
 - public 'b' 'Lcom/android/tools/r8/graph/u0;' @12 
 - public final 'd' 'Z' @16 
 - public 'e' 'Lcom/android/tools/r8/androidapi/f;' @20 
 - public final 'f' 'Lcom/android/tools/r8/graph/t2;' @24 
 - public final 'j' 'Z' @17 
 - public 'n' 'Z' @18 
 - public final 'g' 'Lcom/android/tools/r8/graph/i3;' @28 
 - public 'h' 'Lcom/android/tools/r8/graph/P2;' @32 
 - public 'i' 'Lcom/android/tools/r8/graph/v5;' @36 
 - public 'k' 'Lcom/android/tools/r8/graph/E3$e;' @40 
 - public 'l' 'Lcom/android/tools/r8/internal/Ov;' @44 
 - public 'm' 'Lcom/android/tools/r8/kotlin/G;' @48 
 - non-static oop maps: 12-12 20-48 
R15=0x00000000bb7f9668 is an oop: com.android.tools.r8.graph.j1 
{0x00000000bb7f9668} - klass: 'com/android/tools/r8/graph/j1'
 - ---- fields (total size 10 words):
 - public 'b' 'Lcom/android/tools/r8/graph/u0;' @12  a 'com/android/tools/r8/graph/u0'{0x00000000bc350740} (0xbc350740)
 - public final 'd' 'Z' @16  false (0x00)
 - public 'e' 'Lcom/android/tools/r8/androidapi/f;' @20  a 'com/android/tools/r8/androidapi/g'{0x00000000a83007c0} (0xa83007c0)
 - public final 'f' 'Lcom/android/tools/r8/graph/t2;' @24  a 'com/android/tools/r8/graph/y2'{0x00000000ab5649e8} (0xab5649e8)
 - public final 'h' 'Z' @17  false (0x00)
 - public 't' 'Z' @18  false (0x00)
 - public final 'g' 'Lcom/android/tools/r8/graph/I4;' @28  
[error occurred during error reporting (printing register info), id 0xc0000005, EXCEPTION_ACCESS_VIOLATION (0xc0000005) at pc=0x00007ffcc135da36]

Top of Stack: (sp=0x0000009344eff398)
0x0000009344eff398:   00007ffcc0facbaa 00000000008a4864
0x0000009344eff3a8:   00007ffcc0facbaa 000071e1929e58fa
0x0000009344eff3b8:   0000000000000000 00000000bb7f92b8
0x0000009344eff3c8:   00007ffcc0fac97f 000001bb4e53dda0
0x0000009344eff3d8:   0000009344eff520 000001bb01f74b78
0x0000009344eff3e8:   0000009344eff520 00000000bb7f96b4
0x0000009344eff3f8:   00007ffcc0faa39d 00000000bb7f9684
0x0000009344eff408:   00007ffcc0faaaed 00000000bc4b9c70
0x0000009344eff418:   0000000000000000 0000000000000000
0x0000009344eff428:   0000000000000000 00000000bb7f9668
0x0000009344eff438:   00007ffcc0fc37b2 000001bb01f74630
0x0000009344eff448:   000000000000000a 0000009344eff520
0x0000009344eff458:   0000000000000000 00000000bb7f9668
0x0000009344eff468:   00007ffcc0fc7647 000001bb4e53dda0
0x0000009344eff478:   0000000000000040 000000000000007f
0x0000009344eff488:   000001bb4e500e70 000001bb4e53cc01
0x0000009344eff498:   000001bb4e53dda0 0000000000000000
0x0000009344eff4a8:   0000000000000000 000001bb4e53dda0
0x0000009344eff4b8:   00007ffcc0fc68de 000001bb4e53dda0
0x0000009344eff4c8:   000001bb4e4fe990 00000000bb7f9668
0x0000009344eff4d8:   0000000000000000 000001bb4e52f440
0x0000009344eff4e8:   000001bb4e53dda0 00000000c5182510
0x0000009344eff4f8:   000000000000fb5e 00000000c5182510
0x0000009344eff508:   000000000000fb5e 00000000fffffffd
0x0000009344eff518:   00007ffcc1371732 00007ffcc16816d8
0x0000009344eff528:   000001bb6c3416d0 0000000000000003
0x0000009344eff538:   000001bb4e4f63a0 000001bb4e53dda0
0x0000009344eff548:   00007ffcc1341995 c215b08487ec9eb8
0x0000009344eff558:   0000000000000000 0000000000000000
0x0000009344eff568:   0000000000000000 000001bb4e53ccc0
0x0000009344eff578:   000001bb4e53ccb0 000001bb4e53d098
0x0000009344eff588:   0000000000000030 0000009344dff8d0 

Instructions: (pc=0x00007ffcc0e5edf1)
0x00007ffcc0e5ecf1:   74 2f 8b 0d 3f 70 a6 00 49 8b 57 38 49 8b 47 40
0x00007ffcc0e5ed01:   48 ff c8 4c 8d 04 c2 48 d3 ea 49 03 56 30 49 d3
0x00007ffcc0e5ed11:   e8 48 8d 0d 1f 86 7f 00 4d 03 46 30 e8 7e f8 ff
0x00007ffcc0e5ed21:   ff 48 8b 05 57 70 a6 00 48 85 c0 74 2a 8b 0d 04
0x00007ffcc0e5ed31:   70 a6 00 4c 8d 45 f8 49 2b 5e 30 49 2b 6e 30 4c
0x00007ffcc0e5ed41:   03 c3 48 d3 e5 49 d3 e0 48 8b d5 48 8d 0d 25 86
0x00007ffcc0e5ed51:   7f 00 e8 48 f8 ff ff 48 8b 5c 24 58 48 8b 6c 24
0x00007ffcc0e5ed61:   60 48 8b 74 24 68 48 83 c4 30 41 5f 41 5e 41 5c
0x00007ffcc0e5ed71:   c3 cc cc cc cc cc cc cc cc cc cc cc cc cc cc 4c
0x00007ffcc0e5ed81:   8b c2 48 8b d1 45 8b 48 08 45 85 c9 7e 0e 41 f6
0x00007ffcc0e5ed91:   c1 01 75 56 41 c1 f9 03 49 63 c1 c3 79 4c 80 3d
0x00007ffcc0e5eda1:   85 ea a0 00 00 b8 0c 00 00 00 b9 10 00 00 00 0f
0x00007ffcc0e5edb1:   45 c8 8b 05 cf e8 a0 00 ff c8 4c 63 c0 41 8b c1
0x00007ffcc0e5edc1:   48 c1 f8 10 48 63 14 11 41 8b c9 83 e1 3f 0f b6
0x00007ffcc0e5edd1:   c0 48 d3 e2 49 8d 0c 10 49 f7 d0 48 03 c1 49 c1
0x00007ffcc0e5ede1:   e8 03 48 c1 e8 03 49 23 c0 c3 49 8b 00 49 8b c8
0x00007ffcc0e5edf1:   48 ff a0 00 01 00 00 cc cc cc cc cc cc cc cc 48
0x00007ffcc0e5ee01:   89 54 24 10 4c 89 44 24 18 4c 89 4c 24 20 48 83
0x00007ffcc0e5ee11:   ec 38 0f 10 01 4c 8d 44 24 50 48 8d 4c 24 20 0f
0x00007ffcc0e5ee21:   29 44 24 20 e8 96 8b 1a 00 48 83 c4 38 c3 cc 40
0x00007ffcc0e5ee31:   53 48 83 ec 50 4c 8b 94 24 88 00 00 00 48 8b d9
0x00007ffcc0e5ee41:   49 8b 02 48 83 c8 03 48 89 44 24 40 41 8b 42 08
0x00007ffcc0e5ee51:   89 44 24 48 48 8d 44 24 40 48 89 44 24 30 33 c0
0x00007ffcc0e5ee61:   48 89 44 24 28 48 89 44 24 20 e8 80 3c f6 ff 48
0x00007ffcc0e5ee71:   8d 05 29 86 7f 00 c6 43 40 00 48 89 03 48 8b 84
0x00007ffcc0e5ee81:   24 80 00 00 00 48 89 43 48 48 8b c3 48 83 c4 50
0x00007ffcc0e5ee91:   5b c3 cc cc cc cc cc cc cc cc cc cc cc cc cc 48
0x00007ffcc0e5eea1:   89 5c 24 08 48 89 6c 24 10 48 89 74 24 18 57 48
0x00007ffcc0e5eeb1:   83 ec 50 45 33 c0 48 8b ea 48 8b f1 b2 05 41 8d
0x00007ffcc0e5eec1:   48 08 e8 28 f9 ee ff 48 8b f8 48 85 c0 74 0c 48
0x00007ffcc0e5eed1:   8d 05 39 8c 7f 00 48 89 07 eb 02 33 ff 45 33 c0
0x00007ffcc0e5eee1:   b2 05 41 8d 48 08 e8 04 f9 ee ff 48 8b d8 48 85 


Stack slot to memory mapping:

stack at sp + 0 slots: 0x00007ffcc0facbaa jvm.dll
stack at sp + 1 slots: 0x00000000008a4864 is an unknown value
stack at sp + 2 slots: 0x00007ffcc0facbaa jvm.dll
stack at sp + 3 slots: 0x000071e1929e58fa is an unknown value
stack at sp + 4 slots: 0x0 is null
stack at sp + 5 slots: 0x00000000bb7f92b8 is pointing into object: com.android.tools.r8.graph.j1 
{0x00000000bb7f92b0} - klass: 'com/android/tools/r8/graph/j1'
 - ---- fields (total size 10 words):
 - public 'b' 'Lcom/android/tools/r8/graph/u0;' @12  a 'com/android/tools/r8/graph/u0'{0x00000000bc4b9ba0} (0xbc4b9ba0)
 - public final 'd' 'Z' @16  false (0x00)
 - public 'e' 'Lcom/android/tools/r8/androidapi/f;' @20  a 'com/android/tools/r8/androidapi/g'{0x00000000a83007c0} (0xa83007c0)
 - public final 'f' 'Lcom/android/tools/r8/graph/t2;' @24  a 'com/android/tools/r8/graph/y2'{0x00000000b146f3c8} (0xb146f3c8)
 - public final 'h' 'Z' @17  false (0x00)
 - public 't' 'Z' @18  false (0x00)
 - public final 'g' 'Lcom/android/tools/r8/graph/I4;' @28  a 'com/android/tools/r8/graph/I4'{0x00000000bb7f9300} (0xbb7f9300)
 - public 'i' 'Lcom/android/tools/r8/graph/w5;' @32  a 'com/android/tools/r8/graph/w5'{0x00000000a8300678} (0xa8300678)
 - public 'j' 'Lcom/android/tools/r8/graph/i0;' @36  a 'com/android/tools/r8/graph/J0'{0x00000000bb7f9318} (0xbb7f9318)
 - public 'k' 'Lcom/android/tools/r8/graph/y2;' @40  null (0x00000000)
 - public 'l' 'Lcom/android/tools/r8/graph/k1;' @44  a 'com/android/tools/r8/graph/k1'{0x00000000a8300690} (0xa8300690)
 - public 'm' 'Lcom/android/tools/r8/internal/MV;' @48  a 'com/android/tools/r8/internal/bj'{0x00000000a83006a8} (0xa83006a8)
 - public 'n' 'Lcom/android/tools/r8/internal/nb;' @52  null (0x00000000)
 - public 'o' 'Lcom/android/tools/r8/androidapi/f;' @56  a 'com/android/tools/r8/androidapi/g'{0x00000000a83007c0} (0xa83007c0)
 - public 'p' 'Lcom/android/tools/r8/kotlin/d0;' @60  a 'com/android/tools/r8/kotlin/a0'{0x00000000a8300738} (0xa8300738)
 - public 'q' 'Lcom/android/tools/r8/graph/E3$g;' @64  a 'com/android/tools/r8/graph/E3$g'{0x00000000a83005b8} (0xa83005b8)
 - public 'r' 'Lcom/android/tools/r8/internal/i30;' @68  a 'com/android/tools/r8/internal/h30'{0x00000000a83005f0} (0xa83005f0)
 - public 's' 'Lcom/android/tools/r8/internal/hG;' @72  a 'com/android/tools/r8/internal/VF'{0x00000000a8b988f8} (0xa8b988f8)
stack at sp + 6 slots: 0x00007ffcc0fac97f jvm.dll
stack at sp + 7 slots: 0x000001bb4e53dda0 points into unknown readable memory: 0x00007ffcc16816b8 | b8 16 68 c1 fc 7f 00 00


---------------  P R O C E S S  ---------------

Threads class SMR info:
_java_thread_list=0x000001bb4ce26150, length=142, elements={
0x000001bb4e3e4260, 0x000001bb6c37d5d0, 0x000001bb6c380ba0, 0x000001bb6c382700,
0x000001bb6c384170, 0x000001bb6c385370, 0x000001bb6c385dd0, 0x000001bb6c386b60,
0x000001bb6c389dc0, 0x000001bb451b98d0, 0x000001bb4530d8c0, 0x000001bb46b37560,
0x000001bb46cc7840, 0x000001bb45dc0cd0, 0x000001bb46c4f260, 0x000001bb46c500e0,
0x000001bb46d08d40, 0x000001bb46d0ae10, 0x000001bb46d0a0f0, 0x000001bb46d09a60,
0x000001bb46d07990, 0x000001bb46d08020, 0x000001bb46d093d0, 0x000001bb46d086b0,
0x000001bb45f128b0, 0x000001bb45f156a0, 0x000001bb45f19ed0, 0x000001bb45f163c0,
0x000001bb45f191b0, 0x000001bb45f13c60, 0x000001bb45f18490, 0x000001bb45f17770,
0x000001bb45f17e00, 0x000001bb452273a0, 0x000001bb452245b0, 0x000001bb45225960,
0x000001bb45227a30, 0x000001bb452280c0, 0x000001bb452224e0, 0x000001bb45228750,
0x000001bb45225ff0, 0x000001bb452217c0, 0x000001bb45228de0, 0x000001bb45226680,
0x000001bb45221e50, 0x000001bb45223890, 0x000001bb45223f20, 0x000001bb45224c40,
0x000001bb452252d0, 0x000001bb45226d10, 0x000001bb4542a9f0, 0x000001bb4542de70,
0x000001bb45426ee0, 0x000001bb4542c430, 0x000001bb45427570, 0x000001bb489bb5f0,
0x000001bb489b7ae0, 0x000001bb489b6dc0, 0x000001bb489bbc80, 0x000001bb489b8e90,
0x000001bb489b9520, 0x000001bb489b8170, 0x000001bb489bc310, 0x000001bb489bc9a0,
0x000001bb489bd030, 0x000001bb489b9bb0, 0x000001bb489ba240, 0x000001bb489baf60,
0x000001bb4c3546f0, 0x000001bb4c354060, 0x000001bb4c354d80, 0x000001bb4c355410,
0x000001bb4c352cb0, 0x000001bb4c357b70, 0x000001bb4c358200, 0x000001bb4c358890,
0x000001bb4c358f20, 0x000001bb4c2015a0, 0x000001bb4c200f10, 0x000001bb4c356130,
0x000001bb4c352620, 0x000001bb4c2022c0, 0x000001bb4aab5230, 0x000001bb4aaafce0,
0x000001bb4aab0370, 0x000001bb4aab1db0, 0x000001bb4aaaefc0, 0x000001bb4aab2440,
0x000001bb4aab2ad0, 0x000001bb4aab3160, 0x000001bb4aab4ba0, 0x000001bb4aab4510,
0x000001bb4c201c30, 0x000001bb4c202950, 0x000001bb4c202fe0, 0x000001bb4c200880,
0x000001bb4c203670, 0x000001bb4c359c40, 0x000001bb4c356e50, 0x000001bb4c353340,
0x000001bb4c3539d0, 0x000001bb4c3574e0, 0x000001bb4a9f66e0, 0x000001bb4a9f8e40,
0x000001bb4ae010f0, 0x000001bb4adfe300, 0x000001bb4adfcf50, 0x000001bb4ae024a0,
0x000001bb4ae03850, 0x000001bb4ae01780, 0x000001bb4adfe990, 0x000001bb4adfd5e0,
0x000001bb4adfdc70, 0x000001bb4adff020, 0x000001bb4ae02b30, 0x000001bb4ae01e10,
0x000001bb4adff6b0, 0x000001bb4ae03ee0, 0x000001bb4ae031c0, 0x000001bb4adffd40,
0x000001bb4ae003d0, 0x000001bb4ae00a60, 0x000001bb4ae04570, 0x000001bb4d1d8280,
0x000001bb4d1df8a0, 0x000001bb4d1dd7d0, 0x000001bb4d1dbd90, 0x000001bb4d1dde60,
0x000001bb4d1db070, 0x000001bb4d1dc420, 0x000001bb4d1dcab0, 0x000001bb4a9f7a90,
0x000001bb4a9f8120, 0x000001bb4a9f6d70, 0x000001bb4d1e40d0, 0x000001bb4d1e6ec0,
0x000001bb4d1e5b10, 0x000001bb4d1e4760, 0x000001bb4d1dff30, 0x000001bb4d1da350,
0x000001bb4d1dd140, 0x000001bb4d1df210
}

Java Threads: ( => current thread )
  0x000001bb4e3e4260 JavaThread "main"                              [_thread_blocked, id=13252, stack(0x0000009344b00000,0x0000009344c00000) (1024K)]
  0x000001bb6c37d5d0 JavaThread "Reference Handler"          daemon [_thread_blocked, id=17580, stack(0x0000009345300000,0x0000009345400000) (1024K)]
  0x000001bb6c380ba0 JavaThread "Finalizer"                  daemon [_thread_blocked, id=940, stack(0x0000009345400000,0x0000009345500000) (1024K)]
  0x000001bb6c382700 JavaThread "Signal Dispatcher"          daemon [_thread_blocked, id=23124, stack(0x0000009345500000,0x0000009345600000) (1024K)]
  0x000001bb6c384170 JavaThread "Attach Listener"            daemon [_thread_blocked, id=20456, stack(0x0000009345600000,0x0000009345700000) (1024K)]
  0x000001bb6c385370 JavaThread "Service Thread"             daemon [_thread_blocked, id=24128, stack(0x0000009345700000,0x0000009345800000) (1024K)]
  0x000001bb6c385dd0 JavaThread "Monitor Deflation Thread"   daemon [_thread_blocked, id=21184, stack(0x0000009345800000,0x0000009345900000) (1024K)]
  0x000001bb6c386b60 JavaThread "C2 CompilerThread0"         daemon [_thread_in_native, id=18528, stack(0x0000009345900000,0x0000009345a00000) (1024K)]
  0x000001bb6c389dc0 JavaThread "C1 CompilerThread0"         daemon [_thread_blocked, id=17484, stack(0x0000009345a00000,0x0000009345b00000) (1024K)]
  0x000001bb451b98d0 JavaThread "Common-Cleaner"             daemon [_thread_blocked, id=10604, stack(0x0000009345b00000,0x0000009345c00000) (1024K)]
  0x000001bb4530d8c0 JavaThread "Notification Thread"        daemon [_thread_blocked, id=14668, stack(0x0000009345c00000,0x0000009345d00000) (1024K)]
  0x000001bb46b37560 JavaThread "Daemon health stats"               [_thread_blocked, id=17568, stack(0x0000009346100000,0x0000009346200000) (1024K)]
  0x000001bb46cc7840 JavaThread "Incoming local TCP Connector on port 64606"        [_thread_in_native, id=11820, stack(0x0000009346500000,0x0000009346600000) (1024K)]
  0x000001bb45dc0cd0 JavaThread "Daemon periodic checks"            [_thread_blocked, id=17096, stack(0x0000009346600000,0x0000009346700000) (1024K)]
  0x000001bb46c4f260 JavaThread "Daemon"                            [_thread_blocked, id=12580, stack(0x0000009346700000,0x0000009346800000) (1024K)]
  0x000001bb46c500e0 JavaThread "Handler for socket connection from /127.0.0.1:64606 to /127.0.0.1:64607"        [_thread_in_native, id=19660, stack(0x0000009346800000,0x0000009346900000) (1024K)]
  0x000001bb46d08d40 JavaThread "Cancel handler"                    [_thread_blocked, id=18496, stack(0x0000009346900000,0x0000009346a00000) (1024K)]
  0x000001bb46d0ae10 JavaThread "Daemon worker"                     [_thread_blocked, id=10468, stack(0x0000009346a00000,0x0000009346b00000) (1024K)]
  0x000001bb46d0a0f0 JavaThread "Asynchronous log dispatcher for DefaultDaemonConnection: socket connection from /127.0.0.1:64606 to /127.0.0.1:64607"        [_thread_blocked, id=22192, stack(0x0000009346b00000,0x0000009346c00000) (1024K)]
  0x000001bb46d09a60 JavaThread "Stdin handler"                     [_thread_blocked, id=22836, stack(0x0000009346c00000,0x0000009346d00000) (1024K)]
  0x000001bb46d07990 JavaThread "Daemon client event forwarder"        [_thread_blocked, id=20240, stack(0x0000009346d00000,0x0000009346e00000) (1024K)]
  0x000001bb46d08020 JavaThread "Cache worker for journal cache (C:\Users\SOLUSINDO\.gradle\caches\journal-1)"        [_thread_blocked, id=11124, stack(0x0000009346e00000,0x0000009346f00000) (1024K)]
  0x000001bb46d093d0 JavaThread "File lock request listener"        [_thread_in_native, id=20940, stack(0x0000009346f00000,0x0000009347000000) (1024K)]
  0x000001bb46d086b0 JavaThread "Cache worker for file hash cache (C:\Users\SOLUSINDO\.gradle\caches\8.10.2\fileHashes)"        [_thread_blocked, id=3368, stack(0x0000009347000000,0x0000009347100000) (1024K)]
  0x000001bb45f128b0 JavaThread "Cache worker for file hash cache (C:\NAZILA\KULIAH\SEM 5\WMC\RemoteLamp (1)\New folder\RemoteLamp(2)\RemoteLamp\.gradle\8.10.2\fileHashes)"        [_thread_blocked, id=17016, stack(0x0000009347200000,0x0000009347300000) (1024K)]
  0x000001bb45f156a0 JavaThread "Cache worker for Build Output Cleanup Cache (C:\NAZILA\KULIAH\SEM 5\WMC\RemoteLamp (1)\New folder\RemoteLamp(2)\RemoteLamp\.gradle\buildOutputCleanup)"        [_thread_blocked, id=18824, stack(0x0000009347300000,0x0000009347400000) (1024K)]
  0x000001bb45f19ed0 JavaThread "File watcher server"        daemon [_thread_in_native, id=11300, stack(0x0000009347500000,0x0000009347600000) (1024K)]
  0x000001bb45f163c0 JavaThread "File watcher consumer"      daemon [_thread_blocked, id=19732, stack(0x0000009347600000,0x0000009347700000) (1024K)]
  0x000001bb45f191b0 JavaThread "Cache worker for checksums cache (C:\NAZILA\KULIAH\SEM 5\WMC\RemoteLamp (1)\New folder\RemoteLamp(2)\RemoteLamp\.gradle\8.10.2\checksums)"        [_thread_blocked, id=11640, stack(0x0000009347700000,0x0000009347800000) (1024K)]
  0x000001bb45f13c60 JavaThread "Cache worker for file content cache (C:\Users\SOLUSINDO\.gradle\caches\8.10.2\fileContent)"        [_thread_blocked, id=1256, stack(0x0000009347800000,0x0000009347900000) (1024K)]
  0x000001bb45f18490 JavaThread "Cache worker for cache directory md-rule (C:\Users\SOLUSINDO\.gradle\caches\8.10.2\md-rule)"        [_thread_blocked, id=12524, stack(0x0000009347900000,0x0000009347a00000) (1024K)]
  0x000001bb45f17770 JavaThread "Cache worker for cache directory md-supplier (C:\Users\SOLUSINDO\.gradle\caches\8.10.2\md-supplier)"        [_thread_blocked, id=18512, stack(0x0000009347a00000,0x0000009347b00000) (1024K)]
  0x000001bb45f17e00 JavaThread "Unconstrained build operations"        [_thread_blocked, id=23032, stack(0x0000009347100000,0x0000009347200000) (1024K)]
  0x000001bb452273a0 JavaThread "Unconstrained build operations Thread 2"        [_thread_blocked, id=6660, stack(0x0000009347b00000,0x0000009347c00000) (1024K)]
  0x000001bb452245b0 JavaThread "Unconstrained build operations Thread 3"        [_thread_blocked, id=5568, stack(0x0000009347c00000,0x0000009347d00000) (1024K)]
  0x000001bb45225960 JavaThread "Unconstrained build operations Thread 4"        [_thread_blocked, id=21224, stack(0x0000009347d00000,0x0000009347e00000) (1024K)]
  0x000001bb45227a30 JavaThread "Unconstrained build operations Thread 5"        [_thread_blocked, id=17736, stack(0x0000009347e00000,0x0000009347f00000) (1024K)]
  0x000001bb452280c0 JavaThread "Unconstrained build operations Thread 6"        [_thread_blocked, id=20412, stack(0x0000009347f00000,0x0000009348000000) (1024K)]
  0x000001bb452224e0 JavaThread "Unconstrained build operations Thread 7"        [_thread_blocked, id=22276, stack(0x0000009348000000,0x0000009348100000) (1024K)]
  0x000001bb45228750 JavaThread "Unconstrained build operations Thread 8"        [_thread_blocked, id=6464, stack(0x0000009348100000,0x0000009348200000) (1024K)]
  0x000001bb45225ff0 JavaThread "Unconstrained build operations Thread 9"        [_thread_blocked, id=8452, stack(0x0000009348200000,0x0000009348300000) (1024K)]
  0x000001bb452217c0 JavaThread "Unconstrained build operations Thread 10"        [_thread_blocked, id=24320, stack(0x0000009348300000,0x0000009348400000) (1024K)]
  0x000001bb45228de0 JavaThread "Unconstrained build operations Thread 11"        [_thread_blocked, id=2920, stack(0x0000009348400000,0x0000009348500000) (1024K)]
  0x000001bb45226680 JavaThread "Unconstrained build operations Thread 12"        [_thread_blocked, id=20152, stack(0x0000009348500000,0x0000009348600000) (1024K)]
  0x000001bb45221e50 JavaThread "Unconstrained build operations Thread 13"        [_thread_blocked, id=18436, stack(0x0000009348600000,0x0000009348700000) (1024K)]
  0x000001bb45223890 JavaThread "Unconstrained build operations Thread 14"        [_thread_blocked, id=22228, stack(0x0000009348700000,0x0000009348800000) (1024K)]
  0x000001bb45223f20 JavaThread "Unconstrained build operations Thread 15"        [_thread_blocked, id=13624, stack(0x0000009348800000,0x0000009348900000) (1024K)]
  0x000001bb45224c40 JavaThread "Unconstrained build operations Thread 16"        [_thread_blocked, id=18708, stack(0x0000009348900000,0x0000009348a00000) (1024K)]
  0x000001bb452252d0 JavaThread "Unconstrained build operations Thread 17"        [_thread_blocked, id=9308, stack(0x0000009348a00000,0x0000009348b00000) (1024K)]
  0x000001bb45226d10 JavaThread "Unconstrained build operations Thread 18"        [_thread_blocked, id=19912, stack(0x0000009348b00000,0x0000009348c00000) (1024K)]
  0x000001bb4542a9f0 JavaThread "Unconstrained build operations Thread 19"        [_thread_blocked, id=24272, stack(0x0000009348c00000,0x0000009348d00000) (1024K)]
  0x000001bb4542de70 JavaThread "Unconstrained build operations Thread 20"        [_thread_blocked, id=13836, stack(0x0000009348d00000,0x0000009348e00000) (1024K)]
  0x000001bb45426ee0 JavaThread "Unconstrained build operations Thread 21"        [_thread_blocked, id=13568, stack(0x0000009348e00000,0x0000009348f00000) (1024K)]
  0x000001bb4542c430 JavaThread "Memory manager"                    [_thread_blocked, id=14024, stack(0x0000009348f00000,0x0000009349000000) (1024K)]
  0x000001bb45427570 JavaThread "build event listener"              [_thread_blocked, id=17548, stack(0x0000009349000000,0x0000009349100000) (1024K)]
  0x000001bb489bb5f0 JavaThread "included builds"                   [_thread_blocked, id=12984, stack(0x0000009349100000,0x0000009349200000) (1024K)]
  0x000001bb489b7ae0 JavaThread "Execution worker"                  [_thread_blocked, id=20068, stack(0x0000009349200000,0x0000009349300000) (1024K)]
  0x000001bb489b6dc0 JavaThread "Execution worker Thread 2"         [_thread_in_vm, id=18472, stack(0x0000009349300000,0x0000009349400000) (1024K)]
  0x000001bb489bbc80 JavaThread "Execution worker Thread 3"         [_thread_blocked, id=22924, stack(0x0000009349400000,0x0000009349500000) (1024K)]
  0x000001bb489b8e90 JavaThread "Execution worker Thread 4"         [_thread_blocked, id=23720, stack(0x0000009349500000,0x0000009349600000) (1024K)]
  0x000001bb489b9520 JavaThread "Execution worker Thread 5"         [_thread_blocked, id=23300, stack(0x0000009349600000,0x0000009349700000) (1024K)]
  0x000001bb489b8170 JavaThread "Execution worker Thread 6"         [_thread_blocked, id=18600, stack(0x0000009349700000,0x0000009349800000) (1024K)]
  0x000001bb489bc310 JavaThread "Execution worker Thread 7"         [_thread_blocked, id=23856, stack(0x0000009349800000,0x0000009349900000) (1024K)]
  0x000001bb489bc9a0 JavaThread "Cache worker for execution history cache (C:\NAZILA\KULIAH\SEM 5\WMC\RemoteLamp (1)\New folder\RemoteLamp(2)\RemoteLamp\.gradle\8.10.2\executionHistory)"        [_thread_blocked, id=5108, stack(0x0000009349900000,0x0000009349a00000) (1024K)]
  0x000001bb489bd030 JavaThread "Unconstrained build operations Thread 22"        [_thread_blocked, id=23964, stack(0x0000009349b00000,0x0000009349c00000) (1024K)]
  0x000001bb489b9bb0 JavaThread "Unconstrained build operations Thread 23"        [_thread_blocked, id=15720, stack(0x0000009349c00000,0x0000009349d00000) (1024K)]
  0x000001bb489ba240 JavaThread "Unconstrained build operations Thread 24"        [_thread_blocked, id=17504, stack(0x0000009349d00000,0x0000009349e00000) (1024K)]
  0x000001bb489baf60 JavaThread "Unconstrained build operations Thread 25"        [_thread_blocked, id=16712, stack(0x0000009349e00000,0x0000009349f00000) (1024K)]
  0x000001bb4c3546f0 JavaThread "Unconstrained build operations Thread 26"        [_thread_blocked, id=24036, stack(0x0000009349f00000,0x000000934a000000) (1024K)]
  0x000001bb4c354060 JavaThread "Unconstrained build operations Thread 27"        [_thread_blocked, id=21084, stack(0x000000934a000000,0x000000934a100000) (1024K)]
  0x000001bb4c354d80 JavaThread "Unconstrained build operations Thread 28"        [_thread_blocked, id=13660, stack(0x000000934a100000,0x000000934a200000) (1024K)]
  0x000001bb4c355410 JavaThread "WorkerExecutor Queue"              [_thread_blocked, id=15068, stack(0x000000934a200000,0x000000934a300000) (1024K)]
  0x000001bb4c352cb0 JavaThread "Unconstrained build operations Thread 29"        [_thread_blocked, id=21336, stack(0x000000934a300000,0x000000934a400000) (1024K)]
  0x000001bb4c357b70 JavaThread "Unconstrained build operations Thread 30"        [_thread_blocked, id=18816, stack(0x000000934a400000,0x000000934a500000) (1024K)]
  0x000001bb4c358200 JavaThread "Unconstrained build operations Thread 31"        [_thread_blocked, id=4628, stack(0x000000934a500000,0x000000934a600000) (1024K)]
  0x000001bb4c358890 JavaThread "Unconstrained build operations Thread 32"        [_thread_blocked, id=21480, stack(0x000000934a600000,0x000000934a700000) (1024K)]
  0x000001bb4c358f20 JavaThread "Unconstrained build operations Thread 33"        [_thread_blocked, id=24560, stack(0x000000934a700000,0x000000934a800000) (1024K)]
  0x000001bb4c2015a0 JavaThread "Unconstrained build operations Thread 34"        [_thread_blocked, id=3564, stack(0x000000934a800000,0x000000934a900000) (1024K)]
  0x000001bb4c200f10 JavaThread "Unconstrained build operations Thread 35"        [_thread_blocked, id=19644, stack(0x000000934a900000,0x000000934aa00000) (1024K)]
  0x000001bb4c356130 JavaThread "WorkerExecutor Queue Thread 2"        [_thread_blocked, id=20944, stack(0x0000009344900000,0x0000009344a00000) (1024K)]
  0x000001bb4c352620 JavaThread "WorkerExecutor Queue Thread 3"        [_thread_blocked, id=17824, stack(0x0000009344a00000,0x0000009344b00000) (1024K)]
  0x000001bb4c2022c0 JavaThread "WorkerExecutor Queue Thread 4"        [_thread_blocked, id=22244, stack(0x0000009349a00000,0x0000009349b00000) (1024K)]
  0x000001bb4aab5230 JavaThread "WorkerExecutor Queue Thread 6"        [_thread_blocked, id=568, stack(0x000000934ab00000,0x000000934ac00000) (1024K)]
  0x000001bb4aaafce0 JavaThread "WorkerExecutor Queue Thread 7"        [_thread_blocked, id=14036, stack(0x000000934ac00000,0x000000934ad00000) (1024K)]
  0x000001bb4aab0370 JavaThread "WorkerExecutor Queue Thread 8"        [_thread_blocked, id=24512, stack(0x000000934ad00000,0x000000934ae00000) (1024K)]
  0x000001bb4aab1db0 JavaThread "Unconstrained build operations Thread 36"        [_thread_blocked, id=22616, stack(0x000000934af00000,0x000000934b000000) (1024K)]
  0x000001bb4aaaefc0 JavaThread "Unconstrained build operations Thread 37"        [_thread_blocked, id=13176, stack(0x000000934b000000,0x000000934b100000) (1024K)]
  0x000001bb4aab2440 JavaThread "Unconstrained build operations Thread 38"        [_thread_blocked, id=23752, stack(0x000000934b100000,0x000000934b200000) (1024K)]
  0x000001bb4aab2ad0 JavaThread "Unconstrained build operations Thread 39"        [_thread_blocked, id=14596, stack(0x000000934b200000,0x000000934b300000) (1024K)]
  0x000001bb4aab3160 JavaThread "Unconstrained build operations Thread 40"        [_thread_blocked, id=23548, stack(0x000000934b300000,0x000000934b400000) (1024K)]
  0x000001bb4aab4ba0 JavaThread "Unconstrained build operations Thread 41"        [_thread_blocked, id=21712, stack(0x000000934b400000,0x000000934b500000) (1024K)]
  0x000001bb4aab4510 JavaThread "Unconstrained build operations Thread 42"        [_thread_blocked, id=6532, stack(0x000000934b500000,0x000000934b600000) (1024K)]
  0x000001bb4c201c30 JavaThread "Unconstrained build operations Thread 43"        [_thread_blocked, id=18564, stack(0x000000934b600000,0x000000934b700000) (1024K)]
  0x000001bb4c202950 JavaThread "Unconstrained build operations Thread 44"        [_thread_blocked, id=11440, stack(0x000000934b700000,0x000000934b800000) (1024K)]
  0x000001bb4c202fe0 JavaThread "Unconstrained build operations Thread 45"        [_thread_blocked, id=14232, stack(0x000000934b800000,0x000000934b900000) (1024K)]
  0x000001bb4c200880 JavaThread "Unconstrained build operations Thread 46"        [_thread_blocked, id=9720, stack(0x000000934b900000,0x000000934ba00000) (1024K)]
  0x000001bb4c203670 JavaThread "Unconstrained build operations Thread 47"        [_thread_blocked, id=19144, stack(0x000000934ba00000,0x000000934bb00000) (1024K)]
  0x000001bb4c359c40 JavaThread "Unconstrained build operations Thread 48"        [_thread_blocked, id=17832, stack(0x000000934bb00000,0x000000934bc00000) (1024K)]
  0x000001bb4c356e50 JavaThread "Unconstrained build operations Thread 49"        [_thread_blocked, id=23496, stack(0x000000934bc00000,0x000000934bd00000) (1024K)]
  0x000001bb4c353340 JavaThread "Unconstrained build operations Thread 50"        [_thread_blocked, id=22052, stack(0x000000934bd00000,0x000000934be00000) (1024K)]
  0x000001bb4c3539d0 JavaThread "Unconstrained build operations Thread 51"        [_thread_blocked, id=3036, stack(0x000000934be00000,0x000000934bf00000) (1024K)]
  0x000001bb4c3574e0 JavaThread "Unconstrained build operations Thread 52"        [_thread_blocked, id=22868, stack(0x000000934bf00000,0x000000934c000000) (1024K)]
  0x000001bb4a9f66e0 JavaThread "Unconstrained build operations Thread 53"        [_thread_blocked, id=5668, stack(0x000000934c100000,0x000000934c200000) (1024K)]
  0x000001bb4a9f8e40 JavaThread "Unconstrained build operations Thread 54"        [_thread_blocked, id=5904, stack(0x000000934c200000,0x000000934c300000) (1024K)]
  0x000001bb4ae010f0 JavaThread "Unconstrained build operations Thread 55"        [_thread_blocked, id=2932, stack(0x000000934c300000,0x000000934c400000) (1024K)]
  0x000001bb4adfe300 JavaThread "Unconstrained build operations Thread 56"        [_thread_blocked, id=12084, stack(0x000000934c400000,0x000000934c500000) (1024K)]
  0x000001bb4adfcf50 JavaThread "Unconstrained build operations Thread 57"        [_thread_blocked, id=21988, stack(0x000000934c500000,0x000000934c600000) (1024K)]
  0x000001bb4ae024a0 JavaThread "Unconstrained build operations Thread 58"        [_thread_blocked, id=4404, stack(0x000000934c600000,0x000000934c700000) (1024K)]
  0x000001bb4ae03850 JavaThread "Unconstrained build operations Thread 59"        [_thread_blocked, id=6512, stack(0x000000934c700000,0x000000934c800000) (1024K)]
  0x000001bb4ae01780 JavaThread "Unconstrained build operations Thread 60"        [_thread_blocked, id=12596, stack(0x000000934c800000,0x000000934c900000) (1024K)]
  0x000001bb4adfe990 JavaThread "Unconstrained build operations Thread 61"        [_thread_blocked, id=2696, stack(0x000000934c900000,0x000000934ca00000) (1024K)]
  0x000001bb4adfd5e0 JavaThread "Unconstrained build operations Thread 62"        [_thread_blocked, id=6016, stack(0x000000934ca00000,0x000000934cb00000) (1024K)]
  0x000001bb4adfdc70 JavaThread "Unconstrained build operations Thread 63"        [_thread_blocked, id=18036, stack(0x000000934cb00000,0x000000934cc00000) (1024K)]
  0x000001bb4adff020 JavaThread "Unconstrained build operations Thread 64"        [_thread_blocked, id=11476, stack(0x000000934cc00000,0x000000934cd00000) (1024K)]
  0x000001bb4ae02b30 JavaThread "Unconstrained build operations Thread 65"        [_thread_blocked, id=19712, stack(0x000000934cd00000,0x000000934ce00000) (1024K)]
  0x000001bb4ae01e10 JavaThread "Unconstrained build operations Thread 66"        [_thread_blocked, id=24168, stack(0x000000934ce00000,0x000000934cf00000) (1024K)]
  0x000001bb4adff6b0 JavaThread "WorkerExecutor Queue Thread 9"        [_thread_in_Java, id=20636, stack(0x000000934cf00000,0x000000934d000000) (1024K)]
  0x000001bb4ae03ee0 JavaThread "Unconstrained build operations Thread 67"        [_thread_blocked, id=8456, stack(0x000000934d000000,0x000000934d100000) (1024K)]
  0x000001bb4ae031c0 JavaThread "Unconstrained build operations Thread 68"        [_thread_blocked, id=21760, stack(0x000000934d100000,0x000000934d200000) (1024K)]
  0x000001bb4adffd40 JavaThread "Unconstrained build operations Thread 69"        [_thread_blocked, id=22360, stack(0x000000934d200000,0x000000934d300000) (1024K)]
  0x000001bb4ae003d0 JavaThread "Unconstrained build operations Thread 70"        [_thread_blocked, id=3304, stack(0x000000934d300000,0x000000934d400000) (1024K)]
  0x000001bb4ae00a60 JavaThread "Unconstrained build operations Thread 71"        [_thread_blocked, id=4744, stack(0x000000934d400000,0x000000934d500000) (1024K)]
  0x000001bb4ae04570 JavaThread "Unconstrained build operations Thread 72"        [_thread_blocked, id=23680, stack(0x000000934d500000,0x000000934d600000) (1024K)]
  0x000001bb4d1d8280 JavaThread "Unconstrained build operations Thread 73"        [_thread_blocked, id=8084, stack(0x000000934d600000,0x000000934d700000) (1024K)]
  0x000001bb4d1df8a0 JavaThread "Unconstrained build operations Thread 74"        [_thread_blocked, id=11184, stack(0x000000934d700000,0x000000934d800000) (1024K)]
  0x000001bb4d1dd7d0 JavaThread "Unconstrained build operations Thread 75"        [_thread_blocked, id=23628, stack(0x000000934d800000,0x000000934d900000) (1024K)]
  0x000001bb4d1dbd90 JavaThread "Unconstrained build operations Thread 76"        [_thread_blocked, id=23556, stack(0x000000934d900000,0x000000934da00000) (1024K)]
  0x000001bb4d1dde60 JavaThread "Unconstrained build operations Thread 77"        [_thread_blocked, id=11336, stack(0x000000934da00000,0x000000934db00000) (1024K)]
  0x000001bb4d1db070 JavaThread "Unconstrained build operations Thread 78"        [_thread_blocked, id=23912, stack(0x000000934db00000,0x000000934dc00000) (1024K)]
  0x000001bb4d1dc420 JavaThread "Unconstrained build operations Thread 79"        [_thread_blocked, id=23772, stack(0x000000934dc00000,0x000000934dd00000) (1024K)]
  0x000001bb4d1dcab0 JavaThread "Unconstrained build operations Thread 80"        [_thread_blocked, id=7944, stack(0x000000934dd00000,0x000000934de00000) (1024K)]
  0x000001bb4a9f7a90 JavaThread "pool-3-thread-1"                   [_thread_blocked, id=7844, stack(0x000000934aa00000,0x000000934ab00000) (1024K)]
  0x000001bb4a9f8120 JavaThread "stderr"                            [_thread_in_native, id=20356, stack(0x000000934de00000,0x000000934df00000) (1024K)]
  0x000001bb4a9f6d70 JavaThread "stdout"                            [_thread_in_native, id=18640, stack(0x000000934df00000,0x000000934e000000) (1024K)]
  0x000001bb4d1e40d0 JavaThread "ForkJoinPool-1-worker-1"    daemon [_thread_blocked, id=19916, stack(0x000000934e000000,0x000000934e100000) (1024K)]
  0x000001bb4d1e6ec0 JavaThread "ForkJoinPool-1-worker-2"    daemon [_thread_blocked, id=19676, stack(0x000000934e100000,0x000000934e200000) (1024K)]
  0x000001bb4d1e5b10 JavaThread "ForkJoinPool-1-worker-3"    daemon [_thread_blocked, id=21740, stack(0x000000934e200000,0x000000934e300000) (1024K)]
  0x000001bb4d1e4760 JavaThread "ForkJoinPool-1-worker-4"    daemon [_thread_blocked, id=14208, stack(0x000000934e300000,0x000000934e400000) (1024K)]
  0x000001bb4d1dff30 JavaThread "ForkJoinPool-1-worker-5"    daemon [_thread_blocked, id=21176, stack(0x000000934e400000,0x000000934e500000) (1024K)]
  0x000001bb4d1da350 JavaThread "ForkJoinPool-1-worker-6"    daemon [_thread_blocked, id=22976, stack(0x000000934e500000,0x000000934e600000) (1024K)]
  0x000001bb4d1dd140 JavaThread "ForkJoinPool-1-worker-7"    daemon [_thread_blocked, id=19064, stack(0x000000934e600000,0x000000934e700000) (1024K)]
  0x000001bb4d1df210 JavaThread "ForkJoinPool-1-worker-8"    daemon [_thread_blocked, id=23044, stack(0x000000934e700000,0x000000934e800000) (1024K)]
Total: 142

Other Threads:
  0x000001bb6c35c600 VMThread "VM Thread"                           [id=13308, stack(0x0000009345200000,0x0000009345300000) (1024K)]
  0x000001bb6c3445e0 WatcherThread "VM Periodic Task Thread"        [id=22428, stack(0x0000009345100000,0x0000009345200000) (1024K)]
  0x000001bb4e52ee30 WorkerThread "GC Thread#0"                     [id=21352, stack(0x0000009344c00000,0x0000009344d00000) (1024K)]
  0x000001bb45a050a0 WorkerThread "GC Thread#1"                     [id=18768, stack(0x0000009345e00000,0x0000009345f00000) (1024K)]
  0x000001bb459d9900 WorkerThread "GC Thread#2"                     [id=22772, stack(0x0000009345f00000,0x0000009346000000) (1024K)]
  0x000001bb45602040 WorkerThread "GC Thread#3"                     [id=12212, stack(0x0000009346000000,0x0000009346100000) (1024K)]
  0x000001bb45d66c10 WorkerThread "GC Thread#4"                     [id=23928, stack(0x0000009345d00000,0x0000009345e00000) (1024K)]
  0x000001bb468bc2a0 WorkerThread "GC Thread#5"                     [id=21148, stack(0x0000009346200000,0x0000009346300000) (1024K)]
  0x000001bb46a85070 WorkerThread "GC Thread#6"                     [id=9116, stack(0x0000009346300000,0x0000009346400000) (1024K)]
  0x000001bb46a85420 WorkerThread "GC Thread#7"                     [id=19352, stack(0x0000009346400000,0x0000009346500000) (1024K)]
  0x000001bb4e53bd30 ConcurrentGCThread "G1 Main Marker"            [id=5240, stack(0x0000009344d00000,0x0000009344e00000) (1024K)]
=>0x000001bb4e53c900 WorkerThread "G1 Conc#0"                       [id=15492, stack(0x0000009344e00000,0x0000009344f00000) (1024K)]
  0x000001bb4949aa60 WorkerThread "G1 Conc#1"                       [id=1784, stack(0x0000009347400000,0x0000009347500000) (1024K)]
  0x000001bb6c209500 ConcurrentGCThread "G1 Refine#0"               [id=12436, stack(0x0000009344f00000,0x0000009345000000) (1024K)]
  0x000001bb6c209e90 ConcurrentGCThread "G1 Service"                [id=17280, stack(0x0000009345000000,0x0000009345100000) (1024K)]
Total: 15

Threads with active compile tasks:
C2 CompilerThread0  130534 20559       4       com.android.tools.r8.internal.vs0::a (316 bytes)
Total: 1

VM state: not at safepoint (normal execution)

VM Mutex/Monitor currently owned by a thread: None

Heap address: 0x00000000a0000000, size: 1536 MB, Compressed Oops mode: 32-bit

CDS archive(s) mapped at: [0x000001bb00000000-0x000001bb00c60000-0x000001bb00c60000), size 12976128, SharedBaseAddress: 0x000001bb00000000, ArchiveRelocationMode: 1.
Compressed class space mapped at: 0x000001bb01000000-0x000001bb41000000, reserved size: 1073741824
Narrow klass base: 0x000001bb00000000, Narrow klass shift: 0, Narrow klass range: 0x41000000

GC Precious Log:
 CardTable entry size: 512
 Card Set container configuration: InlinePtr #cards 5 size 8 Array Of Cards #cards 12 size 40 Howl #buckets 4 coarsen threshold 1843 Howl Bitmap #cards 512 size 80 coarsen threshold 460 Card regions per heap region 1 cards per card region 2048
 CPUs: 8 total, 8 available
 Memory: 8070M
 Large Page Support: Disabled
 NUMA Support: Disabled
 Compressed Oops: Enabled (32-bit)
 Heap Region Size: 1M
 Heap Min Capacity: 8M
 Heap Initial Capacity: 128M
 Heap Max Capacity: 1536M
 Pre-touch: Disabled
 Parallel Workers: 8
 Concurrent Workers: 2
 Concurrent Refinement Workers: 8
 Periodic GC: Disabled

Heap:
 garbage-first heap   total reserved 1572864K, committed 979968K, used 761416K [0x00000000a0000000, 0x0000000100000000)
  region size 1024K, 69 young (70656K), 8 survivors (8192K)
 Metaspace       used 117105K, committed 119424K, reserved 1179648K
  class space    used 16464K, committed 17600K, reserved 1048576K

Heap Regions: E=young(eden), S=young(survivor), O=old, HS=humongous(starts), HC=humongous(continues), CS=collection set, F=free, TAMS=top-at-mark-start, PB=parsable bottom
|   0|0x00000000a0000000, 0x00000000a0100000, 0x00000000a0100000|100%|HS|  |TAMS 0x00000000a0100000| PB 0x00000000a0000000| Complete |  0
|   1|0x00000000a0100000, 0x00000000a0200000, 0x00000000a0200000|100%|HC|  |TAMS 0x00000000a0200000| PB 0x00000000a0100000| Complete |  0
|   2|0x00000000a0200000, 0x00000000a0300000, 0x00000000a0300000|100%|HC|  |TAMS 0x00000000a0300000| PB 0x00000000a0200000| Complete |  0
|   3|0x00000000a0300000, 0x00000000a0400000, 0x00000000a0400000|100%|HC|  |TAMS 0x00000000a0400000| PB 0x00000000a0300000| Complete |  0
|   4|0x00000000a0400000, 0x00000000a0500000, 0x00000000a0500000|100%| O|  |TAMS 0x00000000a0500000| PB 0x00000000a0400000| Untracked |  0
|   5|0x00000000a0500000, 0x00000000a0600000, 0x00000000a0600000|100%| O|  |TAMS 0x00000000a0600000| PB 0x00000000a0500000| Untracked |  0
|   6|0x00000000a0600000, 0x00000000a0700000, 0x00000000a0700000|100%| O|  |TAMS 0x00000000a0700000| PB 0x00000000a0600000| Untracked |  0
|   7|0x00000000a0700000, 0x00000000a0800000, 0x00000000a0800000|100%| O|  |TAMS 0x00000000a0800000| PB 0x00000000a0700000| Untracked |  0
|   8|0x00000000a0800000, 0x00000000a0900000, 0x00000000a0900000|100%| O|  |TAMS 0x00000000a0900000| PB 0x00000000a0800000| Untracked |  0
|   9|0x00000000a0900000, 0x00000000a0a00000, 0x00000000a0a00000|100%| O|  |TAMS 0x00000000a0a00000| PB 0x00000000a0900000| Untracked |  0
|  10|0x00000000a0a00000, 0x00000000a0b00000, 0x00000000a0b00000|100%|HS|  |TAMS 0x00000000a0b00000| PB 0x00000000a0a00000| Complete |  0
|  11|0x00000000a0b00000, 0x00000000a0c00000, 0x00000000a0c00000|100%| O|  |TAMS 0x00000000a0c00000| PB 0x00000000a0b00000| Untracked |  0
|  12|0x00000000a0c00000, 0x00000000a0d00000, 0x00000000a0d00000|100%| O|  |TAMS 0x00000000a0d00000| PB 0x00000000a0c00000| Untracked |  0
|  13|0x00000000a0d00000, 0x00000000a0e00000, 0x00000000a0e00000|100%| O|  |TAMS 0x00000000a0e00000| PB 0x00000000a0d00000| Untracked |  0
|  14|0x00000000a0e00000, 0x00000000a0f00000, 0x00000000a0f00000|100%| O|  |TAMS 0x00000000a0f00000| PB 0x00000000a0e00000| Untracked |  0
|  15|0x00000000a0f00000, 0x00000000a1000000, 0x00000000a1000000|100%| O|  |TAMS 0x00000000a1000000| PB 0x00000000a0f00000| Untracked |  0
|  16|0x00000000a1000000, 0x00000000a1100000, 0x00000000a1100000|100%| O|  |TAMS 0x00000000a1100000| PB 0x00000000a1000000| Untracked |  0
|  17|0x00000000a1100000, 0x00000000a1200000, 0x00000000a1200000|100%| O|  |TAMS 0x00000000a1200000| PB 0x00000000a1100000| Untracked |  0
|  18|0x00000000a1200000, 0x00000000a1300000, 0x00000000a1300000|100%| O|  |TAMS 0x00000000a1300000| PB 0x00000000a1200000| Untracked |  0
|  19|0x00000000a1300000, 0x00000000a1400000, 0x00000000a1400000|100%| O|  |TAMS 0x00000000a1400000| PB 0x00000000a1300000| Untracked |  0
|  20|0x00000000a1400000, 0x00000000a1500000, 0x00000000a1500000|100%| O|  |TAMS 0x00000000a1500000| PB 0x00000000a1400000| Untracked |  0
|  21|0x00000000a1500000, 0x00000000a1600000, 0x00000000a1600000|100%| O|  |TAMS 0x00000000a1600000| PB 0x00000000a1500000| Untracked |  0
|  22|0x00000000a1600000, 0x00000000a1700000, 0x00000000a1700000|100%| O|  |TAMS 0x00000000a1700000| PB 0x00000000a1600000| Untracked |  0
|  23|0x00000000a1700000, 0x00000000a1800000, 0x00000000a1800000|100%| O|  |TAMS 0x00000000a1800000| PB 0x00000000a1700000| Untracked |  0
|  24|0x00000000a1800000, 0x00000000a1900000, 0x00000000a1900000|100%| O|  |TAMS 0x00000000a1900000| PB 0x00000000a1800000| Untracked |  0
|  25|0x00000000a1900000, 0x00000000a1a00000, 0x00000000a1a00000|100%| O|  |TAMS 0x00000000a1a00000| PB 0x00000000a1900000| Untracked |  0
|  26|0x00000000a1a00000, 0x00000000a1b00000, 0x00000000a1b00000|100%| O|  |TAMS 0x00000000a1b00000| PB 0x00000000a1a00000| Untracked |  0
|  27|0x00000000a1b00000, 0x00000000a1c00000, 0x00000000a1c00000|100%| O|  |TAMS 0x00000000a1c00000| PB 0x00000000a1b00000| Untracked |  0
|  28|0x00000000a1c00000, 0x00000000a1d00000, 0x00000000a1d00000|100%| O|  |TAMS 0x00000000a1d00000| PB 0x00000000a1c00000| Untracked |  0
|  29|0x00000000a1d00000, 0x00000000a1e00000, 0x00000000a1e00000|100%| O|  |TAMS 0x00000000a1e00000| PB 0x00000000a1d00000| Untracked |  0
|  30|0x00000000a1e00000, 0x00000000a1f00000, 0x00000000a1f00000|100%| O|  |TAMS 0x00000000a1f00000| PB 0x00000000a1e00000| Untracked |  0
|  31|0x00000000a1f00000, 0x00000000a2000000, 0x00000000a2000000|100%| O|  |TAMS 0x00000000a2000000| PB 0x00000000a1f00000| Untracked |  0
|  32|0x00000000a2000000, 0x00000000a2100000, 0x00000000a2100000|100%| O|  |TAMS 0x00000000a2100000| PB 0x00000000a2000000| Untracked |  0
|  33|0x00000000a2100000, 0x00000000a2200000, 0x00000000a2200000|100%| O|  |TAMS 0x00000000a2200000| PB 0x00000000a2100000| Untracked |  0
|  34|0x00000000a2200000, 0x00000000a2300000, 0x00000000a2300000|100%| O|  |TAMS 0x00000000a2300000| PB 0x00000000a2200000| Untracked |  0
|  35|0x00000000a2300000, 0x00000000a2400000, 0x00000000a2400000|100%|HS|  |TAMS 0x00000000a2400000| PB 0x00000000a2300000| Complete |  0
|  36|0x00000000a2400000, 0x00000000a2500000, 0x00000000a2500000|100%| O|  |TAMS 0x00000000a2500000| PB 0x00000000a2400000| Untracked |  0
|  37|0x00000000a2500000, 0x00000000a2600000, 0x00000000a2600000|100%| O|  |TAMS 0x00000000a2600000| PB 0x00000000a2500000| Untracked |  0
|  38|0x00000000a2600000, 0x00000000a2700000, 0x00000000a2700000|100%|HS|  |TAMS 0x00000000a2700000| PB 0x00000000a2600000| Complete |  0
|  39|0x00000000a2700000, 0x00000000a2800000, 0x00000000a2800000|100%| O|  |TAMS 0x00000000a2800000| PB 0x00000000a2700000| Untracked |  0
|  40|0x00000000a2800000, 0x00000000a2900000, 0x00000000a2900000|100%| O|  |TAMS 0x00000000a2900000| PB 0x00000000a2800000| Untracked |  0
|  41|0x00000000a2900000, 0x00000000a2a00000, 0x00000000a2a00000|100%| O|  |TAMS 0x00000000a2a00000| PB 0x00000000a2900000| Untracked |  0
|  42|0x00000000a2a00000, 0x00000000a2b00000, 0x00000000a2b00000|100%|HS|  |TAMS 0x00000000a2b00000| PB 0x00000000a2a00000| Complete |  0
|  43|0x00000000a2b00000, 0x00000000a2c00000, 0x00000000a2c00000|100%|HC|  |TAMS 0x00000000a2c00000| PB 0x00000000a2b00000| Complete |  0
|  44|0x00000000a2c00000, 0x00000000a2d00000, 0x00000000a2d00000|100%|HS|  |TAMS 0x00000000a2d00000| PB 0x00000000a2c00000| Complete |  0
|  45|0x00000000a2d00000, 0x00000000a2e00000, 0x00000000a2e00000|100%|HC|  |TAMS 0x00000000a2e00000| PB 0x00000000a2d00000| Complete |  0
|  46|0x00000000a2e00000, 0x00000000a2f00000, 0x00000000a2f00000|100%|HS|  |TAMS 0x00000000a2f00000| PB 0x00000000a2e00000| Complete |  0
|  47|0x00000000a2f00000, 0x00000000a3000000, 0x00000000a3000000|100%|HS|  |TAMS 0x00000000a3000000| PB 0x00000000a2f00000| Complete |  0
|  48|0x00000000a3000000, 0x00000000a3100000, 0x00000000a3100000|100%|HC|  |TAMS 0x00000000a3100000| PB 0x00000000a3000000| Complete |  0
|  49|0x00000000a3100000, 0x00000000a3200000, 0x00000000a3200000|100%|HC|  |TAMS 0x00000000a3200000| PB 0x00000000a3100000| Complete |  0
|  50|0x00000000a3200000, 0x00000000a3300000, 0x00000000a3300000|100%|HC|  |TAMS 0x00000000a3300000| PB 0x00000000a3200000| Complete |  0
|  51|0x00000000a3300000, 0x00000000a3400000, 0x00000000a3400000|100%|HS|  |TAMS 0x00000000a3400000| PB 0x00000000a3300000| Complete |  0
|  52|0x00000000a3400000, 0x00000000a3500000, 0x00000000a3500000|100%| O|  |TAMS 0x00000000a3500000| PB 0x00000000a3400000| Untracked |  0
|  53|0x00000000a3500000, 0x00000000a3600000, 0x00000000a3600000|100%|HS|  |TAMS 0x00000000a3600000| PB 0x00000000a3500000| Complete |  0
|  54|0x00000000a3600000, 0x00000000a3700000, 0x00000000a3700000|100%|HS|  |TAMS 0x00000000a3700000| PB 0x00000000a3600000| Complete |  0
|  55|0x00000000a3700000, 0x00000000a3800000, 0x00000000a3800000|100%| O|  |TAMS 0x00000000a3800000| PB 0x00000000a3700000| Untracked |  0
|  56|0x00000000a3800000, 0x00000000a3900000, 0x00000000a3900000|100%| O|  |TAMS 0x00000000a3900000| PB 0x00000000a3800000| Untracked |  0
|  57|0x00000000a3900000, 0x00000000a3a00000, 0x00000000a3a00000|100%| O|  |TAMS 0x00000000a3a00000| PB 0x00000000a3900000| Untracked |  0
|  58|0x00000000a3a00000, 0x00000000a3b00000, 0x00000000a3b00000|100%| O|  |TAMS 0x00000000a3b00000| PB 0x00000000a3a00000| Untracked |  0
|  59|0x00000000a3b00000, 0x00000000a3c00000, 0x00000000a3c00000|100%| O|  |TAMS 0x00000000a3c00000| PB 0x00000000a3b00000| Untracked |  0
|  60|0x00000000a3c00000, 0x00000000a3d00000, 0x00000000a3d00000|100%| O|  |TAMS 0x00000000a3d00000| PB 0x00000000a3c00000| Untracked |  0
|  61|0x00000000a3d00000, 0x00000000a3e00000, 0x00000000a3e00000|100%| O|  |TAMS 0x00000000a3e00000| PB 0x00000000a3d00000| Untracked |  0
|  62|0x00000000a3e00000, 0x00000000a3f00000, 0x00000000a3f00000|100%| O|  |TAMS 0x00000000a3f00000| PB 0x00000000a3e00000| Untracked |  0
|  63|0x00000000a3f00000, 0x00000000a4000000, 0x00000000a4000000|100%|HS|  |TAMS 0x00000000a4000000| PB 0x00000000a3f00000| Complete |  0
|  64|0x00000000a4000000, 0x00000000a4100000, 0x00000000a4100000|100%| O|  |TAMS 0x00000000a4100000| PB 0x00000000a4000000| Untracked |  0
|  65|0x00000000a4100000, 0x00000000a4200000, 0x00000000a4200000|100%| O|  |TAMS 0x00000000a4200000| PB 0x00000000a4100000| Untracked |  0
|  66|0x00000000a4200000, 0x00000000a4300000, 0x00000000a4300000|100%| O|  |TAMS 0x00000000a4300000| PB 0x00000000a4200000| Untracked |  0
|  67|0x00000000a4300000, 0x00000000a4400000, 0x00000000a4400000|100%| O|  |TAMS 0x00000000a4400000| PB 0x00000000a4300000| Untracked |  0
|  68|0x00000000a4400000, 0x00000000a4500000, 0x00000000a4500000|100%|HS|  |TAMS 0x00000000a4500000| PB 0x00000000a4400000| Complete |  0
|  69|0x00000000a4500000, 0x00000000a4600000, 0x00000000a4600000|100%|HC|  |TAMS 0x00000000a4600000| PB 0x00000000a4500000| Complete |  0
|  70|0x00000000a4600000, 0x00000000a4700000, 0x00000000a4700000|100%|HC|  |TAMS 0x00000000a4700000| PB 0x00000000a4600000| Complete |  0
|  71|0x00000000a4700000, 0x00000000a4800000, 0x00000000a4800000|100%|HC|  |TAMS 0x00000000a4800000| PB 0x00000000a4700000| Complete |  0
|  72|0x00000000a4800000, 0x00000000a4900000, 0x00000000a4900000|100%| O|  |TAMS 0x00000000a4900000| PB 0x00000000a4800000| Untracked |  0
|  73|0x00000000a4900000, 0x00000000a4a00000, 0x00000000a4a00000|100%| O|  |TAMS 0x00000000a4a00000| PB 0x00000000a4900000| Untracked |  0
|  74|0x00000000a4a00000, 0x00000000a4b00000, 0x00000000a4b00000|100%| O|  |TAMS 0x00000000a4b00000| PB 0x00000000a4a00000| Untracked |  0
|  75|0x00000000a4b00000, 0x00000000a4c00000, 0x00000000a4c00000|100%| O|  |TAMS 0x00000000a4c00000| PB 0x00000000a4b00000| Untracked |  0
|  76|0x00000000a4c00000, 0x00000000a4d00000, 0x00000000a4d00000|100%| O|  |TAMS 0x00000000a4d00000| PB 0x00000000a4c00000| Untracked |  0
|  77|0x00000000a4d00000, 0x00000000a4e00000, 0x00000000a4e00000|100%| O|  |TAMS 0x00000000a4e00000| PB 0x00000000a4d00000| Untracked |  0
|  78|0x00000000a4e00000, 0x00000000a4f00000, 0x00000000a4f00000|100%| O|  |TAMS 0x00000000a4f00000| PB 0x00000000a4e00000| Untracked |  0
|  79|0x00000000a4f00000, 0x00000000a5000000, 0x00000000a5000000|100%| O|  |TAMS 0x00000000a5000000| PB 0x00000000a4f00000| Untracked |  0
|  80|0x00000000a5000000, 0x00000000a5100000, 0x00000000a5100000|100%| O|  |TAMS 0x00000000a5100000| PB 0x00000000a5000000| Untracked |  0
|  81|0x00000000a5100000, 0x00000000a5200000, 0x00000000a5200000|100%| O|  |TAMS 0x00000000a5200000| PB 0x00000000a5100000| Untracked |  0
|  82|0x00000000a5200000, 0x00000000a5300000, 0x00000000a5300000|100%| O|  |TAMS 0x00000000a5300000| PB 0x00000000a5200000| Untracked |  0
|  83|0x00000000a5300000, 0x00000000a5400000, 0x00000000a5400000|100%| O|  |TAMS 0x00000000a5400000| PB 0x00000000a5300000| Untracked |  0
|  84|0x00000000a5400000, 0x00000000a5500000, 0x00000000a5500000|100%| O|  |TAMS 0x00000000a5500000| PB 0x00000000a5400000| Untracked |  0
|  85|0x00000000a5500000, 0x00000000a5600000, 0x00000000a5600000|100%| O|  |TAMS 0x00000000a5600000| PB 0x00000000a5500000| Untracked |  0
|  86|0x00000000a5600000, 0x00000000a5700000, 0x00000000a5700000|100%| O|  |TAMS 0x00000000a5700000| PB 0x00000000a5600000| Untracked |  0
|  87|0x00000000a5700000, 0x00000000a5800000, 0x00000000a5800000|100%| O|  |TAMS 0x00000000a5800000| PB 0x00000000a5700000| Untracked |  0
|  88|0x00000000a5800000, 0x00000000a5900000, 0x00000000a5900000|100%| O|  |TAMS 0x00000000a5900000| PB 0x00000000a5800000| Untracked |  0
|  89|0x00000000a5900000, 0x00000000a5a00000, 0x00000000a5a00000|100%| O|  |TAMS 0x00000000a5a00000| PB 0x00000000a5900000| Untracked |  0
|  90|0x00000000a5a00000, 0x00000000a5b00000, 0x00000000a5b00000|100%| O|  |TAMS 0x00000000a5b00000| PB 0x00000000a5a00000| Untracked |  0
|  91|0x00000000a5b00000, 0x00000000a5c00000, 0x00000000a5c00000|100%| O|  |TAMS 0x00000000a5c00000| PB 0x00000000a5b00000| Untracked |  0
|  92|0x00000000a5c00000, 0x00000000a5d00000, 0x00000000a5d00000|100%| O|  |TAMS 0x00000000a5d00000| PB 0x00000000a5c00000| Untracked |  0
|  93|0x00000000a5d00000, 0x00000000a5e00000, 0x00000000a5e00000|100%| O|  |TAMS 0x00000000a5e00000| PB 0x00000000a5d00000| Untracked |  0
|  94|0x00000000a5e00000, 0x00000000a5f00000, 0x00000000a5f00000|100%| O|  |TAMS 0x00000000a5f00000| PB 0x00000000a5e00000| Untracked |  0
|  95|0x00000000a5f00000, 0x00000000a6000000, 0x00000000a6000000|100%| O|  |TAMS 0x00000000a6000000| PB 0x00000000a5f00000| Untracked |  0
|  96|0x00000000a6000000, 0x00000000a6100000, 0x00000000a6100000|100%| O|  |TAMS 0x00000000a6100000| PB 0x00000000a6000000| Untracked |  0
|  97|0x00000000a6100000, 0x00000000a6200000, 0x00000000a6200000|100%| O|  |TAMS 0x00000000a6100000| PB 0x00000000a6100000| Untracked |  0
|  98|0x00000000a6200000, 0x00000000a6300000, 0x00000000a6300000|100%| O|  |TAMS 0x00000000a6300000| PB 0x00000000a6200000| Untracked |  0
|  99|0x00000000a6300000, 0x00000000a6400000, 0x00000000a6400000|100%| O|  |TAMS 0x00000000a6400000| PB 0x00000000a6300000| Untracked |  0
| 100|0x00000000a6400000, 0x00000000a6500000, 0x00000000a6500000|100%| O|  |TAMS 0x00000000a6500000| PB 0x00000000a6400000| Untracked |  0
| 101|0x00000000a6500000, 0x00000000a6600000, 0x00000000a6600000|100%| O|  |TAMS 0x00000000a6600000| PB 0x00000000a6500000| Untracked |  0
| 102|0x00000000a6600000, 0x00000000a6700000, 0x00000000a6700000|100%| O|  |TAMS 0x00000000a6700000| PB 0x00000000a6600000| Untracked |  0
| 103|0x00000000a6700000, 0x00000000a6800000, 0x00000000a6800000|100%| O|  |TAMS 0x00000000a6800000| PB 0x00000000a6700000| Untracked |  0
| 104|0x00000000a6800000, 0x00000000a6900000, 0x00000000a6900000|100%|HS|  |TAMS 0x00000000a6900000| PB 0x00000000a6800000| Complete |  0
| 105|0x00000000a6900000, 0x00000000a6a00000, 0x00000000a6a00000|100%| O|  |TAMS 0x00000000a6a00000| PB 0x00000000a6900000| Untracked |  0
| 106|0x00000000a6a00000, 0x00000000a6b00000, 0x00000000a6b00000|100%| O|  |TAMS 0x00000000a6b00000| PB 0x00000000a6a00000| Untracked |  0
| 107|0x00000000a6b00000, 0x00000000a6c00000, 0x00000000a6c00000|100%| O|  |TAMS 0x00000000a6c00000| PB 0x00000000a6b00000| Untracked |  0
| 108|0x00000000a6c00000, 0x00000000a6d00000, 0x00000000a6d00000|100%| O|  |TAMS 0x00000000a6d00000| PB 0x00000000a6c00000| Untracked |  0
| 109|0x00000000a6d00000, 0x00000000a6e00000, 0x00000000a6e00000|100%| O|  |TAMS 0x00000000a6e00000| PB 0x00000000a6d00000| Untracked |  0
| 110|0x00000000a6e00000, 0x00000000a6f00000, 0x00000000a6f00000|100%| O|  |TAMS 0x00000000a6f00000| PB 0x00000000a6e00000| Untracked |  0
| 111|0x00000000a6f00000, 0x00000000a7000000, 0x00000000a7000000|100%| O|  |TAMS 0x00000000a7000000| PB 0x00000000a6f00000| Untracked |  0
| 112|0x00000000a7000000, 0x00000000a7100000, 0x00000000a7100000|100%| O|  |TAMS 0x00000000a7000000| PB 0x00000000a7000000| Untracked |  0
| 113|0x00000000a7100000, 0x00000000a7200000, 0x00000000a7200000|100%| O|  |TAMS 0x00000000a7200000| PB 0x00000000a7100000| Untracked |  0
| 114|0x00000000a7200000, 0x00000000a7300000, 0x00000000a7300000|100%| O|  |TAMS 0x00000000a7300000| PB 0x00000000a7200000| Untracked |  0
| 115|0x00000000a7300000, 0x00000000a7400000, 0x00000000a7400000|100%| O|  |TAMS 0x00000000a7400000| PB 0x00000000a7300000| Untracked |  0
| 116|0x00000000a7400000, 0x00000000a7500000, 0x00000000a7500000|100%| O|  |TAMS 0x00000000a7500000| PB 0x00000000a7400000| Untracked |  0
| 117|0x00000000a7500000, 0x00000000a7600000, 0x00000000a7600000|100%| O|  |TAMS 0x00000000a7600000| PB 0x00000000a7500000| Untracked |  0
| 118|0x00000000a7600000, 0x00000000a7700000, 0x00000000a7700000|100%| O|  |TAMS 0x00000000a7700000| PB 0x00000000a7600000| Untracked |  0
| 119|0x00000000a7700000, 0x00000000a7800000, 0x00000000a7800000|100%| O|  |TAMS 0x00000000a7800000| PB 0x00000000a7700000| Untracked |  0
| 120|0x00000000a7800000, 0x00000000a7900000, 0x00000000a7900000|100%|HS|  |TAMS 0x00000000a7900000| PB 0x00000000a7800000| Complete |  0
| 121|0x00000000a7900000, 0x00000000a7a00000, 0x00000000a7a00000|100%|HC|  |TAMS 0x00000000a7a00000| PB 0x00000000a7900000| Complete |  0
| 122|0x00000000a7a00000, 0x00000000a7b00000, 0x00000000a7b00000|100%|HS|  |TAMS 0x00000000a7b00000| PB 0x00000000a7a00000| Complete |  0
| 123|0x00000000a7b00000, 0x00000000a7c00000, 0x00000000a7c00000|100%|HC|  |TAMS 0x00000000a7c00000| PB 0x00000000a7b00000| Complete |  0
| 124|0x00000000a7c00000, 0x00000000a7d00000, 0x00000000a7d00000|100%|HS|  |TAMS 0x00000000a7d00000| PB 0x00000000a7c00000| Complete |  0
| 125|0x00000000a7d00000, 0x00000000a7e00000, 0x00000000a7e00000|100%|HC|  |TAMS 0x00000000a7e00000| PB 0x00000000a7d00000| Complete |  0
| 126|0x00000000a7e00000, 0x00000000a7f00000, 0x00000000a7f00000|100%|HC|  |TAMS 0x00000000a7f00000| PB 0x00000000a7e00000| Complete |  0
| 127|0x00000000a7f00000, 0x00000000a8000000, 0x00000000a8000000|100%| O|  |TAMS 0x00000000a8000000| PB 0x00000000a7f00000| Untracked |  0
| 128|0x00000000a8000000, 0x00000000a8100000, 0x00000000a8100000|100%| O|  |TAMS 0x00000000a8100000| PB 0x00000000a8000000| Untracked |  0
| 129|0x00000000a8100000, 0x00000000a8200000, 0x00000000a8200000|100%| O|  |TAMS 0x00000000a8200000| PB 0x00000000a8100000| Untracked |  0
| 130|0x00000000a8200000, 0x00000000a8300000, 0x00000000a8300000|100%|HS|  |TAMS 0x00000000a8300000| PB 0x00000000a8200000| Complete |  0
| 131|0x00000000a8300000, 0x00000000a8400000, 0x00000000a8400000|100%| O|  |TAMS 0x00000000a8400000| PB 0x00000000a8300000| Untracked |  0
| 132|0x00000000a8400000, 0x00000000a8500000, 0x00000000a8500000|100%| O|  |TAMS 0x00000000a8500000| PB 0x00000000a8400000| Untracked |  0
| 133|0x00000000a8500000, 0x00000000a8600000, 0x00000000a8600000|100%| O|  |TAMS 0x00000000a8600000| PB 0x00000000a8500000| Untracked |  0
| 134|0x00000000a8600000, 0x00000000a8700000, 0x00000000a8700000|100%| O|  |TAMS 0x00000000a8700000| PB 0x00000000a8600000| Untracked |  0
| 135|0x00000000a8700000, 0x00000000a8800000, 0x00000000a8800000|100%| O|  |TAMS 0x00000000a8800000| PB 0x00000000a8700000| Untracked |  0
| 136|0x00000000a8800000, 0x00000000a8900000, 0x00000000a8900000|100%| O|  |TAMS 0x00000000a8900000| PB 0x00000000a8800000| Untracked |  0
| 137|0x00000000a8900000, 0x00000000a8a00000, 0x00000000a8a00000|100%|HS|  |TAMS 0x00000000a8a00000| PB 0x00000000a8900000| Complete |  0
| 138|0x00000000a8a00000, 0x00000000a8b00000, 0x00000000a8b00000|100%|HC|  |TAMS 0x00000000a8b00000| PB 0x00000000a8a00000| Complete |  0
| 139|0x00000000a8b00000, 0x00000000a8c00000, 0x00000000a8c00000|100%| O|  |TAMS 0x00000000a8c00000| PB 0x00000000a8b00000| Untracked |  0
| 140|0x00000000a8c00000, 0x00000000a8d00000, 0x00000000a8d00000|100%| O|  |TAMS 0x00000000a8d00000| PB 0x00000000a8c00000| Untracked |  0
| 141|0x00000000a8d00000, 0x00000000a8e00000, 0x00000000a8e00000|100%| O|  |TAMS 0x00000000a8e00000| PB 0x00000000a8d00000| Untracked |  0
| 142|0x00000000a8e00000, 0x00000000a8f00000, 0x00000000a8f00000|100%|HS|  |TAMS 0x00000000a8f00000| PB 0x00000000a8e00000| Complete |  0
| 143|0x00000000a8f00000, 0x00000000a9000000, 0x00000000a9000000|100%| O|  |TAMS 0x00000000a9000000| PB 0x00000000a8f00000| Untracked |  0
| 144|0x00000000a9000000, 0x00000000a9100000, 0x00000000a9100000|100%| O|  |TAMS 0x00000000a9000000| PB 0x00000000a9000000| Untracked |  0
| 145|0x00000000a9100000, 0x00000000a9200000, 0x00000000a9200000|100%| O|  |TAMS 0x00000000a9200000| PB 0x00000000a9100000| Untracked |  0
| 146|0x00000000a9200000, 0x00000000a9300000, 0x00000000a9300000|100%|HS|  |TAMS 0x00000000a9300000| PB 0x00000000a9200000| Complete |  0
| 147|0x00000000a9300000, 0x00000000a9400000, 0x00000000a9400000|100%| O|  |TAMS 0x00000000a9400000| PB 0x00000000a9300000| Untracked |  0
| 148|0x00000000a9400000, 0x00000000a9500000, 0x00000000a9500000|100%|HS|  |TAMS 0x00000000a9500000| PB 0x00000000a9400000| Complete |  0
| 149|0x00000000a9500000, 0x00000000a9600000, 0x00000000a9600000|100%|HC|  |TAMS 0x00000000a9600000| PB 0x00000000a9500000| Complete |  0
| 150|0x00000000a9600000, 0x00000000a9700000, 0x00000000a9700000|100%|HS|  |TAMS 0x00000000a9700000| PB 0x00000000a9600000| Complete |  0
| 151|0x00000000a9700000, 0x00000000a9800000, 0x00000000a9800000|100%|HC|  |TAMS 0x00000000a9800000| PB 0x00000000a9700000| Complete |  0
| 152|0x00000000a9800000, 0x00000000a9900000, 0x00000000a9900000|100%|HC|  |TAMS 0x00000000a9900000| PB 0x00000000a9800000| Complete |  0
| 153|0x00000000a9900000, 0x00000000a9a00000, 0x00000000a9a00000|100%|HC|  |TAMS 0x00000000a9a00000| PB 0x00000000a9900000| Complete |  0
| 154|0x00000000a9a00000, 0x00000000a9b00000, 0x00000000a9b00000|100%|HC|  |TAMS 0x00000000a9b00000| PB 0x00000000a9a00000| Complete |  0
| 155|0x00000000a9b00000, 0x00000000a9c00000, 0x00000000a9c00000|100%|HC|  |TAMS 0x00000000a9c00000| PB 0x00000000a9b00000| Complete |  0
| 156|0x00000000a9c00000, 0x00000000a9d00000, 0x00000000a9d00000|100%|HS|  |TAMS 0x00000000a9d00000| PB 0x00000000a9c00000| Complete |  0
| 157|0x00000000a9d00000, 0x00000000a9e00000, 0x00000000a9e00000|100%|HC|  |TAMS 0x00000000a9e00000| PB 0x00000000a9d00000| Complete |  0
| 158|0x00000000a9e00000, 0x00000000a9f00000, 0x00000000a9f00000|100%|HC|  |TAMS 0x00000000a9f00000| PB 0x00000000a9e00000| Complete |  0
| 159|0x00000000a9f00000, 0x00000000aa000000, 0x00000000aa000000|100%|HC|  |TAMS 0x00000000aa000000| PB 0x00000000a9f00000| Complete |  0
| 160|0x00000000aa000000, 0x00000000aa100000, 0x00000000aa100000|100%|HC|  |TAMS 0x00000000aa100000| PB 0x00000000aa000000| Complete |  0
| 161|0x00000000aa100000, 0x00000000aa200000, 0x00000000aa200000|100%|HS|  |TAMS 0x00000000aa200000| PB 0x00000000aa100000| Complete |  0
| 162|0x00000000aa200000, 0x00000000aa300000, 0x00000000aa300000|100%|HS|  |TAMS 0x00000000aa300000| PB 0x00000000aa200000| Complete |  0
| 163|0x00000000aa300000, 0x00000000aa400000, 0x00000000aa400000|100%|HS|  |TAMS 0x00000000aa400000| PB 0x00000000aa300000| Complete |  0
| 164|0x00000000aa400000, 0x00000000aa500000, 0x00000000aa500000|100%|HC|  |TAMS 0x00000000aa500000| PB 0x00000000aa400000| Complete |  0
| 165|0x00000000aa500000, 0x00000000aa600000, 0x00000000aa600000|100%|HS|  |TAMS 0x00000000aa600000| PB 0x00000000aa500000| Complete |  0
| 166|0x00000000aa600000, 0x00000000aa700000, 0x00000000aa700000|100%|HS|  |TAMS 0x00000000aa700000| PB 0x00000000aa600000| Complete |  0
| 167|0x00000000aa700000, 0x00000000aa800000, 0x00000000aa800000|100%|HC|  |TAMS 0x00000000aa800000| PB 0x00000000aa700000| Complete |  0
| 168|0x00000000aa800000, 0x00000000aa900000, 0x00000000aa900000|100%|HS|  |TAMS 0x00000000aa900000| PB 0x00000000aa800000| Complete |  0
| 169|0x00000000aa900000, 0x00000000aaa00000, 0x00000000aaa00000|100%|HC|  |TAMS 0x00000000aaa00000| PB 0x00000000aa900000| Complete |  0
| 170|0x00000000aaa00000, 0x00000000aab00000, 0x00000000aab00000|100%|HS|  |TAMS 0x00000000aab00000| PB 0x00000000aaa00000| Complete |  0
| 171|0x00000000aab00000, 0x00000000aac00000, 0x00000000aac00000|100%| O|  |TAMS 0x00000000aac00000| PB 0x00000000aab00000| Untracked |  0
| 172|0x00000000aac00000, 0x00000000aad00000, 0x00000000aad00000|100%|HS|  |TAMS 0x00000000aad00000| PB 0x00000000aac00000| Complete |  0
| 173|0x00000000aad00000, 0x00000000aae00000, 0x00000000aae00000|100%|HC|  |TAMS 0x00000000aae00000| PB 0x00000000aad00000| Complete |  0
| 174|0x00000000aae00000, 0x00000000aaf00000, 0x00000000aaf00000|100%| O|  |TAMS 0x00000000aaf00000| PB 0x00000000aae00000| Untracked |  0
| 175|0x00000000aaf00000, 0x00000000ab000000, 0x00000000ab000000|100%| O|  |TAMS 0x00000000ab000000| PB 0x00000000aaf00000| Untracked |  0
| 176|0x00000000ab000000, 0x00000000ab100000, 0x00000000ab100000|100%|HS|  |TAMS 0x00000000ab100000| PB 0x00000000ab000000| Complete |  0
| 177|0x00000000ab100000, 0x00000000ab200000, 0x00000000ab200000|100%|HC|  |TAMS 0x00000000ab200000| PB 0x00000000ab100000| Complete |  0
| 178|0x00000000ab200000, 0x00000000ab300000, 0x00000000ab300000|100%|HC|  |TAMS 0x00000000ab300000| PB 0x00000000ab200000| Complete |  0
| 179|0x00000000ab300000, 0x00000000ab400000, 0x00000000ab400000|100%|HC|  |TAMS 0x00000000ab400000| PB 0x00000000ab300000| Complete |  0
| 180|0x00000000ab400000, 0x00000000ab500000, 0x00000000ab500000|100%| O|  |TAMS 0x00000000ab500000| PB 0x00000000ab400000| Untracked |  0
| 181|0x00000000ab500000, 0x00000000ab600000, 0x00000000ab600000|100%| O|  |TAMS 0x00000000ab600000| PB 0x00000000ab500000| Untracked |  0
| 182|0x00000000ab600000, 0x00000000ab700000, 0x00000000ab700000|100%| O|  |TAMS 0x00000000ab700000| PB 0x00000000ab600000| Untracked |  0
| 183|0x00000000ab700000, 0x00000000ab800000, 0x00000000ab800000|100%| O|  |TAMS 0x00000000ab800000| PB 0x00000000ab700000| Untracked |  0
| 184|0x00000000ab800000, 0x00000000ab900000, 0x00000000ab900000|100%|HS|  |TAMS 0x00000000ab900000| PB 0x00000000ab800000| Complete |  0
| 185|0x00000000ab900000, 0x00000000aba00000, 0x00000000aba00000|100%|HS|  |TAMS 0x00000000aba00000| PB 0x00000000ab900000| Complete |  0
| 186|0x00000000aba00000, 0x00000000abb00000, 0x00000000abb00000|100%|HC|  |TAMS 0x00000000abb00000| PB 0x00000000aba00000| Complete |  0
| 187|0x00000000abb00000, 0x00000000abc00000, 0x00000000abc00000|100%|HC|  |TAMS 0x00000000abc00000| PB 0x00000000abb00000| Complete |  0
| 188|0x00000000abc00000, 0x00000000abd00000, 0x00000000abd00000|100%|HC|  |TAMS 0x00000000abd00000| PB 0x00000000abc00000| Complete |  0
| 189|0x00000000abd00000, 0x00000000abe00000, 0x00000000abe00000|100%|HS|  |TAMS 0x00000000abe00000| PB 0x00000000abd00000| Complete |  0
| 190|0x00000000abe00000, 0x00000000abf00000, 0x00000000abf00000|100%|HC|  |TAMS 0x00000000abf00000| PB 0x00000000abe00000| Complete |  0
| 191|0x00000000abf00000, 0x00000000ac000000, 0x00000000ac000000|100%|HC|  |TAMS 0x00000000ac000000| PB 0x00000000abf00000| Complete |  0
| 192|0x00000000ac000000, 0x00000000ac100000, 0x00000000ac100000|100%|HC|  |TAMS 0x00000000ac100000| PB 0x00000000ac000000| Complete |  0
| 193|0x00000000ac100000, 0x00000000ac200000, 0x00000000ac200000|100%|HC|  |TAMS 0x00000000ac200000| PB 0x00000000ac100000| Complete |  0
| 194|0x00000000ac200000, 0x00000000ac300000, 0x00000000ac300000|100%|HC|  |TAMS 0x00000000ac300000| PB 0x00000000ac200000| Complete |  0
| 195|0x00000000ac300000, 0x00000000ac400000, 0x00000000ac400000|100%|HC|  |TAMS 0x00000000ac400000| PB 0x00000000ac300000| Complete |  0
| 196|0x00000000ac400000, 0x00000000ac500000, 0x00000000ac500000|100%|HC|  |TAMS 0x00000000ac500000| PB 0x00000000ac400000| Complete |  0
| 197|0x00000000ac500000, 0x00000000ac600000, 0x00000000ac600000|100%|HC|  |TAMS 0x00000000ac600000| PB 0x00000000ac500000| Complete |  0
| 198|0x00000000ac600000, 0x00000000ac700000, 0x00000000ac700000|100%|HC|  |TAMS 0x00000000ac700000| PB 0x00000000ac600000| Complete |  0
| 199|0x00000000ac700000, 0x00000000ac800000, 0x00000000ac800000|100%|HC|  |TAMS 0x00000000ac800000| PB 0x00000000ac700000| Complete |  0
| 200|0x00000000ac800000, 0x00000000ac900000, 0x00000000ac900000|100%|HC|  |TAMS 0x00000000ac900000| PB 0x00000000ac800000| Complete |  0
| 201|0x00000000ac900000, 0x00000000aca00000, 0x00000000aca00000|100%|HC|  |TAMS 0x00000000aca00000| PB 0x00000000ac900000| Complete |  0
| 202|0x00000000aca00000, 0x00000000acb00000, 0x00000000acb00000|100%|HC|  |TAMS 0x00000000acb00000| PB 0x00000000aca00000| Complete |  0
| 203|0x00000000acb00000, 0x00000000acc00000, 0x00000000acc00000|100%|HC|  |TAMS 0x00000000acc00000| PB 0x00000000acb00000| Complete |  0
| 204|0x00000000acc00000, 0x00000000acd00000, 0x00000000acd00000|100%|HC|  |TAMS 0x00000000acd00000| PB 0x00000000acc00000| Complete |  0
| 205|0x00000000acd00000, 0x00000000ace00000, 0x00000000ace00000|100%|HC|  |TAMS 0x00000000ace00000| PB 0x00000000acd00000| Complete |  0
| 206|0x00000000ace00000, 0x00000000acf00000, 0x00000000acf00000|100%|HC|  |TAMS 0x00000000acf00000| PB 0x00000000ace00000| Complete |  0
| 207|0x00000000acf00000, 0x00000000ad000000, 0x00000000ad000000|100%|HC|  |TAMS 0x00000000ad000000| PB 0x00000000acf00000| Complete |  0
| 208|0x00000000ad000000, 0x00000000ad100000, 0x00000000ad100000|100%|HC|  |TAMS 0x00000000ad100000| PB 0x00000000ad000000| Complete |  0
| 209|0x00000000ad100000, 0x00000000ad200000, 0x00000000ad200000|100%|HC|  |TAMS 0x00000000ad200000| PB 0x00000000ad100000| Complete |  0
| 210|0x00000000ad200000, 0x00000000ad300000, 0x00000000ad300000|100%|HC|  |TAMS 0x00000000ad300000| PB 0x00000000ad200000| Complete |  0
| 211|0x00000000ad300000, 0x00000000ad400000, 0x00000000ad400000|100%|HC|  |TAMS 0x00000000ad400000| PB 0x00000000ad300000| Complete |  0
| 212|0x00000000ad400000, 0x00000000ad500000, 0x00000000ad500000|100%|HC|  |TAMS 0x00000000ad500000| PB 0x00000000ad400000| Complete |  0
| 213|0x00000000ad500000, 0x00000000ad600000, 0x00000000ad600000|100%|HC|  |TAMS 0x00000000ad600000| PB 0x00000000ad500000| Complete |  0
| 214|0x00000000ad600000, 0x00000000ad700000, 0x00000000ad700000|100%|HC|  |TAMS 0x00000000ad700000| PB 0x00000000ad600000| Complete |  0
| 215|0x00000000ad700000, 0x00000000ad800000, 0x00000000ad800000|100%|HC|  |TAMS 0x00000000ad800000| PB 0x00000000ad700000| Complete |  0
| 216|0x00000000ad800000, 0x00000000ad900000, 0x00000000ad900000|100%|HC|  |TAMS 0x00000000ad900000| PB 0x00000000ad800000| Complete |  0
| 217|0x00000000ad900000, 0x00000000ada00000, 0x00000000ada00000|100%|HC|  |TAMS 0x00000000ada00000| PB 0x00000000ad900000| Complete |  0
| 218|0x00000000ada00000, 0x00000000adb00000, 0x00000000adb00000|100%|HC|  |TAMS 0x00000000adb00000| PB 0x00000000ada00000| Complete |  0
| 219|0x00000000adb00000, 0x00000000adc00000, 0x00000000adc00000|100%|HS|  |TAMS 0x00000000adc00000| PB 0x00000000adb00000| Complete |  0
| 220|0x00000000adc00000, 0x00000000add00000, 0x00000000add00000|100%|HC|  |TAMS 0x00000000add00000| PB 0x00000000adc00000| Complete |  0
| 221|0x00000000add00000, 0x00000000ade00000, 0x00000000ade00000|100%|HC|  |TAMS 0x00000000ade00000| PB 0x00000000add00000| Complete |  0
| 222|0x00000000ade00000, 0x00000000adf00000, 0x00000000adf00000|100%|HC|  |TAMS 0x00000000adf00000| PB 0x00000000ade00000| Complete |  0
| 223|0x00000000adf00000, 0x00000000ae000000, 0x00000000ae000000|100%|HC|  |TAMS 0x00000000ae000000| PB 0x00000000adf00000| Complete |  0
| 224|0x00000000ae000000, 0x00000000ae100000, 0x00000000ae100000|100%|HC|  |TAMS 0x00000000ae100000| PB 0x00000000ae000000| Complete |  0
| 225|0x00000000ae100000, 0x00000000ae200000, 0x00000000ae200000|100%| O|  |TAMS 0x00000000ae200000| PB 0x00000000ae100000| Untracked |  0
| 226|0x00000000ae200000, 0x00000000ae300000, 0x00000000ae300000|100%| O|  |TAMS 0x00000000ae300000| PB 0x00000000ae200000| Untracked |  0
| 227|0x00000000ae300000, 0x00000000ae400000, 0x00000000ae400000|100%|HS|  |TAMS 0x00000000ae400000| PB 0x00000000ae300000| Complete |  0
| 228|0x00000000ae400000, 0x00000000ae500000, 0x00000000ae500000|100%|HC|  |TAMS 0x00000000ae500000| PB 0x00000000ae400000| Complete |  0
| 229|0x00000000ae500000, 0x00000000ae600000, 0x00000000ae600000|100%| O|  |TAMS 0x00000000ae600000| PB 0x00000000ae500000| Untracked |  0
| 230|0x00000000ae600000, 0x00000000ae700000, 0x00000000ae700000|100%| O|  |TAMS 0x00000000ae700000| PB 0x00000000ae600000| Untracked |  0
| 231|0x00000000ae700000, 0x00000000ae800000, 0x00000000ae800000|100%|HS|  |TAMS 0x00000000ae800000| PB 0x00000000ae700000| Complete |  0
| 232|0x00000000ae800000, 0x00000000ae900000, 0x00000000ae900000|100%|HC|  |TAMS 0x00000000ae900000| PB 0x00000000ae800000| Complete |  0
| 233|0x00000000ae900000, 0x00000000aea00000, 0x00000000aea00000|100%|HS|  |TAMS 0x00000000aea00000| PB 0x00000000ae900000| Complete |  0
| 234|0x00000000aea00000, 0x00000000aeb00000, 0x00000000aeb00000|100%| O|  |TAMS 0x00000000aeb00000| PB 0x00000000aea00000| Untracked |  0
| 235|0x00000000aeb00000, 0x00000000aec00000, 0x00000000aec00000|100%|HS|  |TAMS 0x00000000aec00000| PB 0x00000000aeb00000| Complete |  0
| 236|0x00000000aec00000, 0x00000000aed00000, 0x00000000aed00000|100%|HC|  |TAMS 0x00000000aed00000| PB 0x00000000aec00000| Complete |  0
| 237|0x00000000aed00000, 0x00000000aee00000, 0x00000000aee00000|100%|HC|  |TAMS 0x00000000aee00000| PB 0x00000000aed00000| Complete |  0
| 238|0x00000000aee00000, 0x00000000aef00000, 0x00000000aef00000|100%|HC|  |TAMS 0x00000000aef00000| PB 0x00000000aee00000| Complete |  0
| 239|0x00000000aef00000, 0x00000000af000000, 0x00000000af000000|100%|HC|  |TAMS 0x00000000af000000| PB 0x00000000aef00000| Complete |  0
| 240|0x00000000af000000, 0x00000000af100000, 0x00000000af100000|100%|HS|  |TAMS 0x00000000af100000| PB 0x00000000af000000| Complete |  0
| 241|0x00000000af100000, 0x00000000af200000, 0x00000000af200000|100%| O|  |TAMS 0x00000000af200000| PB 0x00000000af100000| Untracked |  0
| 242|0x00000000af200000, 0x00000000af300000, 0x00000000af300000|100%|HS|  |TAMS 0x00000000af300000| PB 0x00000000af200000| Complete |  0
| 243|0x00000000af300000, 0x00000000af400000, 0x00000000af400000|100%|HS|  |TAMS 0x00000000af400000| PB 0x00000000af300000| Complete |  0
| 244|0x00000000af400000, 0x00000000af500000, 0x00000000af500000|100%|HC|  |TAMS 0x00000000af500000| PB 0x00000000af400000| Complete |  0
| 245|0x00000000af500000, 0x00000000af600000, 0x00000000af600000|100%| O|  |TAMS 0x00000000af600000| PB 0x00000000af500000| Untracked |  0
| 246|0x00000000af600000, 0x00000000af700000, 0x00000000af700000|100%|HS|  |TAMS 0x00000000af700000| PB 0x00000000af600000| Complete |  0
| 247|0x00000000af700000, 0x00000000af800000, 0x00000000af800000|100%|HC|  |TAMS 0x00000000af800000| PB 0x00000000af700000| Complete |  0
| 248|0x00000000af800000, 0x00000000af900000, 0x00000000af900000|100%|HS|  |TAMS 0x00000000af900000| PB 0x00000000af800000| Complete |  0
| 249|0x00000000af900000, 0x00000000afa00000, 0x00000000afa00000|100%|HC|  |TAMS 0x00000000afa00000| PB 0x00000000af900000| Complete |  0
| 250|0x00000000afa00000, 0x00000000afb00000, 0x00000000afb00000|100%|HC|  |TAMS 0x00000000afb00000| PB 0x00000000afa00000| Complete |  0
| 251|0x00000000afb00000, 0x00000000afc00000, 0x00000000afc00000|100%| O|  |TAMS 0x00000000afc00000| PB 0x00000000afb00000| Untracked |  0
| 252|0x00000000afc00000, 0x00000000afd00000, 0x00000000afd00000|100%| O|  |TAMS 0x00000000afd00000| PB 0x00000000afc00000| Untracked |  0
| 253|0x00000000afd00000, 0x00000000afe00000, 0x00000000afe00000|100%| O|  |TAMS 0x00000000afe00000| PB 0x00000000afd00000| Untracked |  0
| 254|0x00000000afe00000, 0x00000000aff00000, 0x00000000aff00000|100%|HS|  |TAMS 0x00000000aff00000| PB 0x00000000afe00000| Complete |  0
| 255|0x00000000aff00000, 0x00000000b0000000, 0x00000000b0000000|100%|HC|  |TAMS 0x00000000b0000000| PB 0x00000000aff00000| Complete |  0
| 256|0x00000000b0000000, 0x00000000b0100000, 0x00000000b0100000|100%|HC|  |TAMS 0x00000000b0100000| PB 0x00000000b0000000| Complete |  0
| 257|0x00000000b0100000, 0x00000000b0200000, 0x00000000b0200000|100%| O|  |TAMS 0x00000000b0200000| PB 0x00000000b0100000| Untracked |  0
| 258|0x00000000b0200000, 0x00000000b0300000, 0x00000000b0300000|100%| O|  |TAMS 0x00000000b0300000| PB 0x00000000b0200000| Untracked |  0
| 259|0x00000000b0300000, 0x00000000b0400000, 0x00000000b0400000|100%| O|  |TAMS 0x00000000b0400000| PB 0x00000000b0300000| Untracked |  0
| 260|0x00000000b0400000, 0x00000000b0500000, 0x00000000b0500000|100%| O|  |TAMS 0x00000000b0500000| PB 0x00000000b0400000| Untracked |  0
| 261|0x00000000b0500000, 0x00000000b0600000, 0x00000000b0600000|100%| O|  |TAMS 0x00000000b0600000| PB 0x00000000b0500000| Untracked |  0
| 262|0x00000000b0600000, 0x00000000b0700000, 0x00000000b0700000|100%| O|  |TAMS 0x00000000b0700000| PB 0x00000000b0600000| Untracked |  0
| 263|0x00000000b0700000, 0x00000000b0800000, 0x00000000b0800000|100%| O|  |TAMS 0x00000000b0800000| PB 0x00000000b0700000| Untracked |  0
| 264|0x00000000b0800000, 0x00000000b0900000, 0x00000000b0900000|100%| O|  |TAMS 0x00000000b0900000| PB 0x00000000b0800000| Untracked |  0
| 265|0x00000000b0900000, 0x00000000b0a00000, 0x00000000b0a00000|100%| O|  |TAMS 0x00000000b0a00000| PB 0x00000000b0900000| Untracked |  0
| 266|0x00000000b0a00000, 0x00000000b0b00000, 0x00000000b0b00000|100%| O|  |TAMS 0x00000000b0b00000| PB 0x00000000b0a00000| Untracked |  0
| 267|0x00000000b0b00000, 0x00000000b0c00000, 0x00000000b0c00000|100%| O|  |TAMS 0x00000000b0c00000| PB 0x00000000b0b00000| Untracked |  0
| 268|0x00000000b0c00000, 0x00000000b0d00000, 0x00000000b0d00000|100%| O|  |TAMS 0x00000000b0d00000| PB 0x00000000b0c00000| Untracked |  0
| 269|0x00000000b0d00000, 0x00000000b0e00000, 0x00000000b0e00000|100%| O|  |TAMS 0x00000000b0e00000| PB 0x00000000b0d00000| Untracked |  0
| 270|0x00000000b0e00000, 0x00000000b0f00000, 0x00000000b0f00000|100%| O|  |TAMS 0x00000000b0f00000| PB 0x00000000b0e00000| Untracked |  0
| 271|0x00000000b0f00000, 0x00000000b1000000, 0x00000000b1000000|100%| O|  |TAMS 0x00000000b1000000| PB 0x00000000b0f00000| Untracked |  0
| 272|0x00000000b1000000, 0x00000000b1100000, 0x00000000b1100000|100%| O|  |TAMS 0x00000000b1100000| PB 0x00000000b1000000| Untracked |  0
| 273|0x00000000b1100000, 0x00000000b1200000, 0x00000000b1200000|100%| O|  |TAMS 0x00000000b1200000| PB 0x00000000b1100000| Untracked |  0
| 274|0x00000000b1200000, 0x00000000b1300000, 0x00000000b1300000|100%| O|  |TAMS 0x00000000b1300000| PB 0x00000000b1200000| Untracked |  0
| 275|0x00000000b1300000, 0x00000000b1400000, 0x00000000b1400000|100%| O|  |TAMS 0x00000000b1400000| PB 0x00000000b1300000| Untracked |  0
| 276|0x00000000b1400000, 0x00000000b1500000, 0x00000000b1500000|100%| O|  |TAMS 0x00000000b1500000| PB 0x00000000b1400000| Untracked |  0
| 277|0x00000000b1500000, 0x00000000b1600000, 0x00000000b1600000|100%| O|  |TAMS 0x00000000b1600000| PB 0x00000000b1500000| Untracked |  0
| 278|0x00000000b1600000, 0x00000000b1700000, 0x00000000b1700000|100%| O|  |TAMS 0x00000000b1700000| PB 0x00000000b1600000| Untracked |  0
| 279|0x00000000b1700000, 0x00000000b1800000, 0x00000000b1800000|100%| O|  |TAMS 0x00000000b1800000| PB 0x00000000b1700000| Untracked |  0
| 280|0x00000000b1800000, 0x00000000b1900000, 0x00000000b1900000|100%| O|  |TAMS 0x00000000b1900000| PB 0x00000000b1800000| Untracked |  0
| 281|0x00000000b1900000, 0x00000000b1a00000, 0x00000000b1a00000|100%| O|  |TAMS 0x00000000b1a00000| PB 0x00000000b1900000| Untracked |  0
| 282|0x00000000b1a00000, 0x00000000b1b00000, 0x00000000b1b00000|100%| O|  |TAMS 0x00000000b1b00000| PB 0x00000000b1a00000| Untracked |  0
| 283|0x00000000b1b00000, 0x00000000b1c00000, 0x00000000b1c00000|100%| O|  |TAMS 0x00000000b1c00000| PB 0x00000000b1b00000| Untracked |  0
| 284|0x00000000b1c00000, 0x00000000b1d00000, 0x00000000b1d00000|100%| O|  |TAMS 0x00000000b1d00000| PB 0x00000000b1c00000| Untracked |  0
| 285|0x00000000b1d00000, 0x00000000b1e00000, 0x00000000b1e00000|100%| O|  |TAMS 0x00000000b1e00000| PB 0x00000000b1d00000| Untracked |  0
| 286|0x00000000b1e00000, 0x00000000b1f00000, 0x00000000b1f00000|100%|HS|  |TAMS 0x00000000b1f00000| PB 0x00000000b1e00000| Complete |  0
| 287|0x00000000b1f00000, 0x00000000b2000000, 0x00000000b2000000|100%| O|  |TAMS 0x00000000b2000000| PB 0x00000000b1f00000| Untracked |  0
| 288|0x00000000b2000000, 0x00000000b2100000, 0x00000000b2100000|100%| O|  |TAMS 0x00000000b2100000| PB 0x00000000b2000000| Untracked |  0
| 289|0x00000000b2100000, 0x00000000b2200000, 0x00000000b2200000|100%| O|  |TAMS 0x00000000b2200000| PB 0x00000000b2100000| Untracked |  0
| 290|0x00000000b2200000, 0x00000000b2300000, 0x00000000b2300000|100%| O|  |TAMS 0x00000000b2300000| PB 0x00000000b2200000| Untracked |  0
| 291|0x00000000b2300000, 0x00000000b2400000, 0x00000000b2400000|100%| O|  |TAMS 0x00000000b2400000| PB 0x00000000b2300000| Untracked |  0
| 292|0x00000000b2400000, 0x00000000b2500000, 0x00000000b2500000|100%| O|  |TAMS 0x00000000b2500000| PB 0x00000000b2400000| Untracked |  0
| 293|0x00000000b2500000, 0x00000000b2600000, 0x00000000b2600000|100%| O|  |TAMS 0x00000000b2600000| PB 0x00000000b2500000| Untracked |  0
| 294|0x00000000b2600000, 0x00000000b2700000, 0x00000000b2700000|100%| O|  |TAMS 0x00000000b2700000| PB 0x00000000b2600000| Untracked |  0
| 295|0x00000000b2700000, 0x00000000b2800000, 0x00000000b2800000|100%| O|  |TAMS 0x00000000b2800000| PB 0x00000000b2700000| Untracked |  0
| 296|0x00000000b2800000, 0x00000000b2900000, 0x00000000b2900000|100%| O|  |TAMS 0x00000000b2900000| PB 0x00000000b2800000| Untracked |  0
| 297|0x00000000b2900000, 0x00000000b2a00000, 0x00000000b2a00000|100%| O|  |TAMS 0x00000000b2a00000| PB 0x00000000b2900000| Untracked |  0
| 298|0x00000000b2a00000, 0x00000000b2b00000, 0x00000000b2b00000|100%| O|  |TAMS 0x00000000b2b00000| PB 0x00000000b2a00000| Untracked |  0
| 299|0x00000000b2b00000, 0x00000000b2c00000, 0x00000000b2c00000|100%| O|  |TAMS 0x00000000b2c00000| PB 0x00000000b2b00000| Untracked |  0
| 300|0x00000000b2c00000, 0x00000000b2d00000, 0x00000000b2d00000|100%| O|  |TAMS 0x00000000b2d00000| PB 0x00000000b2c00000| Untracked |  0
| 301|0x00000000b2d00000, 0x00000000b2e00000, 0x00000000b2e00000|100%| O|  |TAMS 0x00000000b2e00000| PB 0x00000000b2d00000| Untracked |  0
| 302|0x00000000b2e00000, 0x00000000b2f00000, 0x00000000b2f00000|100%| O|  |TAMS 0x00000000b2f00000| PB 0x00000000b2e00000| Untracked |  0
| 303|0x00000000b2f00000, 0x00000000b3000000, 0x00000000b3000000|100%| O|  |TAMS 0x00000000b3000000| PB 0x00000000b2f00000| Untracked |  0
| 304|0x00000000b3000000, 0x00000000b3100000, 0x00000000b3100000|100%| O|  |TAMS 0x00000000b3100000| PB 0x00000000b3000000| Untracked |  0
| 305|0x00000000b3100000, 0x00000000b3200000, 0x00000000b3200000|100%| O|  |TAMS 0x00000000b3200000| PB 0x00000000b3100000| Untracked |  0
| 306|0x00000000b3200000, 0x00000000b3300000, 0x00000000b3300000|100%| O|  |TAMS 0x00000000b3300000| PB 0x00000000b3200000| Untracked |  0
| 307|0x00000000b3300000, 0x00000000b3400000, 0x00000000b3400000|100%| O|  |TAMS 0x00000000b3400000| PB 0x00000000b3300000| Untracked |  0
| 308|0x00000000b3400000, 0x00000000b3500000, 0x00000000b3500000|100%| O|  |TAMS 0x00000000b3500000| PB 0x00000000b3400000| Untracked |  0
| 309|0x00000000b3500000, 0x00000000b3600000, 0x00000000b3600000|100%| O|  |TAMS 0x00000000b3600000| PB 0x00000000b3500000| Untracked |  0
| 310|0x00000000b3600000, 0x00000000b3700000, 0x00000000b3700000|100%| O|  |TAMS 0x00000000b3700000| PB 0x00000000b3600000| Untracked |  0
| 311|0x00000000b3700000, 0x00000000b3800000, 0x00000000b3800000|100%| O|  |TAMS 0x00000000b3800000| PB 0x00000000b3700000| Untracked |  0
| 312|0x00000000b3800000, 0x00000000b3900000, 0x00000000b3900000|100%| O|  |TAMS 0x00000000b3900000| PB 0x00000000b3800000| Untracked |  0
| 313|0x00000000b3900000, 0x00000000b3a00000, 0x00000000b3a00000|100%| O|  |TAMS 0x00000000b3a00000| PB 0x00000000b3900000| Untracked |  0
| 314|0x00000000b3a00000, 0x00000000b3b00000, 0x00000000b3b00000|100%| O|  |TAMS 0x00000000b3b00000| PB 0x00000000b3a00000| Untracked |  0
| 315|0x00000000b3b00000, 0x00000000b3c00000, 0x00000000b3c00000|100%| O|  |TAMS 0x00000000b3c00000| PB 0x00000000b3b00000| Untracked |  0
| 316|0x00000000b3c00000, 0x00000000b3d00000, 0x00000000b3d00000|100%| O|  |TAMS 0x00000000b3d00000| PB 0x00000000b3c00000| Untracked |  0
| 317|0x00000000b3d00000, 0x00000000b3e00000, 0x00000000b3e00000|100%| O|  |TAMS 0x00000000b3e00000| PB 0x00000000b3d00000| Untracked |  0
| 318|0x00000000b3e00000, 0x00000000b3f00000, 0x00000000b3f00000|100%| O|  |TAMS 0x00000000b3f00000| PB 0x00000000b3e00000| Untracked |  0
| 319|0x00000000b3f00000, 0x00000000b4000000, 0x00000000b4000000|100%| O|  |TAMS 0x00000000b4000000| PB 0x00000000b3f00000| Untracked |  0
| 320|0x00000000b4000000, 0x00000000b4100000, 0x00000000b4100000|100%| O|  |TAMS 0x00000000b4000000| PB 0x00000000b4000000| Untracked |  0
| 321|0x00000000b4100000, 0x00000000b4200000, 0x00000000b4200000|100%| O|  |TAMS 0x00000000b4200000| PB 0x00000000b4100000| Untracked |  0
| 322|0x00000000b4200000, 0x00000000b4300000, 0x00000000b4300000|100%| O|  |TAMS 0x00000000b4300000| PB 0x00000000b4200000| Untracked |  0
| 323|0x00000000b4300000, 0x00000000b4400000, 0x00000000b4400000|100%| O|  |TAMS 0x00000000b4400000| PB 0x00000000b4300000| Untracked |  0
| 324|0x00000000b4400000, 0x00000000b4500000, 0x00000000b4500000|100%| O|  |TAMS 0x00000000b4500000| PB 0x00000000b4400000| Untracked |  0
| 325|0x00000000b4500000, 0x00000000b4600000, 0x00000000b4600000|100%| O|  |TAMS 0x00000000b4600000| PB 0x00000000b4500000| Untracked |  0
| 326|0x00000000b4600000, 0x00000000b4700000, 0x00000000b4700000|100%| O|  |TAMS 0x00000000b4700000| PB 0x00000000b4600000| Untracked |  0
| 327|0x00000000b4700000, 0x00000000b4800000, 0x00000000b4800000|100%| O|  |TAMS 0x00000000b4800000| PB 0x00000000b4700000| Untracked |  0
| 328|0x00000000b4800000, 0x00000000b4900000, 0x00000000b4900000|100%| O|  |TAMS 0x00000000b4900000| PB 0x00000000b4800000| Untracked |  0
| 329|0x00000000b4900000, 0x00000000b4a00000, 0x00000000b4a00000|100%| O|  |TAMS 0x00000000b4a00000| PB 0x00000000b4900000| Untracked |  0
| 330|0x00000000b4a00000, 0x00000000b4b00000, 0x00000000b4b00000|100%| O|  |TAMS 0x00000000b4b00000| PB 0x00000000b4a00000| Untracked |  0
| 331|0x00000000b4b00000, 0x00000000b4c00000, 0x00000000b4c00000|100%| O|  |TAMS 0x00000000b4c00000| PB 0x00000000b4b00000| Untracked |  0
| 332|0x00000000b4c00000, 0x00000000b4d00000, 0x00000000b4d00000|100%| O|  |TAMS 0x00000000b4d00000| PB 0x00000000b4c00000| Untracked |  0
| 333|0x00000000b4d00000, 0x00000000b4e00000, 0x00000000b4e00000|100%| O|  |TAMS 0x00000000b4e00000| PB 0x00000000b4d00000| Untracked |  0
| 334|0x00000000b4e00000, 0x00000000b4f00000, 0x00000000b4f00000|100%| O|  |TAMS 0x00000000b4f00000| PB 0x00000000b4e00000| Untracked |  0
| 335|0x00000000b4f00000, 0x00000000b5000000, 0x00000000b5000000|100%| O|  |TAMS 0x00000000b5000000| PB 0x00000000b4f00000| Untracked |  0
| 336|0x00000000b5000000, 0x00000000b5100000, 0x00000000b5100000|100%| O|  |TAMS 0x00000000b5100000| PB 0x00000000b5000000| Untracked |  0
| 337|0x00000000b5100000, 0x00000000b5200000, 0x00000000b5200000|100%|HS|  |TAMS 0x00000000b5200000| PB 0x00000000b5100000| Complete |  0
| 338|0x00000000b5200000, 0x00000000b5300000, 0x00000000b5300000|100%|HC|  |TAMS 0x00000000b5300000| PB 0x00000000b5200000| Complete |  0
| 339|0x00000000b5300000, 0x00000000b5400000, 0x00000000b5400000|100%|HC|  |TAMS 0x00000000b5400000| PB 0x00000000b5300000| Complete |  0
| 340|0x00000000b5400000, 0x00000000b5500000, 0x00000000b5500000|100%|HC|  |TAMS 0x00000000b5500000| PB 0x00000000b5400000| Complete |  0
| 341|0x00000000b5500000, 0x00000000b5600000, 0x00000000b5600000|100%|HC|  |TAMS 0x00000000b5600000| PB 0x00000000b5500000| Complete |  0
| 342|0x00000000b5600000, 0x00000000b5700000, 0x00000000b5700000|100%|HC|  |TAMS 0x00000000b5700000| PB 0x00000000b5600000| Complete |  0
| 343|0x00000000b5700000, 0x00000000b5800000, 0x00000000b5800000|100%|HC|  |TAMS 0x00000000b5800000| PB 0x00000000b5700000| Complete |  0
| 344|0x00000000b5800000, 0x00000000b5900000, 0x00000000b5900000|100%|HC|  |TAMS 0x00000000b5900000| PB 0x00000000b5800000| Complete |  0
| 345|0x00000000b5900000, 0x00000000b5a00000, 0x00000000b5a00000|100%|HC|  |TAMS 0x00000000b5a00000| PB 0x00000000b5900000| Complete |  0
| 346|0x00000000b5a00000, 0x00000000b5b00000, 0x00000000b5b00000|100%|HC|  |TAMS 0x00000000b5b00000| PB 0x00000000b5a00000| Complete |  0
| 347|0x00000000b5b00000, 0x00000000b5c00000, 0x00000000b5c00000|100%|HC|  |TAMS 0x00000000b5c00000| PB 0x00000000b5b00000| Complete |  0
| 348|0x00000000b5c00000, 0x00000000b5d00000, 0x00000000b5d00000|100%|HC|  |TAMS 0x00000000b5d00000| PB 0x00000000b5c00000| Complete |  0
| 349|0x00000000b5d00000, 0x00000000b5e00000, 0x00000000b5e00000|100%|HC|  |TAMS 0x00000000b5e00000| PB 0x00000000b5d00000| Complete |  0
| 350|0x00000000b5e00000, 0x00000000b5f00000, 0x00000000b5f00000|100%|HC|  |TAMS 0x00000000b5f00000| PB 0x00000000b5e00000| Complete |  0
| 351|0x00000000b5f00000, 0x00000000b6000000, 0x00000000b6000000|100%|HC|  |TAMS 0x00000000b6000000| PB 0x00000000b5f00000| Complete |  0
| 352|0x00000000b6000000, 0x00000000b6100000, 0x00000000b6100000|100%|HC|  |TAMS 0x00000000b6100000| PB 0x00000000b6000000| Complete |  0
| 353|0x00000000b6100000, 0x00000000b6200000, 0x00000000b6200000|100%|HC|  |TAMS 0x00000000b6200000| PB 0x00000000b6100000| Complete |  0
| 354|0x00000000b6200000, 0x00000000b6300000, 0x00000000b6300000|100%|HC|  |TAMS 0x00000000b6300000| PB 0x00000000b6200000| Complete |  0
| 355|0x00000000b6300000, 0x00000000b6400000, 0x00000000b6400000|100%|HC|  |TAMS 0x00000000b6400000| PB 0x00000000b6300000| Complete |  0
| 356|0x00000000b6400000, 0x00000000b6500000, 0x00000000b6500000|100%|HC|  |TAMS 0x00000000b6500000| PB 0x00000000b6400000| Complete |  0
| 357|0x00000000b6500000, 0x00000000b6600000, 0x00000000b6600000|100%|HC|  |TAMS 0x00000000b6600000| PB 0x00000000b6500000| Complete |  0
| 358|0x00000000b6600000, 0x00000000b6700000, 0x00000000b6700000|100%|HC|  |TAMS 0x00000000b6700000| PB 0x00000000b6600000| Complete |  0
| 359|0x00000000b6700000, 0x00000000b6800000, 0x00000000b6800000|100%|HC|  |TAMS 0x00000000b6800000| PB 0x00000000b6700000| Complete |  0
| 360|0x00000000b6800000, 0x00000000b6900000, 0x00000000b6900000|100%|HC|  |TAMS 0x00000000b6900000| PB 0x00000000b6800000| Complete |  0
| 361|0x00000000b6900000, 0x00000000b6a00000, 0x00000000b6a00000|100%|HC|  |TAMS 0x00000000b6a00000| PB 0x00000000b6900000| Complete |  0
| 362|0x00000000b6a00000, 0x00000000b6b00000, 0x00000000b6b00000|100%|HC|  |TAMS 0x00000000b6b00000| PB 0x00000000b6a00000| Complete |  0
| 363|0x00000000b6b00000, 0x00000000b6c00000, 0x00000000b6c00000|100%|HC|  |TAMS 0x00000000b6c00000| PB 0x00000000b6b00000| Complete |  0
| 364|0x00000000b6c00000, 0x00000000b6d00000, 0x00000000b6d00000|100%|HC|  |TAMS 0x00000000b6d00000| PB 0x00000000b6c00000| Complete |  0
| 365|0x00000000b6d00000, 0x00000000b6e00000, 0x00000000b6e00000|100%|HC|  |TAMS 0x00000000b6e00000| PB 0x00000000b6d00000| Complete |  0
| 366|0x00000000b6e00000, 0x00000000b6f00000, 0x00000000b6f00000|100%|HC|  |TAMS 0x00000000b6f00000| PB 0x00000000b6e00000| Complete |  0
| 367|0x00000000b6f00000, 0x00000000b7000000, 0x00000000b7000000|100%| O|  |TAMS 0x00000000b7000000| PB 0x00000000b6f00000| Untracked |  0
| 368|0x00000000b7000000, 0x00000000b7100000, 0x00000000b7100000|100%| O|  |TAMS 0x00000000b7100000| PB 0x00000000b7000000| Untracked |  0
| 369|0x00000000b7100000, 0x00000000b7200000, 0x00000000b7200000|100%|HS|  |TAMS 0x00000000b7200000| PB 0x00000000b7100000| Complete |  0
| 370|0x00000000b7200000, 0x00000000b7300000, 0x00000000b7300000|100%|HC|  |TAMS 0x00000000b7300000| PB 0x00000000b7200000| Complete |  0
| 371|0x00000000b7300000, 0x00000000b7400000, 0x00000000b7400000|100%| O|  |TAMS 0x00000000b7400000| PB 0x00000000b7300000| Untracked |  0
| 372|0x00000000b7400000, 0x00000000b7500000, 0x00000000b7500000|100%| O|  |TAMS 0x00000000b7500000| PB 0x00000000b7400000| Untracked |  0
| 373|0x00000000b7500000, 0x00000000b7600000, 0x00000000b7600000|100%| O|  |TAMS 0x00000000b7600000| PB 0x00000000b7500000| Untracked |  0
| 374|0x00000000b7600000, 0x00000000b7700000, 0x00000000b7700000|100%| O|  |TAMS 0x00000000b7700000| PB 0x00000000b7600000| Untracked |  0
| 375|0x00000000b7700000, 0x00000000b7800000, 0x00000000b7800000|100%| O|  |TAMS 0x00000000b7800000| PB 0x00000000b7700000| Untracked |  0
| 376|0x00000000b7800000, 0x00000000b7900000, 0x00000000b7900000|100%| O|  |TAMS 0x00000000b7900000| PB 0x00000000b7800000| Untracked |  0
| 377|0x00000000b7900000, 0x00000000b7a00000, 0x00000000b7a00000|100%| O|  |TAMS 0x00000000b7a00000| PB 0x00000000b7900000| Untracked |  0
| 378|0x00000000b7a00000, 0x00000000b7b00000, 0x00000000b7b00000|100%| O|  |TAMS 0x00000000b7b00000| PB 0x00000000b7a00000| Untracked |  0
| 379|0x00000000b7b00000, 0x00000000b7c00000, 0x00000000b7c00000|100%| O|  |TAMS 0x00000000b7c00000| PB 0x00000000b7b00000| Untracked |  0
| 380|0x00000000b7c00000, 0x00000000b7d00000, 0x00000000b7d00000|100%| O|  |TAMS 0x00000000b7d00000| PB 0x00000000b7c00000| Untracked |  0
| 381|0x00000000b7d00000, 0x00000000b7e00000, 0x00000000b7e00000|100%| O|  |TAMS 0x00000000b7e00000| PB 0x00000000b7d00000| Untracked |  0
| 382|0x00000000b7e00000, 0x00000000b7f00000, 0x00000000b7f00000|100%| O|  |TAMS 0x00000000b7f00000| PB 0x00000000b7e00000| Untracked |  0
| 383|0x00000000b7f00000, 0x00000000b8000000, 0x00000000b8000000|100%| O|  |TAMS 0x00000000b8000000| PB 0x00000000b7f00000| Untracked |  0
| 384|0x00000000b8000000, 0x00000000b8100000, 0x00000000b8100000|100%| O|  |TAMS 0x00000000b8100000| PB 0x00000000b8000000| Untracked |  0
| 385|0x00000000b8100000, 0x00000000b8200000, 0x00000000b8200000|100%| O|  |TAMS 0x00000000b8200000| PB 0x00000000b8100000| Untracked |  0
| 386|0x00000000b8200000, 0x00000000b8300000, 0x00000000b8300000|100%| O|  |TAMS 0x00000000b8300000| PB 0x00000000b8200000| Untracked |  0
| 387|0x00000000b8300000, 0x00000000b8400000, 0x00000000b8400000|100%| O|  |TAMS 0x00000000b8400000| PB 0x00000000b8300000| Untracked |  0
| 388|0x00000000b8400000, 0x00000000b8500000, 0x00000000b8500000|100%| O|  |TAMS 0x00000000b8500000| PB 0x00000000b8400000| Untracked |  0
| 389|0x00000000b8500000, 0x00000000b8600000, 0x00000000b8600000|100%| O|  |TAMS 0x00000000b8600000| PB 0x00000000b8500000| Untracked |  0
| 390|0x00000000b8600000, 0x00000000b8700000, 0x00000000b8700000|100%| O|  |TAMS 0x00000000b8700000| PB 0x00000000b8600000| Untracked |  0
| 391|0x00000000b8700000, 0x00000000b8800000, 0x00000000b8800000|100%| O|  |TAMS 0x00000000b8800000| PB 0x00000000b8700000| Untracked |  0
| 392|0x00000000b8800000, 0x00000000b8900000, 0x00000000b8900000|100%| O|  |TAMS 0x00000000b8900000| PB 0x00000000b8800000| Untracked |  0
| 393|0x00000000b8900000, 0x00000000b8a00000, 0x00000000b8a00000|100%| O|  |TAMS 0x00000000b8a00000| PB 0x00000000b8900000| Untracked |  0
| 394|0x00000000b8a00000, 0x00000000b8b00000, 0x00000000b8b00000|100%| O|  |TAMS 0x00000000b8b00000| PB 0x00000000b8a00000| Untracked |  0
| 395|0x00000000b8b00000, 0x00000000b8c00000, 0x00000000b8c00000|100%| O|  |TAMS 0x00000000b8c00000| PB 0x00000000b8b00000| Untracked |  0
| 396|0x00000000b8c00000, 0x00000000b8d00000, 0x00000000b8d00000|100%| O|  |TAMS 0x00000000b8d00000| PB 0x00000000b8c00000| Untracked |  0
| 397|0x00000000b8d00000, 0x00000000b8e00000, 0x00000000b8e00000|100%| O|  |TAMS 0x00000000b8e00000| PB 0x00000000b8d00000| Untracked |  0
| 398|0x00000000b8e00000, 0x00000000b8f00000, 0x00000000b8f00000|100%| O|  |TAMS 0x00000000b8f00000| PB 0x00000000b8e00000| Untracked |  0
| 399|0x00000000b8f00000, 0x00000000b9000000, 0x00000000b9000000|100%| O|  |TAMS 0x00000000b9000000| PB 0x00000000b8f00000| Untracked |  0
| 400|0x00000000b9000000, 0x00000000b9100000, 0x00000000b9100000|100%| O|  |TAMS 0x00000000b9100000| PB 0x00000000b9000000| Untracked |  0
| 401|0x00000000b9100000, 0x00000000b9200000, 0x00000000b9200000|100%| O|  |TAMS 0x00000000b9200000| PB 0x00000000b9100000| Untracked |  0
| 402|0x00000000b9200000, 0x00000000b9300000, 0x00000000b9300000|100%| O|  |TAMS 0x00000000b9300000| PB 0x00000000b9200000| Untracked |  0
| 403|0x00000000b9300000, 0x00000000b9400000, 0x00000000b9400000|100%| O|  |TAMS 0x00000000b9400000| PB 0x00000000b9300000| Untracked |  0
| 404|0x00000000b9400000, 0x00000000b9500000, 0x00000000b9500000|100%| O|  |TAMS 0x00000000b9500000| PB 0x00000000b9400000| Untracked |  0
| 405|0x00000000b9500000, 0x00000000b9600000, 0x00000000b9600000|100%| O|  |TAMS 0x00000000b9600000| PB 0x00000000b9500000| Untracked |  0
| 406|0x00000000b9600000, 0x00000000b9700000, 0x00000000b9700000|100%| O|  |TAMS 0x00000000b9700000| PB 0x00000000b9600000| Untracked |  0
| 407|0x00000000b9700000, 0x00000000b9800000, 0x00000000b9800000|100%| O|  |TAMS 0x00000000b9800000| PB 0x00000000b9700000| Untracked |  0
| 408|0x00000000b9800000, 0x00000000b9900000, 0x00000000b9900000|100%| O|  |TAMS 0x00000000b9900000| PB 0x00000000b9800000| Untracked |  0
| 409|0x00000000b9900000, 0x00000000b9a00000, 0x00000000b9a00000|100%| O|  |TAMS 0x00000000b9a00000| PB 0x00000000b9900000| Untracked |  0
| 410|0x00000000b9a00000, 0x00000000b9b00000, 0x00000000b9b00000|100%| O|  |TAMS 0x00000000b9b00000| PB 0x00000000b9a00000| Untracked |  0
| 411|0x00000000b9b00000, 0x00000000b9c00000, 0x00000000b9c00000|100%| O|  |TAMS 0x00000000b9c00000| PB 0x00000000b9b00000| Untracked |  0
| 412|0x00000000b9c00000, 0x00000000b9d00000, 0x00000000b9d00000|100%| O|  |TAMS 0x00000000b9d00000| PB 0x00000000b9c00000| Untracked |  0
| 413|0x00000000b9d00000, 0x00000000b9e00000, 0x00000000b9e00000|100%| O|  |TAMS 0x00000000b9e00000| PB 0x00000000b9d00000| Untracked |  0
| 414|0x00000000b9e00000, 0x00000000b9f00000, 0x00000000b9f00000|100%| O|  |TAMS 0x00000000b9f00000| PB 0x00000000b9e00000| Untracked |  0
| 415|0x00000000b9f00000, 0x00000000ba000000, 0x00000000ba000000|100%| O|  |TAMS 0x00000000ba000000| PB 0x00000000b9f00000| Untracked |  0
| 416|0x00000000ba000000, 0x00000000ba100000, 0x00000000ba100000|100%| O|  |TAMS 0x00000000ba100000| PB 0x00000000ba000000| Untracked |  0
| 417|0x00000000ba100000, 0x00000000ba200000, 0x00000000ba200000|100%| O|  |TAMS 0x00000000ba200000| PB 0x00000000ba100000| Untracked |  0
| 418|0x00000000ba200000, 0x00000000ba300000, 0x00000000ba300000|100%| O|  |TAMS 0x00000000ba300000| PB 0x00000000ba200000| Untracked |  0
| 419|0x00000000ba300000, 0x00000000ba400000, 0x00000000ba400000|100%| O|  |TAMS 0x00000000ba400000| PB 0x00000000ba300000| Untracked |  0
| 420|0x00000000ba400000, 0x00000000ba500000, 0x00000000ba500000|100%| O|  |TAMS 0x00000000ba500000| PB 0x00000000ba400000| Untracked |  0
| 421|0x00000000ba500000, 0x00000000ba600000, 0x00000000ba600000|100%| O|  |TAMS 0x00000000ba600000| PB 0x00000000ba500000| Untracked |  0
| 422|0x00000000ba600000, 0x00000000ba700000, 0x00000000ba700000|100%| O|  |TAMS 0x00000000ba700000| PB 0x00000000ba600000| Untracked |  0
| 423|0x00000000ba700000, 0x00000000ba800000, 0x00000000ba800000|100%| O|  |TAMS 0x00000000ba800000| PB 0x00000000ba700000| Untracked |  0
| 424|0x00000000ba800000, 0x00000000ba900000, 0x00000000ba900000|100%| O|  |TAMS 0x00000000ba900000| PB 0x00000000ba800000| Untracked |  0
| 425|0x00000000ba900000, 0x00000000baa00000, 0x00000000baa00000|100%| O|  |TAMS 0x00000000baa00000| PB 0x00000000ba900000| Untracked |  0
| 426|0x00000000baa00000, 0x00000000bab00000, 0x00000000bab00000|100%| O|  |TAMS 0x00000000bab00000| PB 0x00000000baa00000| Untracked |  0
| 427|0x00000000bab00000, 0x00000000bac00000, 0x00000000bac00000|100%| O|  |TAMS 0x00000000bac00000| PB 0x00000000bab00000| Untracked |  0
| 428|0x00000000bac00000, 0x00000000bad00000, 0x00000000bad00000|100%| O|  |TAMS 0x00000000bad00000| PB 0x00000000bac00000| Untracked |  0
| 429|0x00000000bad00000, 0x00000000bae00000, 0x00000000bae00000|100%| O|  |TAMS 0x00000000bae00000| PB 0x00000000bad00000| Untracked |  0
| 430|0x00000000bae00000, 0x00000000baf00000, 0x00000000baf00000|100%| O|  |TAMS 0x00000000baf00000| PB 0x00000000bae00000| Untracked |  0
| 431|0x00000000baf00000, 0x00000000bb000000, 0x00000000bb000000|100%| O|  |TAMS 0x00000000bb000000| PB 0x00000000baf00000| Untracked |  0
| 432|0x00000000bb000000, 0x00000000bb100000, 0x00000000bb100000|100%| O|  |TAMS 0x00000000bb100000| PB 0x00000000bb000000| Untracked |  0
| 433|0x00000000bb100000, 0x00000000bb200000, 0x00000000bb200000|100%| O|  |TAMS 0x00000000bb200000| PB 0x00000000bb100000| Untracked |  0
| 434|0x00000000bb200000, 0x00000000bb300000, 0x00000000bb300000|100%| O|  |TAMS 0x00000000bb300000| PB 0x00000000bb200000| Untracked |  0
| 435|0x00000000bb300000, 0x00000000bb400000, 0x00000000bb400000|100%| O|  |TAMS 0x00000000bb400000| PB 0x00000000bb300000| Untracked |  0
| 436|0x00000000bb400000, 0x00000000bb500000, 0x00000000bb500000|100%| O|  |TAMS 0x00000000bb500000| PB 0x00000000bb400000| Untracked |  0
| 437|0x00000000bb500000, 0x00000000bb600000, 0x00000000bb600000|100%| O|  |TAMS 0x00000000bb600000| PB 0x00000000bb500000| Untracked |  0
| 438|0x00000000bb600000, 0x00000000bb700000, 0x00000000bb700000|100%| O|  |TAMS 0x00000000bb700000| PB 0x00000000bb600000| Untracked |  0
| 439|0x00000000bb700000, 0x00000000bb800000, 0x00000000bb800000|100%| O|  |TAMS 0x00000000bb800000| PB 0x00000000bb700000| Untracked |  0
| 440|0x00000000bb800000, 0x00000000bb900000, 0x00000000bb900000|100%| O|  |TAMS 0x00000000bb900000| PB 0x00000000bb800000| Untracked |  0
| 441|0x00000000bb900000, 0x00000000bba00000, 0x00000000bba00000|100%| O|  |TAMS 0x00000000bba00000| PB 0x00000000bb900000| Untracked |  0
| 442|0x00000000bba00000, 0x00000000bbb00000, 0x00000000bbb00000|100%| O|  |TAMS 0x00000000bbb00000| PB 0x00000000bba00000| Untracked |  0
| 443|0x00000000bbb00000, 0x00000000bbc00000, 0x00000000bbc00000|100%| O|  |TAMS 0x00000000bbc00000| PB 0x00000000bbb00000| Untracked |  0
| 444|0x00000000bbc00000, 0x00000000bbd00000, 0x00000000bbd00000|100%| O|  |TAMS 0x00000000bbd00000| PB 0x00000000bbc00000| Untracked |  0
| 445|0x00000000bbd00000, 0x00000000bbe00000, 0x00000000bbe00000|100%| O|  |TAMS 0x00000000bbe00000| PB 0x00000000bbd00000| Untracked |  0
| 446|0x00000000bbe00000, 0x00000000bbf00000, 0x00000000bbf00000|100%| O|  |TAMS 0x00000000bbf00000| PB 0x00000000bbe00000| Untracked |  0
| 447|0x00000000bbf00000, 0x00000000bc000000, 0x00000000bc000000|100%| O|  |TAMS 0x00000000bc000000| PB 0x00000000bbf00000| Untracked |  0
| 448|0x00000000bc000000, 0x00000000bc100000, 0x00000000bc100000|100%| O|  |TAMS 0x00000000bc100000| PB 0x00000000bc000000| Untracked |  0
| 449|0x00000000bc100000, 0x00000000bc200000, 0x00000000bc200000|100%| O|  |TAMS 0x00000000bc200000| PB 0x00000000bc100000| Untracked |  0
| 450|0x00000000bc200000, 0x00000000bc300000, 0x00000000bc300000|100%| O|  |TAMS 0x00000000bc300000| PB 0x00000000bc200000| Untracked |  0
| 451|0x00000000bc300000, 0x00000000bc400000, 0x00000000bc400000|100%| O|  |TAMS 0x00000000bc400000| PB 0x00000000bc300000| Untracked |  0
| 452|0x00000000bc400000, 0x00000000bc500000, 0x00000000bc500000|100%| O|  |TAMS 0x00000000bc500000| PB 0x00000000bc400000| Untracked |  0
| 453|0x00000000bc500000, 0x00000000bc600000, 0x00000000bc600000|100%| O|  |TAMS 0x00000000bc600000| PB 0x00000000bc500000| Untracked |  0
| 454|0x00000000bc600000, 0x00000000bc700000, 0x00000000bc700000|100%| O|  |TAMS 0x00000000bc700000| PB 0x00000000bc600000| Untracked |  0
| 455|0x00000000bc700000, 0x00000000bc800000, 0x00000000bc800000|100%| O|  |TAMS 0x00000000bc800000| PB 0x00000000bc700000| Untracked |  0
| 456|0x00000000bc800000, 0x00000000bc900000, 0x00000000bc900000|100%| O|  |TAMS 0x00000000bc900000| PB 0x00000000bc800000| Untracked |  0
| 457|0x00000000bc900000, 0x00000000bca00000, 0x00000000bca00000|100%| O|  |TAMS 0x00000000bca00000| PB 0x00000000bc900000| Untracked |  0
| 458|0x00000000bca00000, 0x00000000bcb00000, 0x00000000bcb00000|100%| O|  |TAMS 0x00000000bcb00000| PB 0x00000000bca00000| Untracked |  0
| 459|0x00000000bcb00000, 0x00000000bcc00000, 0x00000000bcc00000|100%| O|  |TAMS 0x00000000bcc00000| PB 0x00000000bcb00000| Untracked |  0
| 460|0x00000000bcc00000, 0x00000000bcd00000, 0x00000000bcd00000|100%| O|  |TAMS 0x00000000bcd00000| PB 0x00000000bcc00000| Untracked |  0
| 461|0x00000000bcd00000, 0x00000000bce00000, 0x00000000bce00000|100%| O|  |TAMS 0x00000000bce00000| PB 0x00000000bcd00000| Untracked |  0
| 462|0x00000000bce00000, 0x00000000bcf00000, 0x00000000bcf00000|100%| O|  |TAMS 0x00000000bcf00000| PB 0x00000000bce00000| Untracked |  0
| 463|0x00000000bcf00000, 0x00000000bd000000, 0x00000000bd000000|100%| O|  |TAMS 0x00000000bd000000| PB 0x00000000bcf00000| Untracked |  0
| 464|0x00000000bd000000, 0x00000000bd100000, 0x00000000bd100000|100%| O|  |TAMS 0x00000000bd100000| PB 0x00000000bd000000| Untracked |  0
| 465|0x00000000bd100000, 0x00000000bd200000, 0x00000000bd200000|100%| O|  |TAMS 0x00000000bd200000| PB 0x00000000bd100000| Untracked |  0
| 466|0x00000000bd200000, 0x00000000bd300000, 0x00000000bd300000|100%| O|  |TAMS 0x00000000bd300000| PB 0x00000000bd200000| Untracked |  0
| 467|0x00000000bd300000, 0x00000000bd400000, 0x00000000bd400000|100%| O|  |TAMS 0x00000000bd400000| PB 0x00000000bd300000| Untracked |  0
| 468|0x00000000bd400000, 0x00000000bd500000, 0x00000000bd500000|100%| O|  |TAMS 0x00000000bd500000| PB 0x00000000bd400000| Untracked |  0
| 469|0x00000000bd500000, 0x00000000bd600000, 0x00000000bd600000|100%| O|  |TAMS 0x00000000bd600000| PB 0x00000000bd500000| Untracked |  0
| 470|0x00000000bd600000, 0x00000000bd700000, 0x00000000bd700000|100%| O|  |TAMS 0x00000000bd700000| PB 0x00000000bd600000| Untracked |  0
| 471|0x00000000bd700000, 0x00000000bd800000, 0x00000000bd800000|100%| O|  |TAMS 0x00000000bd800000| PB 0x00000000bd700000| Untracked |  0
| 472|0x00000000bd800000, 0x00000000bd900000, 0x00000000bd900000|100%| O|  |TAMS 0x00000000bd900000| PB 0x00000000bd800000| Untracked |  0
| 473|0x00000000bd900000, 0x00000000bda00000, 0x00000000bda00000|100%| O|  |TAMS 0x00000000bda00000| PB 0x00000000bd900000| Untracked |  0
| 474|0x00000000bda00000, 0x00000000bdb00000, 0x00000000bdb00000|100%| O|  |TAMS 0x00000000bdb00000| PB 0x00000000bda00000| Untracked |  0
| 475|0x00000000bdb00000, 0x00000000bdc00000, 0x00000000bdc00000|100%| O|  |TAMS 0x00000000bdc00000| PB 0x00000000bdb00000| Untracked |  0
| 476|0x00000000bdc00000, 0x00000000bdd00000, 0x00000000bdd00000|100%| O|  |TAMS 0x00000000bdd00000| PB 0x00000000bdc00000| Untracked |  0
| 477|0x00000000bdd00000, 0x00000000bde00000, 0x00000000bde00000|100%| O|  |TAMS 0x00000000bde00000| PB 0x00000000bdd00000| Untracked |  0
| 478|0x00000000bde00000, 0x00000000bdf00000, 0x00000000bdf00000|100%| O|  |TAMS 0x00000000bdf00000| PB 0x00000000bde00000| Untracked |  0
| 479|0x00000000bdf00000, 0x00000000be000000, 0x00000000be000000|100%| O|  |TAMS 0x00000000be000000| PB 0x00000000bdf00000| Untracked |  0
| 480|0x00000000be000000, 0x00000000be100000, 0x00000000be100000|100%| O|  |TAMS 0x00000000be100000| PB 0x00000000be000000| Untracked |  0
| 481|0x00000000be100000, 0x00000000be200000, 0x00000000be200000|100%| O|  |TAMS 0x00000000be200000| PB 0x00000000be100000| Untracked |  0
| 482|0x00000000be200000, 0x00000000be300000, 0x00000000be300000|100%| O|  |TAMS 0x00000000be300000| PB 0x00000000be200000| Untracked |  0
| 483|0x00000000be300000, 0x00000000be400000, 0x00000000be400000|100%| O|  |TAMS 0x00000000be400000| PB 0x00000000be300000| Untracked |  0
| 484|0x00000000be400000, 0x00000000be500000, 0x00000000be500000|100%| O|  |TAMS 0x00000000be500000| PB 0x00000000be400000| Untracked |  0
| 485|0x00000000be500000, 0x00000000be600000, 0x00000000be600000|100%| O|  |TAMS 0x00000000be600000| PB 0x00000000be500000| Untracked |  0
| 486|0x00000000be600000, 0x00000000be700000, 0x00000000be700000|100%| O|  |TAMS 0x00000000be700000| PB 0x00000000be600000| Untracked |  0
| 487|0x00000000be700000, 0x00000000be800000, 0x00000000be800000|100%|HS|  |TAMS 0x00000000be800000| PB 0x00000000be700000| Complete |  0
| 488|0x00000000be800000, 0x00000000be900000, 0x00000000be900000|100%|HS|  |TAMS 0x00000000be900000| PB 0x00000000be800000| Complete |  0
| 489|0x00000000be900000, 0x00000000bea00000, 0x00000000bea00000|100%| O|  |TAMS 0x00000000bea00000| PB 0x00000000be900000| Untracked |  0
| 490|0x00000000bea00000, 0x00000000beb00000, 0x00000000beb00000|100%| O|  |TAMS 0x00000000beb00000| PB 0x00000000bea00000| Untracked |  0
| 491|0x00000000beb00000, 0x00000000bec00000, 0x00000000bec00000|100%| O|  |TAMS 0x00000000bec00000| PB 0x00000000beb00000| Untracked |  0
| 492|0x00000000bec00000, 0x00000000bed00000, 0x00000000bed00000|100%| O|  |TAMS 0x00000000bed00000| PB 0x00000000bec00000| Untracked |  0
| 493|0x00000000bed00000, 0x00000000bee00000, 0x00000000bee00000|100%| O|  |TAMS 0x00000000bee00000| PB 0x00000000bed00000| Untracked |  0
| 494|0x00000000bee00000, 0x00000000bef00000, 0x00000000bef00000|100%| O|  |TAMS 0x00000000bef00000| PB 0x00000000bee00000| Untracked |  0
| 495|0x00000000bef00000, 0x00000000bf000000, 0x00000000bf000000|100%| O|  |TAMS 0x00000000bf000000| PB 0x00000000bef00000| Untracked |  0
| 496|0x00000000bf000000, 0x00000000bf100000, 0x00000000bf100000|100%| O|  |TAMS 0x00000000bf100000| PB 0x00000000bf000000| Untracked |  0
| 497|0x00000000bf100000, 0x00000000bf200000, 0x00000000bf200000|100%| O|  |TAMS 0x00000000bf200000| PB 0x00000000bf100000| Untracked |  0
| 498|0x00000000bf200000, 0x00000000bf300000, 0x00000000bf300000|100%| O|  |TAMS 0x00000000bf300000| PB 0x00000000bf200000| Untracked |  0
| 499|0x00000000bf300000, 0x00000000bf400000, 0x00000000bf400000|100%| O|  |TAMS 0x00000000bf400000| PB 0x00000000bf300000| Untracked |  0
| 500|0x00000000bf400000, 0x00000000bf500000, 0x00000000bf500000|100%| O|  |TAMS 0x00000000bf500000| PB 0x00000000bf400000| Untracked |  0
| 501|0x00000000bf500000, 0x00000000bf600000, 0x00000000bf600000|100%| O|  |TAMS 0x00000000bf600000| PB 0x00000000bf500000| Untracked |  0
| 502|0x00000000bf600000, 0x00000000bf700000, 0x00000000bf700000|100%| O|  |TAMS 0x00000000bf700000| PB 0x00000000bf600000| Untracked |  0
| 503|0x00000000bf700000, 0x00000000bf800000, 0x00000000bf800000|100%| O|  |TAMS 0x00000000bf800000| PB 0x00000000bf700000| Untracked |  0
| 504|0x00000000bf800000, 0x00000000bf900000, 0x00000000bf900000|100%| O|  |TAMS 0x00000000bf900000| PB 0x00000000bf800000| Untracked |  0
| 505|0x00000000bf900000, 0x00000000bfa00000, 0x00000000bfa00000|100%| O|  |TAMS 0x00000000bfa00000| PB 0x00000000bf900000| Untracked |  0
| 506|0x00000000bfa00000, 0x00000000bfb00000, 0x00000000bfb00000|100%| O|  |TAMS 0x00000000bfb00000| PB 0x00000000bfa00000| Untracked |  0
| 507|0x00000000bfb00000, 0x00000000bfc00000, 0x00000000bfc00000|100%| O|  |TAMS 0x00000000bfc00000| PB 0x00000000bfb00000| Untracked |  0
| 508|0x00000000bfc00000, 0x00000000bfd00000, 0x00000000bfd00000|100%| O|  |TAMS 0x00000000bfd00000| PB 0x00000000bfc00000| Untracked |  0
| 509|0x00000000bfd00000, 0x00000000bfe00000, 0x00000000bfe00000|100%| O|  |TAMS 0x00000000bfe00000| PB 0x00000000bfd00000| Untracked |  0
| 510|0x00000000bfe00000, 0x00000000bff00000, 0x00000000bff00000|100%| O|  |TAMS 0x00000000bff00000| PB 0x00000000bfe00000| Untracked |  0
| 511|0x00000000bff00000, 0x00000000c0000000, 0x00000000c0000000|100%| O|  |TAMS 0x00000000c0000000| PB 0x00000000bff00000| Untracked |  0
| 512|0x00000000c0000000, 0x00000000c0100000, 0x00000000c0100000|100%| O|  |TAMS 0x00000000c0100000| PB 0x00000000c0000000| Untracked |  0
| 513|0x00000000c0100000, 0x00000000c0200000, 0x00000000c0200000|100%| O|  |TAMS 0x00000000c0200000| PB 0x00000000c0100000| Untracked |  0
| 514|0x00000000c0200000, 0x00000000c0300000, 0x00000000c0300000|100%| O|  |TAMS 0x00000000c0300000| PB 0x00000000c0200000| Untracked |  0
| 515|0x00000000c0300000, 0x00000000c0400000, 0x00000000c0400000|100%| O|  |TAMS 0x00000000c0400000| PB 0x00000000c0300000| Untracked |  0
| 516|0x00000000c0400000, 0x00000000c0500000, 0x00000000c0500000|100%| O|  |TAMS 0x00000000c0500000| PB 0x00000000c0400000| Untracked |  0
| 517|0x00000000c0500000, 0x00000000c0600000, 0x00000000c0600000|100%| O|  |TAMS 0x00000000c0600000| PB 0x00000000c0500000| Untracked |  0
| 518|0x00000000c0600000, 0x00000000c0700000, 0x00000000c0700000|100%| O|  |TAMS 0x00000000c0700000| PB 0x00000000c0600000| Untracked |  0
| 519|0x00000000c0700000, 0x00000000c0800000, 0x00000000c0800000|100%| O|  |TAMS 0x00000000c0800000| PB 0x00000000c0700000| Untracked |  0
| 520|0x00000000c0800000, 0x00000000c0900000, 0x00000000c0900000|100%| O|  |TAMS 0x00000000c0900000| PB 0x00000000c0800000| Untracked |  0
| 521|0x00000000c0900000, 0x00000000c0a00000, 0x00000000c0a00000|100%| O|  |TAMS 0x00000000c0a00000| PB 0x00000000c0900000| Untracked |  0
| 522|0x00000000c0a00000, 0x00000000c0b00000, 0x00000000c0b00000|100%| O|  |TAMS 0x00000000c0b00000| PB 0x00000000c0a00000| Untracked |  0
| 523|0x00000000c0b00000, 0x00000000c0c00000, 0x00000000c0c00000|100%| O|  |TAMS 0x00000000c0c00000| PB 0x00000000c0b00000| Untracked |  0
| 524|0x00000000c0c00000, 0x00000000c0d00000, 0x00000000c0d00000|100%| O|  |TAMS 0x00000000c0d00000| PB 0x00000000c0c00000| Untracked |  0
| 525|0x00000000c0d00000, 0x00000000c0e00000, 0x00000000c0e00000|100%| O|  |TAMS 0x00000000c0e00000| PB 0x00000000c0d00000| Untracked |  0
| 526|0x00000000c0e00000, 0x00000000c0f00000, 0x00000000c0f00000|100%| O|  |TAMS 0x00000000c0f00000| PB 0x00000000c0e00000| Untracked |  0
| 527|0x00000000c0f00000, 0x00000000c1000000, 0x00000000c1000000|100%| O|  |TAMS 0x00000000c1000000| PB 0x00000000c0f00000| Untracked |  0
| 528|0x00000000c1000000, 0x00000000c1100000, 0x00000000c1100000|100%| O|  |TAMS 0x00000000c1100000| PB 0x00000000c1000000| Untracked |  0
| 529|0x00000000c1100000, 0x00000000c1200000, 0x00000000c1200000|100%| O|  |TAMS 0x00000000c1200000| PB 0x00000000c1100000| Untracked |  0
| 530|0x00000000c1200000, 0x00000000c1300000, 0x00000000c1300000|100%| O|  |TAMS 0x00000000c1300000| PB 0x00000000c1200000| Untracked |  0
| 531|0x00000000c1300000, 0x00000000c1400000, 0x00000000c1400000|100%| O|  |TAMS 0x00000000c1400000| PB 0x00000000c1300000| Untracked |  0
| 532|0x00000000c1400000, 0x00000000c1500000, 0x00000000c1500000|100%| O|  |TAMS 0x00000000c1500000| PB 0x00000000c1400000| Untracked |  0
| 533|0x00000000c1500000, 0x00000000c1600000, 0x00000000c1600000|100%| O|  |TAMS 0x00000000c1600000| PB 0x00000000c1500000| Untracked |  0
| 534|0x00000000c1600000, 0x00000000c1700000, 0x00000000c1700000|100%| O|  |TAMS 0x00000000c1700000| PB 0x00000000c1600000| Untracked |  0
| 535|0x00000000c1700000, 0x00000000c1800000, 0x00000000c1800000|100%| O|  |TAMS 0x00000000c1800000| PB 0x00000000c1700000| Untracked |  0
| 536|0x00000000c1800000, 0x00000000c1900000, 0x00000000c1900000|100%| O|  |TAMS 0x00000000c1900000| PB 0x00000000c1800000| Untracked |  0
| 537|0x00000000c1900000, 0x00000000c1a00000, 0x00000000c1a00000|100%| O|  |TAMS 0x00000000c1a00000| PB 0x00000000c1900000| Untracked |  0
| 538|0x00000000c1a00000, 0x00000000c1b00000, 0x00000000c1b00000|100%| O|  |TAMS 0x00000000c1b00000| PB 0x00000000c1a00000| Untracked |  0
| 539|0x00000000c1b00000, 0x00000000c1c00000, 0x00000000c1c00000|100%| O|  |TAMS 0x00000000c1c00000| PB 0x00000000c1b00000| Untracked |  0
| 540|0x00000000c1c00000, 0x00000000c1d00000, 0x00000000c1d00000|100%| O|  |TAMS 0x00000000c1d00000| PB 0x00000000c1c00000| Untracked |  0
| 541|0x00000000c1d00000, 0x00000000c1e00000, 0x00000000c1e00000|100%| O|  |TAMS 0x00000000c1e00000| PB 0x00000000c1d00000| Untracked |  0
| 542|0x00000000c1e00000, 0x00000000c1f00000, 0x00000000c1f00000|100%| O|  |TAMS 0x00000000c1f00000| PB 0x00000000c1e00000| Untracked |  0
| 543|0x00000000c1f00000, 0x00000000c2000000, 0x00000000c2000000|100%| O|  |TAMS 0x00000000c2000000| PB 0x00000000c1f00000| Untracked |  0
| 544|0x00000000c2000000, 0x00000000c2100000, 0x00000000c2100000|100%| O|  |TAMS 0x00000000c2100000| PB 0x00000000c2000000| Untracked |  0
| 545|0x00000000c2100000, 0x00000000c2200000, 0x00000000c2200000|100%| O|  |TAMS 0x00000000c2200000| PB 0x00000000c2100000| Untracked |  0
| 546|0x00000000c2200000, 0x00000000c2300000, 0x00000000c2300000|100%| O|  |TAMS 0x00000000c2300000| PB 0x00000000c2200000| Untracked |  0
| 547|0x00000000c2300000, 0x00000000c2400000, 0x00000000c2400000|100%| O|  |TAMS 0x00000000c2400000| PB 0x00000000c2300000| Untracked |  0
| 548|0x00000000c2400000, 0x00000000c2500000, 0x00000000c2500000|100%| O|  |TAMS 0x00000000c2500000| PB 0x00000000c2400000| Untracked |  0
| 549|0x00000000c2500000, 0x00000000c2600000, 0x00000000c2600000|100%| O|  |TAMS 0x00000000c2600000| PB 0x00000000c2500000| Untracked |  0
| 550|0x00000000c2600000, 0x00000000c2700000, 0x00000000c2700000|100%| O|  |TAMS 0x00000000c2700000| PB 0x00000000c2600000| Untracked |  0
| 551|0x00000000c2700000, 0x00000000c2800000, 0x00000000c2800000|100%| O|  |TAMS 0x00000000c2800000| PB 0x00000000c2700000| Untracked |  0
| 552|0x00000000c2800000, 0x00000000c2900000, 0x00000000c2900000|100%| O|  |TAMS 0x00000000c2900000| PB 0x00000000c2800000| Untracked |  0
| 553|0x00000000c2900000, 0x00000000c2a00000, 0x00000000c2a00000|100%| O|  |TAMS 0x00000000c2a00000| PB 0x00000000c2900000| Untracked |  0
| 554|0x00000000c2a00000, 0x00000000c2b00000, 0x00000000c2b00000|100%| O|  |TAMS 0x00000000c2b00000| PB 0x00000000c2a00000| Untracked |  0
| 555|0x00000000c2b00000, 0x00000000c2c00000, 0x00000000c2c00000|100%| O|  |TAMS 0x00000000c2c00000| PB 0x00000000c2b00000| Untracked |  0
| 556|0x00000000c2c00000, 0x00000000c2d00000, 0x00000000c2d00000|100%| O|  |TAMS 0x00000000c2d00000| PB 0x00000000c2c00000| Untracked |  0
| 557|0x00000000c2d00000, 0x00000000c2e00000, 0x00000000c2e00000|100%| O|  |TAMS 0x00000000c2e00000| PB 0x00000000c2d00000| Untracked |  0
| 558|0x00000000c2e00000, 0x00000000c2f00000, 0x00000000c2f00000|100%| O|  |TAMS 0x00000000c2f00000| PB 0x00000000c2e00000| Untracked |  0
| 559|0x00000000c2f00000, 0x00000000c3000000, 0x00000000c3000000|100%| O|  |TAMS 0x00000000c3000000| PB 0x00000000c2f00000| Untracked |  0
| 560|0x00000000c3000000, 0x00000000c3100000, 0x00000000c3100000|100%| O|  |TAMS 0x00000000c3100000| PB 0x00000000c3000000| Untracked |  0
| 561|0x00000000c3100000, 0x00000000c3200000, 0x00000000c3200000|100%| O|  |TAMS 0x00000000c3200000| PB 0x00000000c3100000| Untracked |  0
| 562|0x00000000c3200000, 0x00000000c3300000, 0x00000000c3300000|100%| O|  |TAMS 0x00000000c3300000| PB 0x00000000c3200000| Untracked |  0
| 563|0x00000000c3300000, 0x00000000c3400000, 0x00000000c3400000|100%| O|  |TAMS 0x00000000c3400000| PB 0x00000000c3300000| Untracked |  0
| 564|0x00000000c3400000, 0x00000000c3500000, 0x00000000c3500000|100%| O|  |TAMS 0x00000000c3500000| PB 0x00000000c3400000| Untracked |  0
| 565|0x00000000c3500000, 0x00000000c3600000, 0x00000000c3600000|100%| O|  |TAMS 0x00000000c3600000| PB 0x00000000c3500000| Untracked |  0
| 566|0x00000000c3600000, 0x00000000c3700000, 0x00000000c3700000|100%| O|  |TAMS 0x00000000c3700000| PB 0x00000000c3600000| Untracked |  0
| 567|0x00000000c3700000, 0x00000000c3800000, 0x00000000c3800000|100%| O|  |TAMS 0x00000000c3800000| PB 0x00000000c3700000| Untracked |  0
| 568|0x00000000c3800000, 0x00000000c3900000, 0x00000000c3900000|100%| O|  |TAMS 0x00000000c3900000| PB 0x00000000c3800000| Untracked |  0
| 569|0x00000000c3900000, 0x00000000c3a00000, 0x00000000c3a00000|100%|HS|  |TAMS 0x00000000c3a00000| PB 0x00000000c3900000| Complete |  0
| 570|0x00000000c3a00000, 0x00000000c3b00000, 0x00000000c3b00000|100%|HS|  |TAMS 0x00000000c3b00000| PB 0x00000000c3a00000| Complete |  0
| 571|0x00000000c3b00000, 0x00000000c3c00000, 0x00000000c3c00000|100%|HS|  |TAMS 0x00000000c3c00000| PB 0x00000000c3b00000| Complete |  0
| 572|0x00000000c3c00000, 0x00000000c3d00000, 0x00000000c3d00000|100%| O|  |TAMS 0x00000000c3d00000| PB 0x00000000c3c00000| Untracked |  0
| 573|0x00000000c3d00000, 0x00000000c3e00000, 0x00000000c3e00000|100%| O|  |TAMS 0x00000000c3e00000| PB 0x00000000c3d00000| Untracked |  0
| 574|0x00000000c3e00000, 0x00000000c3f00000, 0x00000000c3f00000|100%| O|  |TAMS 0x00000000c3f00000| PB 0x00000000c3e00000| Untracked |  0
| 575|0x00000000c3f00000, 0x00000000c4000000, 0x00000000c4000000|100%| O|  |TAMS 0x00000000c4000000| PB 0x00000000c3f00000| Untracked |  0
| 576|0x00000000c4000000, 0x00000000c4100000, 0x00000000c4100000|100%| O|  |TAMS 0x00000000c4100000| PB 0x00000000c4000000| Untracked |  0
| 577|0x00000000c4100000, 0x00000000c4200000, 0x00000000c4200000|100%| O|  |TAMS 0x00000000c4200000| PB 0x00000000c4100000| Untracked |  0
| 578|0x00000000c4200000, 0x00000000c4300000, 0x00000000c4300000|100%| O|  |TAMS 0x00000000c4300000| PB 0x00000000c4200000| Untracked |  0
| 579|0x00000000c4300000, 0x00000000c4400000, 0x00000000c4400000|100%| O|  |TAMS 0x00000000c4400000| PB 0x00000000c4300000| Untracked |  0
| 580|0x00000000c4400000, 0x00000000c4500000, 0x00000000c4500000|100%| O|  |TAMS 0x00000000c4500000| PB 0x00000000c4400000| Untracked |  0
| 581|0x00000000c4500000, 0x00000000c4600000, 0x00000000c4600000|100%| O|  |TAMS 0x00000000c4600000| PB 0x00000000c4500000| Untracked |  0
| 582|0x00000000c4600000, 0x00000000c4700000, 0x00000000c4700000|100%| O|  |TAMS 0x00000000c4700000| PB 0x00000000c4600000| Untracked |  0
| 583|0x00000000c4700000, 0x00000000c4800000, 0x00000000c4800000|100%| O|  |TAMS 0x00000000c4800000| PB 0x00000000c4700000| Untracked |  0
| 584|0x00000000c4800000, 0x00000000c4900000, 0x00000000c4900000|100%| O|  |TAMS 0x00000000c4900000| PB 0x00000000c4800000| Untracked |  0
| 585|0x00000000c4900000, 0x00000000c4a00000, 0x00000000c4a00000|100%|HS|  |TAMS 0x00000000c4a00000| PB 0x00000000c4900000| Complete |  0
| 586|0x00000000c4a00000, 0x00000000c4b00000, 0x00000000c4b00000|100%|HS|  |TAMS 0x00000000c4b00000| PB 0x00000000c4a00000| Complete |  0
| 587|0x00000000c4b00000, 0x00000000c4c00000, 0x00000000c4c00000|100%|HC|  |TAMS 0x00000000c4c00000| PB 0x00000000c4b00000| Complete |  0
| 588|0x00000000c4c00000, 0x00000000c4d00000, 0x00000000c4d00000|100%|HS|  |TAMS 0x00000000c4d00000| PB 0x00000000c4c00000| Complete |  0
| 589|0x00000000c4d00000, 0x00000000c4e00000, 0x00000000c4e00000|100%|HS|  |TAMS 0x00000000c4e00000| PB 0x00000000c4d00000| Complete |  0
| 590|0x00000000c4e00000, 0x00000000c4f00000, 0x00000000c4f00000|100%| O|  |TAMS 0x00000000c4f00000| PB 0x00000000c4e00000| Untracked |  0
| 591|0x00000000c4f00000, 0x00000000c5000000, 0x00000000c5000000|100%| O|  |TAMS 0x00000000c5000000| PB 0x00000000c4f00000| Untracked |  0
| 592|0x00000000c5000000, 0x00000000c5100000, 0x00000000c5100000|100%| O|  |TAMS 0x00000000c5100000| PB 0x00000000c5000000| Untracked |  0
| 593|0x00000000c5100000, 0x00000000c5200000, 0x00000000c5200000|100%| O|  |TAMS 0x00000000c5200000| PB 0x00000000c5100000| Untracked |  0
| 594|0x00000000c5200000, 0x00000000c5300000, 0x00000000c5300000|100%| O|  |TAMS 0x00000000c5300000| PB 0x00000000c5200000| Untracked |  0
| 595|0x00000000c5300000, 0x00000000c5400000, 0x00000000c5400000|100%| O|  |TAMS 0x00000000c5400000| PB 0x00000000c5300000| Untracked |  0
| 596|0x00000000c5400000, 0x00000000c5500000, 0x00000000c5500000|100%| O|  |TAMS 0x00000000c5500000| PB 0x00000000c5400000| Untracked |  0
| 597|0x00000000c5500000, 0x00000000c5600000, 0x00000000c5600000|100%| O|  |TAMS 0x00000000c5600000| PB 0x00000000c5500000| Untracked |  0
| 598|0x00000000c5600000, 0x00000000c5700000, 0x00000000c5700000|100%| O|  |TAMS 0x00000000c5700000| PB 0x00000000c5600000| Untracked |  0
| 599|0x00000000c5700000, 0x00000000c5800000, 0x00000000c5800000|100%| O|  |TAMS 0x00000000c5800000| PB 0x00000000c5700000| Untracked |  0
| 600|0x00000000c5800000, 0x00000000c5900000, 0x00000000c5900000|100%| O|  |TAMS 0x00000000c5900000| PB 0x00000000c5800000| Untracked |  0
| 601|0x00000000c5900000, 0x00000000c5a00000, 0x00000000c5a00000|100%| O|  |TAMS 0x00000000c5a00000| PB 0x00000000c5900000| Untracked |  0
| 602|0x00000000c5a00000, 0x00000000c5b00000, 0x00000000c5b00000|100%| O|  |TAMS 0x00000000c5b00000| PB 0x00000000c5a00000| Untracked |  0
| 603|0x00000000c5b00000, 0x00000000c5c00000, 0x00000000c5c00000|100%| O|  |TAMS 0x00000000c5c00000| PB 0x00000000c5b00000| Untracked |  0
| 604|0x00000000c5c00000, 0x00000000c5d00000, 0x00000000c5d00000|100%| O|  |TAMS 0x00000000c5d00000| PB 0x00000000c5c00000| Untracked |  0
| 605|0x00000000c5d00000, 0x00000000c5e00000, 0x00000000c5e00000|100%|HS|  |TAMS 0x00000000c5e00000| PB 0x00000000c5d00000| Complete |  0
| 606|0x00000000c5e00000, 0x00000000c5f00000, 0x00000000c5f00000|100%|HS|  |TAMS 0x00000000c5f00000| PB 0x00000000c5e00000| Complete |  0
| 607|0x00000000c5f00000, 0x00000000c6000000, 0x00000000c6000000|100%|HS|  |TAMS 0x00000000c6000000| PB 0x00000000c5f00000| Complete |  0
| 608|0x00000000c6000000, 0x00000000c6100000, 0x00000000c6100000|100%|HC|  |TAMS 0x00000000c6100000| PB 0x00000000c6000000| Complete |  0
| 609|0x00000000c6100000, 0x00000000c6200000, 0x00000000c6200000|100%|HS|  |TAMS 0x00000000c6200000| PB 0x00000000c6100000| Complete |  0
| 610|0x00000000c6200000, 0x00000000c6300000, 0x00000000c6300000|100%|HC|  |TAMS 0x00000000c6300000| PB 0x00000000c6200000| Complete |  0
| 611|0x00000000c6300000, 0x00000000c6400000, 0x00000000c6400000|100%|HC|  |TAMS 0x00000000c6400000| PB 0x00000000c6300000| Complete |  0
| 612|0x00000000c6400000, 0x00000000c6500000, 0x00000000c6500000|100%| O|  |TAMS 0x00000000c6500000| PB 0x00000000c6400000| Untracked |  0
| 613|0x00000000c6500000, 0x00000000c6600000, 0x00000000c6600000|100%| O|  |TAMS 0x00000000c6600000| PB 0x00000000c6500000| Untracked |  0
| 614|0x00000000c6600000, 0x00000000c6700000, 0x00000000c6700000|100%| O|  |TAMS 0x00000000c6600000| PB 0x00000000c6600000| Untracked |  0
| 615|0x00000000c6700000, 0x00000000c6800000, 0x00000000c6800000|100%| O|  |TAMS 0x00000000c6700000| PB 0x00000000c6700000| Untracked |  0
| 616|0x00000000c6800000, 0x00000000c6900000, 0x00000000c6900000|100%| O|  |TAMS 0x00000000c6800000| PB 0x00000000c6800000| Untracked |  0
| 617|0x00000000c6900000, 0x00000000c6a00000, 0x00000000c6a00000|100%| O|  |TAMS 0x00000000c6900000| PB 0x00000000c6900000| Untracked |  0
| 618|0x00000000c6a00000, 0x00000000c6b00000, 0x00000000c6b00000|100%| O|  |TAMS 0x00000000c6a00000| PB 0x00000000c6a00000| Untracked |  0
| 619|0x00000000c6b00000, 0x00000000c6bf2180, 0x00000000c6c00000| 94%| O|  |TAMS 0x00000000c6b00000| PB 0x00000000c6b00000| Untracked |  0
| 620|0x00000000c6c00000, 0x00000000c6d00000, 0x00000000c6d00000|100%|HS|  |TAMS 0x00000000c6c00000| PB 0x00000000c6c00000| Complete |  0
| 621|0x00000000c6d00000, 0x00000000c6e00000, 0x00000000c6e00000|100%|HS|  |TAMS 0x00000000c6d00000| PB 0x00000000c6d00000| Complete |  0
| 622|0x00000000c6e00000, 0x00000000c6f00000, 0x00000000c6f00000|100%|HS|  |TAMS 0x00000000c6e00000| PB 0x00000000c6e00000| Complete |  0
| 623|0x00000000c6f00000, 0x00000000c7000000, 0x00000000c7000000|100%|HC|  |TAMS 0x00000000c6f00000| PB 0x00000000c6f00000| Complete |  0
| 624|0x00000000c7000000, 0x00000000c7100000, 0x00000000c7100000|100%|HS|  |TAMS 0x00000000c7000000| PB 0x00000000c7000000| Complete |  0
| 625|0x00000000c7100000, 0x00000000c7200000, 0x00000000c7200000|100%|HC|  |TAMS 0x00000000c7100000| PB 0x00000000c7100000| Complete |  0
| 626|0x00000000c7200000, 0x00000000c7300000, 0x00000000c7300000|100%|HS|  |TAMS 0x00000000c7200000| PB 0x00000000c7200000| Complete |  0
| 627|0x00000000c7300000, 0x00000000c7400000, 0x00000000c7400000|100%|HS|  |TAMS 0x00000000c7300000| PB 0x00000000c7300000| Complete |  0
| 628|0x00000000c7400000, 0x00000000c7500000, 0x00000000c7500000|100%|HC|  |TAMS 0x00000000c7400000| PB 0x00000000c7400000| Complete |  0
| 629|0x00000000c7500000, 0x00000000c7600000, 0x00000000c7600000|100%|HC|  |TAMS 0x00000000c7500000| PB 0x00000000c7500000| Complete |  0
| 630|0x00000000c7600000, 0x00000000c7700000, 0x00000000c7700000|100%|HS|  |TAMS 0x00000000c7600000| PB 0x00000000c7600000| Complete |  0
| 631|0x00000000c7700000, 0x00000000c7800000, 0x00000000c7800000|100%|HS|  |TAMS 0x00000000c7700000| PB 0x00000000c7700000| Complete |  0
| 632|0x00000000c7800000, 0x00000000c7900000, 0x00000000c7900000|100%|HS|  |TAMS 0x00000000c7800000| PB 0x00000000c7800000| Complete |  0
| 633|0x00000000c7900000, 0x00000000c7a00000, 0x00000000c7a00000|100%|HS|  |TAMS 0x00000000c7900000| PB 0x00000000c7900000| Complete |  0
| 634|0x00000000c7a00000, 0x00000000c7b00000, 0x00000000c7b00000|100%|HS|  |TAMS 0x00000000c7a00000| PB 0x00000000c7a00000| Complete |  0
| 635|0x00000000c7b00000, 0x00000000c7c00000, 0x00000000c7c00000|100%|HC|  |TAMS 0x00000000c7b00000| PB 0x00000000c7b00000| Complete |  0
| 636|0x00000000c7c00000, 0x00000000c7d00000, 0x00000000c7d00000|100%|HS|  |TAMS 0x00000000c7c00000| PB 0x00000000c7c00000| Complete |  0
| 637|0x00000000c7d00000, 0x00000000c7e00000, 0x00000000c7e00000|100%|HC|  |TAMS 0x00000000c7d00000| PB 0x00000000c7d00000| Complete |  0
| 638|0x00000000c7e00000, 0x00000000c7f00000, 0x00000000c7f00000|100%|HC|  |TAMS 0x00000000c7e00000| PB 0x00000000c7e00000| Complete |  0
| 639|0x00000000c7f00000, 0x00000000c8000000, 0x00000000c8000000|100%|HS|  |TAMS 0x00000000c7f00000| PB 0x00000000c7f00000| Complete |  0
| 640|0x00000000c8000000, 0x00000000c8100000, 0x00000000c8100000|100%|HC|  |TAMS 0x00000000c8000000| PB 0x00000000c8000000| Complete |  0
| 641|0x00000000c8100000, 0x00000000c8200000, 0x00000000c8200000|100%|HS|  |TAMS 0x00000000c8100000| PB 0x00000000c8100000| Complete |  0
| 642|0x00000000c8200000, 0x00000000c8300000, 0x00000000c8300000|100%|HC|  |TAMS 0x00000000c8200000| PB 0x00000000c8200000| Complete |  0
| 643|0x00000000c8300000, 0x00000000c8300000, 0x00000000c8400000|  0%| F|  |TAMS 0x00000000c8300000| PB 0x00000000c8300000| Untracked |  0
| 644|0x00000000c8400000, 0x00000000c8400000, 0x00000000c8500000|  0%| F|  |TAMS 0x00000000c8400000| PB 0x00000000c8400000| Untracked |  0
| 645|0x00000000c8500000, 0x00000000c8500000, 0x00000000c8600000|  0%| F|  |TAMS 0x00000000c8500000| PB 0x00000000c8500000| Untracked |  0
| 646|0x00000000c8600000, 0x00000000c8600000, 0x00000000c8700000|  0%| F|  |TAMS 0x00000000c8600000| PB 0x00000000c8600000| Untracked |  0
| 647|0x00000000c8700000, 0x00000000c8700000, 0x00000000c8800000|  0%| F|  |TAMS 0x00000000c8700000| PB 0x00000000c8700000| Untracked |  0
| 648|0x00000000c8800000, 0x00000000c8800000, 0x00000000c8900000|  0%| F|  |TAMS 0x00000000c8800000| PB 0x00000000c8800000| Untracked |  0
| 649|0x00000000c8900000, 0x00000000c8900000, 0x00000000c8a00000|  0%| F|  |TAMS 0x00000000c8900000| PB 0x00000000c8900000| Untracked |  0
| 650|0x00000000c8a00000, 0x00000000c8a00000, 0x00000000c8b00000|  0%| F|  |TAMS 0x00000000c8a00000| PB 0x00000000c8a00000| Untracked |  0
| 651|0x00000000c8b00000, 0x00000000c8b00000, 0x00000000c8c00000|  0%| F|  |TAMS 0x00000000c8b00000| PB 0x00000000c8b00000| Untracked |  0
| 652|0x00000000c8c00000, 0x00000000c8c00000, 0x00000000c8d00000|  0%| F|  |TAMS 0x00000000c8c00000| PB 0x00000000c8c00000| Untracked |  0
| 653|0x00000000c8d00000, 0x00000000c8d00000, 0x00000000c8e00000|  0%| F|  |TAMS 0x00000000c8d00000| PB 0x00000000c8d00000| Untracked |  0
| 654|0x00000000c8e00000, 0x00000000c8e00000, 0x00000000c8f00000|  0%| F|  |TAMS 0x00000000c8e00000| PB 0x00000000c8e00000| Untracked |  0
| 655|0x00000000c8f00000, 0x00000000c8f00000, 0x00000000c9000000|  0%| F|  |TAMS 0x00000000c8f00000| PB 0x00000000c8f00000| Untracked |  0
| 656|0x00000000c9000000, 0x00000000c9000000, 0x00000000c9100000|  0%| F|  |TAMS 0x00000000c9000000| PB 0x00000000c9000000| Untracked |  0
| 657|0x00000000c9100000, 0x00000000c9100000, 0x00000000c9200000|  0%| F|  |TAMS 0x00000000c9100000| PB 0x00000000c9100000| Untracked |  0
| 658|0x00000000c9200000, 0x00000000c9200000, 0x00000000c9300000|  0%| F|  |TAMS 0x00000000c9200000| PB 0x00000000c9200000| Untracked |  0
| 659|0x00000000c9300000, 0x00000000c9300000, 0x00000000c9400000|  0%| F|  |TAMS 0x00000000c9300000| PB 0x00000000c9300000| Untracked |  0
| 660|0x00000000c9400000, 0x00000000c9400000, 0x00000000c9500000|  0%| F|  |TAMS 0x00000000c9400000| PB 0x00000000c9400000| Untracked |  0
| 661|0x00000000c9500000, 0x00000000c9500000, 0x00000000c9600000|  0%| F|  |TAMS 0x00000000c9500000| PB 0x00000000c9500000| Untracked |  0
| 662|0x00000000c9600000, 0x00000000c9600000, 0x00000000c9700000|  0%| F|  |TAMS 0x00000000c9600000| PB 0x00000000c9600000| Untracked |  0
| 663|0x00000000c9700000, 0x00000000c9700000, 0x00000000c9800000|  0%| F|  |TAMS 0x00000000c9700000| PB 0x00000000c9700000| Untracked |  0
| 664|0x00000000c9800000, 0x00000000c9800000, 0x00000000c9900000|  0%| F|  |TAMS 0x00000000c9800000| PB 0x00000000c9800000| Untracked |  0
| 665|0x00000000c9900000, 0x00000000c9900000, 0x00000000c9a00000|  0%| F|  |TAMS 0x00000000c9900000| PB 0x00000000c9900000| Untracked |  0
| 666|0x00000000c9a00000, 0x00000000c9a00000, 0x00000000c9b00000|  0%| F|  |TAMS 0x00000000c9a00000| PB 0x00000000c9a00000| Untracked |  0
| 667|0x00000000c9b00000, 0x00000000c9b00000, 0x00000000c9c00000|  0%| F|  |TAMS 0x00000000c9b00000| PB 0x00000000c9b00000| Untracked |  0
| 668|0x00000000c9c00000, 0x00000000c9c00000, 0x00000000c9d00000|  0%| F|  |TAMS 0x00000000c9c00000| PB 0x00000000c9c00000| Untracked |  0
| 669|0x00000000c9d00000, 0x00000000c9d00000, 0x00000000c9e00000|  0%| F|  |TAMS 0x00000000c9d00000| PB 0x00000000c9d00000| Untracked |  0
| 670|0x00000000c9e00000, 0x00000000c9e00000, 0x00000000c9f00000|  0%| F|  |TAMS 0x00000000c9e00000| PB 0x00000000c9e00000| Untracked |  0
| 671|0x00000000c9f00000, 0x00000000c9f00000, 0x00000000ca000000|  0%| F|  |TAMS 0x00000000c9f00000| PB 0x00000000c9f00000| Untracked |  0
| 672|0x00000000ca000000, 0x00000000ca000000, 0x00000000ca100000|  0%| F|  |TAMS 0x00000000ca000000| PB 0x00000000ca000000| Untracked |  0
| 673|0x00000000ca100000, 0x00000000ca100000, 0x00000000ca200000|  0%| F|  |TAMS 0x00000000ca100000| PB 0x00000000ca100000| Untracked |  0
| 674|0x00000000ca200000, 0x00000000ca200000, 0x00000000ca300000|  0%| F|  |TAMS 0x00000000ca200000| PB 0x00000000ca200000| Untracked |  0
| 675|0x00000000ca300000, 0x00000000ca300000, 0x00000000ca400000|  0%| F|  |TAMS 0x00000000ca300000| PB 0x00000000ca300000| Untracked |  0
| 676|0x00000000ca400000, 0x00000000ca400000, 0x00000000ca500000|  0%| F|  |TAMS 0x00000000ca400000| PB 0x00000000ca400000| Untracked |  0
| 677|0x00000000ca500000, 0x00000000ca500000, 0x00000000ca600000|  0%| F|  |TAMS 0x00000000ca500000| PB 0x00000000ca500000| Untracked |  0
| 678|0x00000000ca600000, 0x00000000ca600000, 0x00000000ca700000|  0%| F|  |TAMS 0x00000000ca600000| PB 0x00000000ca600000| Untracked |  0
| 679|0x00000000ca700000, 0x00000000ca700000, 0x00000000ca800000|  0%| F|  |TAMS 0x00000000ca700000| PB 0x00000000ca700000| Untracked |  0
| 680|0x00000000ca800000, 0x00000000ca800000, 0x00000000ca900000|  0%| F|  |TAMS 0x00000000ca800000| PB 0x00000000ca800000| Untracked |  0
| 681|0x00000000ca900000, 0x00000000ca900000, 0x00000000caa00000|  0%| F|  |TAMS 0x00000000ca900000| PB 0x00000000ca900000| Untracked |  0
| 682|0x00000000caa00000, 0x00000000caa00000, 0x00000000cab00000|  0%| F|  |TAMS 0x00000000caa00000| PB 0x00000000caa00000| Untracked |  0
| 683|0x00000000cab00000, 0x00000000cab00000, 0x00000000cac00000|  0%| F|  |TAMS 0x00000000cab00000| PB 0x00000000cab00000| Untracked |  0
| 684|0x00000000cac00000, 0x00000000cac00000, 0x00000000cad00000|  0%| F|  |TAMS 0x00000000cac00000| PB 0x00000000cac00000| Untracked |  0
| 685|0x00000000cad00000, 0x00000000cad00000, 0x00000000cae00000|  0%| F|  |TAMS 0x00000000cad00000| PB 0x00000000cad00000| Untracked |  0
| 686|0x00000000cae00000, 0x00000000cae00000, 0x00000000caf00000|  0%| F|  |TAMS 0x00000000cae00000| PB 0x00000000cae00000| Untracked |  0
| 687|0x00000000caf00000, 0x00000000caf00000, 0x00000000cb000000|  0%| F|  |TAMS 0x00000000caf00000| PB 0x00000000caf00000| Untracked |  0
| 688|0x00000000cb000000, 0x00000000cb000000, 0x00000000cb100000|  0%| F|  |TAMS 0x00000000cb000000| PB 0x00000000cb000000| Untracked |  0
| 689|0x00000000cb100000, 0x00000000cb100000, 0x00000000cb200000|  0%| F|  |TAMS 0x00000000cb100000| PB 0x00000000cb100000| Untracked |  0
| 690|0x00000000cb200000, 0x00000000cb200000, 0x00000000cb300000|  0%| F|  |TAMS 0x00000000cb200000| PB 0x00000000cb200000| Untracked |  0
| 691|0x00000000cb300000, 0x00000000cb300000, 0x00000000cb400000|  0%| F|  |TAMS 0x00000000cb300000| PB 0x00000000cb300000| Untracked |  0
| 692|0x00000000cb400000, 0x00000000cb400000, 0x00000000cb500000|  0%| F|  |TAMS 0x00000000cb400000| PB 0x00000000cb400000| Untracked |  0
| 693|0x00000000cb500000, 0x00000000cb500000, 0x00000000cb600000|  0%| F|  |TAMS 0x00000000cb500000| PB 0x00000000cb500000| Untracked |  0
| 694|0x00000000cb600000, 0x00000000cb600000, 0x00000000cb700000|  0%| F|  |TAMS 0x00000000cb600000| PB 0x00000000cb600000| Untracked |  0
| 695|0x00000000cb700000, 0x00000000cb700000, 0x00000000cb800000|  0%| F|  |TAMS 0x00000000cb700000| PB 0x00000000cb700000| Untracked |  0
| 696|0x00000000cb800000, 0x00000000cb800000, 0x00000000cb900000|  0%| F|  |TAMS 0x00000000cb800000| PB 0x00000000cb800000| Untracked |  0
| 697|0x00000000cb900000, 0x00000000cb900000, 0x00000000cba00000|  0%| F|  |TAMS 0x00000000cb900000| PB 0x00000000cb900000| Untracked |  0
| 698|0x00000000cba00000, 0x00000000cba00000, 0x00000000cbb00000|  0%| F|  |TAMS 0x00000000cba00000| PB 0x00000000cba00000| Untracked |  0
| 699|0x00000000cbb00000, 0x00000000cbb00000, 0x00000000cbc00000|  0%| F|  |TAMS 0x00000000cbb00000| PB 0x00000000cbb00000| Untracked |  0
| 700|0x00000000cbc00000, 0x00000000cbc00000, 0x00000000cbd00000|  0%| F|  |TAMS 0x00000000cbc00000| PB 0x00000000cbc00000| Untracked |  0
| 701|0x00000000cbd00000, 0x00000000cbd00000, 0x00000000cbe00000|  0%| F|  |TAMS 0x00000000cbd00000| PB 0x00000000cbd00000| Untracked |  0
| 702|0x00000000cbe00000, 0x00000000cbe00000, 0x00000000cbf00000|  0%| F|  |TAMS 0x00000000cbe00000| PB 0x00000000cbe00000| Untracked |  0
| 703|0x00000000cbf00000, 0x00000000cbf00000, 0x00000000cc000000|  0%| F|  |TAMS 0x00000000cbf00000| PB 0x00000000cbf00000| Untracked |  0
| 704|0x00000000cc000000, 0x00000000cc000000, 0x00000000cc100000|  0%| F|  |TAMS 0x00000000cc000000| PB 0x00000000cc000000| Untracked |  0
| 705|0x00000000cc100000, 0x00000000cc100000, 0x00000000cc200000|  0%| F|  |TAMS 0x00000000cc100000| PB 0x00000000cc100000| Untracked |  0
| 706|0x00000000cc200000, 0x00000000cc200000, 0x00000000cc300000|  0%| F|  |TAMS 0x00000000cc200000| PB 0x00000000cc200000| Untracked |  0
| 707|0x00000000cc300000, 0x00000000cc300000, 0x00000000cc400000|  0%| F|  |TAMS 0x00000000cc300000| PB 0x00000000cc300000| Untracked |  0
| 708|0x00000000cc400000, 0x00000000cc400000, 0x00000000cc500000|  0%| F|  |TAMS 0x00000000cc400000| PB 0x00000000cc400000| Untracked |  0
| 709|0x00000000cc500000, 0x00000000cc500000, 0x00000000cc600000|  0%| F|  |TAMS 0x00000000cc500000| PB 0x00000000cc500000| Untracked |  0
| 710|0x00000000cc600000, 0x00000000cc600000, 0x00000000cc700000|  0%| F|  |TAMS 0x00000000cc600000| PB 0x00000000cc600000| Untracked |  0
| 711|0x00000000cc700000, 0x00000000cc700000, 0x00000000cc800000|  0%| F|  |TAMS 0x00000000cc700000| PB 0x00000000cc700000| Untracked |  0
| 712|0x00000000cc800000, 0x00000000cc800000, 0x00000000cc900000|  0%| F|  |TAMS 0x00000000cc800000| PB 0x00000000cc800000| Untracked |  0
| 713|0x00000000cc900000, 0x00000000cc900000, 0x00000000cca00000|  0%| F|  |TAMS 0x00000000cc900000| PB 0x00000000cc900000| Untracked |  0
| 714|0x00000000cca00000, 0x00000000cca00000, 0x00000000ccb00000|  0%| F|  |TAMS 0x00000000cca00000| PB 0x00000000cca00000| Untracked |  0
| 715|0x00000000ccb00000, 0x00000000ccb00000, 0x00000000ccc00000|  0%| F|  |TAMS 0x00000000ccb00000| PB 0x00000000ccb00000| Untracked |  0
| 716|0x00000000ccc00000, 0x00000000ccc00000, 0x00000000ccd00000|  0%| F|  |TAMS 0x00000000ccc00000| PB 0x00000000ccc00000| Untracked |  0
| 717|0x00000000ccd00000, 0x00000000ccd00000, 0x00000000cce00000|  0%| F|  |TAMS 0x00000000ccd00000| PB 0x00000000ccd00000| Untracked |  0
| 718|0x00000000cce00000, 0x00000000cce00000, 0x00000000ccf00000|  0%| F|  |TAMS 0x00000000cce00000| PB 0x00000000cce00000| Untracked |  0
| 719|0x00000000ccf00000, 0x00000000ccf00000, 0x00000000cd000000|  0%| F|  |TAMS 0x00000000ccf00000| PB 0x00000000ccf00000| Untracked |  0
| 720|0x00000000cd000000, 0x00000000cd000000, 0x00000000cd100000|  0%| F|  |TAMS 0x00000000cd000000| PB 0x00000000cd000000| Untracked |  0
| 721|0x00000000cd100000, 0x00000000cd100000, 0x00000000cd200000|  0%| F|  |TAMS 0x00000000cd100000| PB 0x00000000cd100000| Untracked |  0
| 722|0x00000000cd200000, 0x00000000cd200000, 0x00000000cd300000|  0%| F|  |TAMS 0x00000000cd200000| PB 0x00000000cd200000| Untracked |  0
| 723|0x00000000cd300000, 0x00000000cd300000, 0x00000000cd400000|  0%| F|  |TAMS 0x00000000cd300000| PB 0x00000000cd300000| Untracked |  0
| 724|0x00000000cd400000, 0x00000000cd400000, 0x00000000cd500000|  0%| F|  |TAMS 0x00000000cd400000| PB 0x00000000cd400000| Untracked |  0
| 725|0x00000000cd500000, 0x00000000cd500000, 0x00000000cd600000|  0%| F|  |TAMS 0x00000000cd500000| PB 0x00000000cd500000| Untracked |  0
| 726|0x00000000cd600000, 0x00000000cd600000, 0x00000000cd700000|  0%| F|  |TAMS 0x00000000cd600000| PB 0x00000000cd600000| Untracked |  0
| 727|0x00000000cd700000, 0x00000000cd700000, 0x00000000cd800000|  0%| F|  |TAMS 0x00000000cd700000| PB 0x00000000cd700000| Untracked |  0
| 728|0x00000000cd800000, 0x00000000cd800000, 0x00000000cd900000|  0%| F|  |TAMS 0x00000000cd800000| PB 0x00000000cd800000| Untracked |  0
| 729|0x00000000cd900000, 0x00000000cd900000, 0x00000000cda00000|  0%| F|  |TAMS 0x00000000cd900000| PB 0x00000000cd900000| Untracked |  0
| 730|0x00000000cda00000, 0x00000000cda00000, 0x00000000cdb00000|  0%| F|  |TAMS 0x00000000cda00000| PB 0x00000000cda00000| Untracked |  0
| 731|0x00000000cdb00000, 0x00000000cdb00000, 0x00000000cdc00000|  0%| F|  |TAMS 0x00000000cdb00000| PB 0x00000000cdb00000| Untracked |  0
| 732|0x00000000cdc00000, 0x00000000cdc00000, 0x00000000cdd00000|  0%| F|  |TAMS 0x00000000cdc00000| PB 0x00000000cdc00000| Untracked |  0
| 733|0x00000000cdd00000, 0x00000000cdd00000, 0x00000000cde00000|  0%| F|  |TAMS 0x00000000cdd00000| PB 0x00000000cdd00000| Untracked |  0
| 734|0x00000000cde00000, 0x00000000cde00000, 0x00000000cdf00000|  0%| F|  |TAMS 0x00000000cde00000| PB 0x00000000cde00000| Untracked |  0
| 735|0x00000000cdf00000, 0x00000000cdf00000, 0x00000000ce000000|  0%| F|  |TAMS 0x00000000cdf00000| PB 0x00000000cdf00000| Untracked |  0
| 736|0x00000000ce000000, 0x00000000ce000000, 0x00000000ce100000|  0%| F|  |TAMS 0x00000000ce000000| PB 0x00000000ce000000| Untracked |  0
| 737|0x00000000ce100000, 0x00000000ce100000, 0x00000000ce200000|  0%| F|  |TAMS 0x00000000ce100000| PB 0x00000000ce100000| Untracked |  0
| 738|0x00000000ce200000, 0x00000000ce200000, 0x00000000ce300000|  0%| F|  |TAMS 0x00000000ce200000| PB 0x00000000ce200000| Untracked |  0
| 739|0x00000000ce300000, 0x00000000ce300000, 0x00000000ce400000|  0%| F|  |TAMS 0x00000000ce300000| PB 0x00000000ce300000| Untracked |  0
| 740|0x00000000ce400000, 0x00000000ce400000, 0x00000000ce500000|  0%| F|  |TAMS 0x00000000ce400000| PB 0x00000000ce400000| Untracked |  0
| 741|0x00000000ce500000, 0x00000000ce500000, 0x00000000ce600000|  0%| F|  |TAMS 0x00000000ce500000| PB 0x00000000ce500000| Untracked |  0
| 742|0x00000000ce600000, 0x00000000ce600000, 0x00000000ce700000|  0%| F|  |TAMS 0x00000000ce600000| PB 0x00000000ce600000| Untracked |  0
| 743|0x00000000ce700000, 0x00000000ce700000, 0x00000000ce800000|  0%| F|  |TAMS 0x00000000ce700000| PB 0x00000000ce700000| Untracked |  0
| 744|0x00000000ce800000, 0x00000000ce800000, 0x00000000ce900000|  0%| F|  |TAMS 0x00000000ce800000| PB 0x00000000ce800000| Untracked |  0
| 745|0x00000000ce900000, 0x00000000ce900000, 0x00000000cea00000|  0%| F|  |TAMS 0x00000000ce900000| PB 0x00000000ce900000| Untracked |  0
| 746|0x00000000cea00000, 0x00000000cea00000, 0x00000000ceb00000|  0%| F|  |TAMS 0x00000000cea00000| PB 0x00000000cea00000| Untracked |  0
| 747|0x00000000ceb00000, 0x00000000ceb00000, 0x00000000cec00000|  0%| F|  |TAMS 0x00000000ceb00000| PB 0x00000000ceb00000| Untracked |  0
| 748|0x00000000cec00000, 0x00000000cec00000, 0x00000000ced00000|  0%| F|  |TAMS 0x00000000cec00000| PB 0x00000000cec00000| Untracked |  0
| 749|0x00000000ced00000, 0x00000000ced00000, 0x00000000cee00000|  0%| F|  |TAMS 0x00000000ced00000| PB 0x00000000ced00000| Untracked |  0
| 750|0x00000000cee00000, 0x00000000cee00000, 0x00000000cef00000|  0%| F|  |TAMS 0x00000000cee00000| PB 0x00000000cee00000| Untracked |  0
| 751|0x00000000cef00000, 0x00000000cef00000, 0x00000000cf000000|  0%| F|  |TAMS 0x00000000cef00000| PB 0x00000000cef00000| Untracked |  0
| 752|0x00000000cf000000, 0x00000000cf000000, 0x00000000cf100000|  0%| F|  |TAMS 0x00000000cf000000| PB 0x00000000cf000000| Untracked |  0
| 753|0x00000000cf100000, 0x00000000cf100000, 0x00000000cf200000|  0%| F|  |TAMS 0x00000000cf100000| PB 0x00000000cf100000| Untracked |  0
| 754|0x00000000cf200000, 0x00000000cf200000, 0x00000000cf300000|  0%| F|  |TAMS 0x00000000cf200000| PB 0x00000000cf200000| Untracked |  0
| 755|0x00000000cf300000, 0x00000000cf300000, 0x00000000cf400000|  0%| F|  |TAMS 0x00000000cf300000| PB 0x00000000cf300000| Untracked |  0
| 756|0x00000000cf400000, 0x00000000cf400000, 0x00000000cf500000|  0%| F|  |TAMS 0x00000000cf400000| PB 0x00000000cf400000| Untracked |  0
| 757|0x00000000cf500000, 0x00000000cf500000, 0x00000000cf600000|  0%| F|  |TAMS 0x00000000cf500000| PB 0x00000000cf500000| Untracked |  0
| 758|0x00000000cf600000, 0x00000000cf600000, 0x00000000cf700000|  0%| F|  |TAMS 0x00000000cf600000| PB 0x00000000cf600000| Untracked |  0
| 759|0x00000000cf700000, 0x00000000cf700000, 0x00000000cf800000|  0%| F|  |TAMS 0x00000000cf700000| PB 0x00000000cf700000| Untracked |  0
| 760|0x00000000cf800000, 0x00000000cf800000, 0x00000000cf900000|  0%| F|  |TAMS 0x00000000cf800000| PB 0x00000000cf800000| Untracked |  0
| 761|0x00000000cf900000, 0x00000000cf900000, 0x00000000cfa00000|  0%| F|  |TAMS 0x00000000cf900000| PB 0x00000000cf900000| Untracked |  0
| 762|0x00000000cfa00000, 0x00000000cfa00000, 0x00000000cfb00000|  0%| F|  |TAMS 0x00000000cfa00000| PB 0x00000000cfa00000| Untracked |  0
| 763|0x00000000cfb00000, 0x00000000cfb00000, 0x00000000cfc00000|  0%| F|  |TAMS 0x00000000cfb00000| PB 0x00000000cfb00000| Untracked |  0
| 764|0x00000000cfc00000, 0x00000000cfc00000, 0x00000000cfd00000|  0%| F|  |TAMS 0x00000000cfc00000| PB 0x00000000cfc00000| Untracked |  0
| 765|0x00000000cfd00000, 0x00000000cfd00000, 0x00000000cfe00000|  0%| F|  |TAMS 0x00000000cfd00000| PB 0x00000000cfd00000| Untracked |  0
| 766|0x00000000cfe00000, 0x00000000cfe00000, 0x00000000cff00000|  0%| F|  |TAMS 0x00000000cfe00000| PB 0x00000000cfe00000| Untracked |  0
| 767|0x00000000cff00000, 0x00000000cff00000, 0x00000000d0000000|  0%| F|  |TAMS 0x00000000cff00000| PB 0x00000000cff00000| Untracked |  0
| 768|0x00000000d0000000, 0x00000000d0000000, 0x00000000d0100000|  0%| F|  |TAMS 0x00000000d0000000| PB 0x00000000d0000000| Untracked |  0
| 769|0x00000000d0100000, 0x00000000d0100000, 0x00000000d0200000|  0%| F|  |TAMS 0x00000000d0100000| PB 0x00000000d0100000| Untracked |  0
| 770|0x00000000d0200000, 0x00000000d0200000, 0x00000000d0300000|  0%| F|  |TAMS 0x00000000d0200000| PB 0x00000000d0200000| Untracked |  0
| 771|0x00000000d0300000, 0x00000000d0300000, 0x00000000d0400000|  0%| F|  |TAMS 0x00000000d0300000| PB 0x00000000d0300000| Untracked |  0
| 772|0x00000000d0400000, 0x00000000d0400000, 0x00000000d0500000|  0%| F|  |TAMS 0x00000000d0400000| PB 0x00000000d0400000| Untracked |  0
| 773|0x00000000d0500000, 0x00000000d0500000, 0x00000000d0600000|  0%| F|  |TAMS 0x00000000d0500000| PB 0x00000000d0500000| Untracked |  0
| 774|0x00000000d0600000, 0x00000000d0600000, 0x00000000d0700000|  0%| F|  |TAMS 0x00000000d0600000| PB 0x00000000d0600000| Untracked |  0
| 775|0x00000000d0700000, 0x00000000d0700000, 0x00000000d0800000|  0%| F|  |TAMS 0x00000000d0700000| PB 0x00000000d0700000| Untracked |  0
| 776|0x00000000d0800000, 0x00000000d0800000, 0x00000000d0900000|  0%| F|  |TAMS 0x00000000d0800000| PB 0x00000000d0800000| Untracked |  0
| 777|0x00000000d0900000, 0x00000000d0900000, 0x00000000d0a00000|  0%| F|  |TAMS 0x00000000d0900000| PB 0x00000000d0900000| Untracked |  0
| 778|0x00000000d0a00000, 0x00000000d0a00000, 0x00000000d0b00000|  0%| F|  |TAMS 0x00000000d0a00000| PB 0x00000000d0a00000| Untracked |  0
| 779|0x00000000d0b00000, 0x00000000d0b00000, 0x00000000d0c00000|  0%| F|  |TAMS 0x00000000d0b00000| PB 0x00000000d0b00000| Untracked |  0
| 780|0x00000000d0c00000, 0x00000000d0c00000, 0x00000000d0d00000|  0%| F|  |TAMS 0x00000000d0c00000| PB 0x00000000d0c00000| Untracked |  0
| 781|0x00000000d0d00000, 0x00000000d0d00000, 0x00000000d0e00000|  0%| F|  |TAMS 0x00000000d0d00000| PB 0x00000000d0d00000| Untracked |  0
| 782|0x00000000d0e00000, 0x00000000d0e00000, 0x00000000d0f00000|  0%| F|  |TAMS 0x00000000d0e00000| PB 0x00000000d0e00000| Untracked |  0
| 783|0x00000000d0f00000, 0x00000000d0f00000, 0x00000000d1000000|  0%| F|  |TAMS 0x00000000d0f00000| PB 0x00000000d0f00000| Untracked |  0
| 784|0x00000000d1000000, 0x00000000d1000000, 0x00000000d1100000|  0%| F|  |TAMS 0x00000000d1000000| PB 0x00000000d1000000| Untracked |  0
| 785|0x00000000d1100000, 0x00000000d1100000, 0x00000000d1200000|  0%| F|  |TAMS 0x00000000d1100000| PB 0x00000000d1100000| Untracked |  0
| 786|0x00000000d1200000, 0x00000000d1200000, 0x00000000d1300000|  0%| F|  |TAMS 0x00000000d1200000| PB 0x00000000d1200000| Untracked |  0
| 787|0x00000000d1300000, 0x00000000d1300000, 0x00000000d1400000|  0%| F|  |TAMS 0x00000000d1300000| PB 0x00000000d1300000| Untracked |  0
| 788|0x00000000d1400000, 0x00000000d1400000, 0x00000000d1500000|  0%| F|  |TAMS 0x00000000d1400000| PB 0x00000000d1400000| Untracked |  0
| 789|0x00000000d1500000, 0x00000000d1500000, 0x00000000d1600000|  0%| F|  |TAMS 0x00000000d1500000| PB 0x00000000d1500000| Untracked |  0
| 790|0x00000000d1600000, 0x00000000d1600000, 0x00000000d1700000|  0%| F|  |TAMS 0x00000000d1600000| PB 0x00000000d1600000| Untracked |  0
| 791|0x00000000d1700000, 0x00000000d1700000, 0x00000000d1800000|  0%| F|  |TAMS 0x00000000d1700000| PB 0x00000000d1700000| Untracked |  0
| 792|0x00000000d1800000, 0x00000000d1800000, 0x00000000d1900000|  0%| F|  |TAMS 0x00000000d1800000| PB 0x00000000d1800000| Untracked |  0
| 793|0x00000000d1900000, 0x00000000d1900000, 0x00000000d1a00000|  0%| F|  |TAMS 0x00000000d1900000| PB 0x00000000d1900000| Untracked |  0
| 794|0x00000000d1a00000, 0x00000000d1a00000, 0x00000000d1b00000|  0%| F|  |TAMS 0x00000000d1a00000| PB 0x00000000d1a00000| Untracked |  0
| 795|0x00000000d1b00000, 0x00000000d1b00000, 0x00000000d1c00000|  0%| F|  |TAMS 0x00000000d1b00000| PB 0x00000000d1b00000| Untracked |  0
| 796|0x00000000d1c00000, 0x00000000d1c00000, 0x00000000d1d00000|  0%| F|  |TAMS 0x00000000d1c00000| PB 0x00000000d1c00000| Untracked |  0
| 797|0x00000000d1d00000, 0x00000000d1d00000, 0x00000000d1e00000|  0%| F|  |TAMS 0x00000000d1d00000| PB 0x00000000d1d00000| Untracked |  0
| 798|0x00000000d1e00000, 0x00000000d1e00000, 0x00000000d1f00000|  0%| F|  |TAMS 0x00000000d1e00000| PB 0x00000000d1e00000| Untracked |  0
| 799|0x00000000d1f00000, 0x00000000d1f00000, 0x00000000d2000000|  0%| F|  |TAMS 0x00000000d1f00000| PB 0x00000000d1f00000| Untracked |  0
| 800|0x00000000d2000000, 0x00000000d2000000, 0x00000000d2100000|  0%| F|  |TAMS 0x00000000d2000000| PB 0x00000000d2000000| Untracked |  0
| 801|0x00000000d2100000, 0x00000000d2100000, 0x00000000d2200000|  0%| F|  |TAMS 0x00000000d2100000| PB 0x00000000d2100000| Untracked |  0
| 802|0x00000000d2200000, 0x00000000d2200000, 0x00000000d2300000|  0%| F|  |TAMS 0x00000000d2200000| PB 0x00000000d2200000| Untracked |  0
| 803|0x00000000d2300000, 0x00000000d2300000, 0x00000000d2400000|  0%| F|  |TAMS 0x00000000d2300000| PB 0x00000000d2300000| Untracked |  0
| 804|0x00000000d2400000, 0x00000000d2400000, 0x00000000d2500000|  0%| F|  |TAMS 0x00000000d2400000| PB 0x00000000d2400000| Untracked |  0
| 805|0x00000000d2500000, 0x00000000d2500000, 0x00000000d2600000|  0%| F|  |TAMS 0x00000000d2500000| PB 0x00000000d2500000| Untracked |  0
| 806|0x00000000d2600000, 0x00000000d2600000, 0x00000000d2700000|  0%| F|  |TAMS 0x00000000d2600000| PB 0x00000000d2600000| Untracked |  0
| 807|0x00000000d2700000, 0x00000000d2700000, 0x00000000d2800000|  0%| F|  |TAMS 0x00000000d2700000| PB 0x00000000d2700000| Untracked |  0
| 808|0x00000000d2800000, 0x00000000d2800000, 0x00000000d2900000|  0%| F|  |TAMS 0x00000000d2800000| PB 0x00000000d2800000| Untracked |  0
| 809|0x00000000d2900000, 0x00000000d2900000, 0x00000000d2a00000|  0%| F|  |TAMS 0x00000000d2900000| PB 0x00000000d2900000| Untracked |  0
| 810|0x00000000d2a00000, 0x00000000d2a00000, 0x00000000d2b00000|  0%| F|  |TAMS 0x00000000d2a00000| PB 0x00000000d2a00000| Untracked |  0
| 811|0x00000000d2b00000, 0x00000000d2b00000, 0x00000000d2c00000|  0%| F|  |TAMS 0x00000000d2b00000| PB 0x00000000d2b00000| Untracked |  0
| 812|0x00000000d2c00000, 0x00000000d2c00000, 0x00000000d2d00000|  0%| F|  |TAMS 0x00000000d2c00000| PB 0x00000000d2c00000| Untracked |  0
| 813|0x00000000d2d00000, 0x00000000d2d00000, 0x00000000d2e00000|  0%| F|  |TAMS 0x00000000d2d00000| PB 0x00000000d2d00000| Untracked |  0
| 814|0x00000000d2e00000, 0x00000000d2e00000, 0x00000000d2f00000|  0%| F|  |TAMS 0x00000000d2e00000| PB 0x00000000d2e00000| Untracked |  0
| 815|0x00000000d2f00000, 0x00000000d2f00000, 0x00000000d3000000|  0%| F|  |TAMS 0x00000000d2f00000| PB 0x00000000d2f00000| Untracked |  0
| 816|0x00000000d3000000, 0x00000000d3000000, 0x00000000d3100000|  0%| F|  |TAMS 0x00000000d3000000| PB 0x00000000d3000000| Untracked |  0
| 817|0x00000000d3100000, 0x00000000d3100000, 0x00000000d3200000|  0%| F|  |TAMS 0x00000000d3100000| PB 0x00000000d3100000| Untracked |  0
| 818|0x00000000d3200000, 0x00000000d3200000, 0x00000000d3300000|  0%| F|  |TAMS 0x00000000d3200000| PB 0x00000000d3200000| Untracked |  0
| 819|0x00000000d3300000, 0x00000000d3300000, 0x00000000d3400000|  0%| F|  |TAMS 0x00000000d3300000| PB 0x00000000d3300000| Untracked |  0
| 820|0x00000000d3400000, 0x00000000d3400000, 0x00000000d3500000|  0%| F|  |TAMS 0x00000000d3400000| PB 0x00000000d3400000| Untracked |  0
| 821|0x00000000d3500000, 0x00000000d3500000, 0x00000000d3600000|  0%| F|  |TAMS 0x00000000d3500000| PB 0x00000000d3500000| Untracked |  0
| 822|0x00000000d3600000, 0x00000000d3600000, 0x00000000d3700000|  0%| F|  |TAMS 0x00000000d3600000| PB 0x00000000d3600000| Untracked |  0
| 823|0x00000000d3700000, 0x00000000d3700000, 0x00000000d3800000|  0%| F|  |TAMS 0x00000000d3700000| PB 0x00000000d3700000| Untracked |  0
| 824|0x00000000d3800000, 0x00000000d3800000, 0x00000000d3900000|  0%| F|  |TAMS 0x00000000d3800000| PB 0x00000000d3800000| Untracked |  0
| 825|0x00000000d3900000, 0x00000000d3900000, 0x00000000d3a00000|  0%| F|  |TAMS 0x00000000d3900000| PB 0x00000000d3900000| Untracked |  0
| 826|0x00000000d3a00000, 0x00000000d3a00000, 0x00000000d3b00000|  0%| F|  |TAMS 0x00000000d3a00000| PB 0x00000000d3a00000| Untracked |  0
| 827|0x00000000d3b00000, 0x00000000d3b00000, 0x00000000d3c00000|  0%| F|  |TAMS 0x00000000d3b00000| PB 0x00000000d3b00000| Untracked |  0
| 828|0x00000000d3c00000, 0x00000000d3c00000, 0x00000000d3d00000|  0%| F|  |TAMS 0x00000000d3c00000| PB 0x00000000d3c00000| Untracked |  0
| 829|0x00000000d3d00000, 0x00000000d3d00000, 0x00000000d3e00000|  0%| F|  |TAMS 0x00000000d3d00000| PB 0x00000000d3d00000| Untracked |  0
| 830|0x00000000d3e00000, 0x00000000d3e00000, 0x00000000d3f00000|  0%| F|  |TAMS 0x00000000d3e00000| PB 0x00000000d3e00000| Untracked |  0
| 831|0x00000000d3f00000, 0x00000000d3f00000, 0x00000000d4000000|  0%| F|  |TAMS 0x00000000d3f00000| PB 0x00000000d3f00000| Untracked |  0
| 832|0x00000000d4000000, 0x00000000d4000000, 0x00000000d4100000|  0%| F|  |TAMS 0x00000000d4000000| PB 0x00000000d4000000| Untracked |  0
| 833|0x00000000d4100000, 0x00000000d4100000, 0x00000000d4200000|  0%| F|  |TAMS 0x00000000d4100000| PB 0x00000000d4100000| Untracked |  0
| 834|0x00000000d4200000, 0x00000000d4200000, 0x00000000d4300000|  0%| F|  |TAMS 0x00000000d4200000| PB 0x00000000d4200000| Untracked |  0
| 835|0x00000000d4300000, 0x00000000d4300000, 0x00000000d4400000|  0%| F|  |TAMS 0x00000000d4300000| PB 0x00000000d4300000| Untracked |  0
| 836|0x00000000d4400000, 0x00000000d4400000, 0x00000000d4500000|  0%| F|  |TAMS 0x00000000d4400000| PB 0x00000000d4400000| Untracked |  0
| 837|0x00000000d4500000, 0x00000000d4500000, 0x00000000d4600000|  0%| F|  |TAMS 0x00000000d4500000| PB 0x00000000d4500000| Untracked |  0
| 838|0x00000000d4600000, 0x00000000d4600000, 0x00000000d4700000|  0%| F|  |TAMS 0x00000000d4600000| PB 0x00000000d4600000| Untracked |  0
| 839|0x00000000d4700000, 0x00000000d4700000, 0x00000000d4800000|  0%| F|  |TAMS 0x00000000d4700000| PB 0x00000000d4700000| Untracked |  0
| 840|0x00000000d4800000, 0x00000000d4800000, 0x00000000d4900000|  0%| F|  |TAMS 0x00000000d4800000| PB 0x00000000d4800000| Untracked |  0
| 841|0x00000000d4900000, 0x00000000d4900000, 0x00000000d4a00000|  0%| F|  |TAMS 0x00000000d4900000| PB 0x00000000d4900000| Untracked |  0
| 842|0x00000000d4a00000, 0x00000000d4a00000, 0x00000000d4b00000|  0%| F|  |TAMS 0x00000000d4a00000| PB 0x00000000d4a00000| Untracked |  0
| 843|0x00000000d4b00000, 0x00000000d4b00000, 0x00000000d4c00000|  0%| F|  |TAMS 0x00000000d4b00000| PB 0x00000000d4b00000| Untracked |  0
| 844|0x00000000d4c00000, 0x00000000d4c00000, 0x00000000d4d00000|  0%| F|  |TAMS 0x00000000d4c00000| PB 0x00000000d4c00000| Untracked |  0
| 845|0x00000000d4d00000, 0x00000000d4d00000, 0x00000000d4e00000|  0%| F|  |TAMS 0x00000000d4d00000| PB 0x00000000d4d00000| Untracked |  0
| 846|0x00000000d4e00000, 0x00000000d4e00000, 0x00000000d4f00000|  0%| F|  |TAMS 0x00000000d4e00000| PB 0x00000000d4e00000| Untracked |  0
| 847|0x00000000d4f00000, 0x00000000d4f00000, 0x00000000d5000000|  0%| F|  |TAMS 0x00000000d4f00000| PB 0x00000000d4f00000| Untracked |  0
| 848|0x00000000d5000000, 0x00000000d5000000, 0x00000000d5100000|  0%| F|  |TAMS 0x00000000d5000000| PB 0x00000000d5000000| Untracked |  0
| 849|0x00000000d5100000, 0x00000000d5100000, 0x00000000d5200000|  0%| F|  |TAMS 0x00000000d5100000| PB 0x00000000d5100000| Untracked |  0
| 850|0x00000000d5200000, 0x00000000d5200000, 0x00000000d5300000|  0%| F|  |TAMS 0x00000000d5200000| PB 0x00000000d5200000| Untracked |  0
| 851|0x00000000d5300000, 0x00000000d5300000, 0x00000000d5400000|  0%| F|  |TAMS 0x00000000d5300000| PB 0x00000000d5300000| Untracked |  0
| 852|0x00000000d5400000, 0x00000000d5400000, 0x00000000d5500000|  0%| F|  |TAMS 0x00000000d5400000| PB 0x00000000d5400000| Untracked |  0
| 853|0x00000000d5500000, 0x00000000d55a5110, 0x00000000d5600000| 64%| E|  |TAMS 0x00000000d5500000| PB 0x00000000d5500000| Complete |  0
| 854|0x00000000d5600000, 0x00000000d5700000, 0x00000000d5700000|100%| E|CS|TAMS 0x00000000d5600000| PB 0x00000000d5600000| Complete |  0
| 855|0x00000000d5700000, 0x00000000d5800000, 0x00000000d5800000|100%| E|CS|TAMS 0x00000000d5700000| PB 0x00000000d5700000| Complete |  0
| 856|0x00000000d5800000, 0x00000000d5900000, 0x00000000d5900000|100%| E|CS|TAMS 0x00000000d5800000| PB 0x00000000d5800000| Complete |  0
| 857|0x00000000d5900000, 0x00000000d5a00000, 0x00000000d5a00000|100%| E|CS|TAMS 0x00000000d5900000| PB 0x00000000d5900000| Complete |  0
| 858|0x00000000d5a00000, 0x00000000d5b00000, 0x00000000d5b00000|100%| E|CS|TAMS 0x00000000d5a00000| PB 0x00000000d5a00000| Complete |  0
| 859|0x00000000d5b00000, 0x00000000d5c00000, 0x00000000d5c00000|100%| E|CS|TAMS 0x00000000d5b00000| PB 0x00000000d5b00000| Complete |  0
| 860|0x00000000d5c00000, 0x00000000d5d00000, 0x00000000d5d00000|100%| E|CS|TAMS 0x00000000d5c00000| PB 0x00000000d5c00000| Complete |  0
| 861|0x00000000d5d00000, 0x00000000d5e00000, 0x00000000d5e00000|100%| E|CS|TAMS 0x00000000d5d00000| PB 0x00000000d5d00000| Complete |  0
| 862|0x00000000d5e00000, 0x00000000d5f00000, 0x00000000d5f00000|100%| E|CS|TAMS 0x00000000d5e00000| PB 0x00000000d5e00000| Complete |  0
| 863|0x00000000d5f00000, 0x00000000d6000000, 0x00000000d6000000|100%| E|CS|TAMS 0x00000000d5f00000| PB 0x00000000d5f00000| Complete |  0
| 864|0x00000000d6000000, 0x00000000d6100000, 0x00000000d6100000|100%| E|CS|TAMS 0x00000000d6000000| PB 0x00000000d6000000| Complete |  0
| 865|0x00000000d6100000, 0x00000000d6200000, 0x00000000d6200000|100%| E|CS|TAMS 0x00000000d6100000| PB 0x00000000d6100000| Complete |  0
| 866|0x00000000d6200000, 0x00000000d6300000, 0x00000000d6300000|100%| E|CS|TAMS 0x00000000d6200000| PB 0x00000000d6200000| Complete |  0
| 867|0x00000000d6300000, 0x00000000d6400000, 0x00000000d6400000|100%| E|CS|TAMS 0x00000000d6300000| PB 0x00000000d6300000| Complete |  0
| 868|0x00000000d6400000, 0x00000000d6500000, 0x00000000d6500000|100%| E|CS|TAMS 0x00000000d6400000| PB 0x00000000d6400000| Complete |  0
| 869|0x00000000d6500000, 0x00000000d6600000, 0x00000000d6600000|100%| E|CS|TAMS 0x00000000d6500000| PB 0x00000000d6500000| Complete |  0
| 870|0x00000000d6600000, 0x00000000d6700000, 0x00000000d6700000|100%| E|CS|TAMS 0x00000000d6600000| PB 0x00000000d6600000| Complete |  0
| 871|0x00000000d6700000, 0x00000000d6800000, 0x00000000d6800000|100%| E|CS|TAMS 0x00000000d6700000| PB 0x00000000d6700000| Complete |  0
| 872|0x00000000d6800000, 0x00000000d6900000, 0x00000000d6900000|100%| E|CS|TAMS 0x00000000d6800000| PB 0x00000000d6800000| Complete |  0
| 873|0x00000000d6900000, 0x00000000d6a00000, 0x00000000d6a00000|100%| E|CS|TAMS 0x00000000d6900000| PB 0x00000000d6900000| Complete |  0
| 874|0x00000000d6a00000, 0x00000000d6b00000, 0x00000000d6b00000|100%| E|CS|TAMS 0x00000000d6a00000| PB 0x00000000d6a00000| Complete |  0
| 875|0x00000000d6b00000, 0x00000000d6c00000, 0x00000000d6c00000|100%| E|CS|TAMS 0x00000000d6b00000| PB 0x00000000d6b00000| Complete |  0
| 876|0x00000000d6c00000, 0x00000000d6d00000, 0x00000000d6d00000|100%| E|CS|TAMS 0x00000000d6c00000| PB 0x00000000d6c00000| Complete |  0
| 877|0x00000000d6d00000, 0x00000000d6e00000, 0x00000000d6e00000|100%| E|CS|TAMS 0x00000000d6d00000| PB 0x00000000d6d00000| Complete |  0
| 878|0x00000000d6e00000, 0x00000000d6f00000, 0x00000000d6f00000|100%| E|CS|TAMS 0x00000000d6e00000| PB 0x00000000d6e00000| Complete |  0
| 879|0x00000000d6f00000, 0x00000000d7000000, 0x00000000d7000000|100%| E|CS|TAMS 0x00000000d6f00000| PB 0x00000000d6f00000| Complete |  0
| 880|0x00000000d7000000, 0x00000000d7100000, 0x00000000d7100000|100%| E|CS|TAMS 0x00000000d7000000| PB 0x00000000d7000000| Complete |  0
| 881|0x00000000d7100000, 0x00000000d7200000, 0x00000000d7200000|100%| E|CS|TAMS 0x00000000d7100000| PB 0x00000000d7100000| Complete |  0
| 882|0x00000000d7200000, 0x00000000d7300000, 0x00000000d7300000|100%| E|CS|TAMS 0x00000000d7200000| PB 0x00000000d7200000| Complete |  0
| 883|0x00000000d7300000, 0x00000000d7400000, 0x00000000d7400000|100%| E|CS|TAMS 0x00000000d7300000| PB 0x00000000d7300000| Complete |  0
| 884|0x00000000d7400000, 0x00000000d7500000, 0x00000000d7500000|100%| E|CS|TAMS 0x00000000d7400000| PB 0x00000000d7400000| Complete |  0
| 885|0x00000000d7500000, 0x00000000d7600000, 0x00000000d7600000|100%| E|CS|TAMS 0x00000000d7500000| PB 0x00000000d7500000| Complete |  0
| 886|0x00000000d7600000, 0x00000000d7700000, 0x00000000d7700000|100%| E|CS|TAMS 0x00000000d7600000| PB 0x00000000d7600000| Complete |  0
| 887|0x00000000d7700000, 0x00000000d7800000, 0x00000000d7800000|100%| E|CS|TAMS 0x00000000d7700000| PB 0x00000000d7700000| Complete |  0
| 888|0x00000000d7800000, 0x00000000d7900000, 0x00000000d7900000|100%| E|CS|TAMS 0x00000000d7800000| PB 0x00000000d7800000| Complete |  0
| 889|0x00000000d7900000, 0x00000000d7a00000, 0x00000000d7a00000|100%| E|CS|TAMS 0x00000000d7900000| PB 0x00000000d7900000| Complete |  0
| 890|0x00000000d7a00000, 0x00000000d7b00000, 0x00000000d7b00000|100%| E|CS|TAMS 0x00000000d7a00000| PB 0x00000000d7a00000| Complete |  0
| 891|0x00000000d7b00000, 0x00000000d7c00000, 0x00000000d7c00000|100%| E|CS|TAMS 0x00000000d7b00000| PB 0x00000000d7b00000| Complete |  0
| 892|0x00000000d7c00000, 0x00000000d7d00000, 0x00000000d7d00000|100%| E|CS|TAMS 0x00000000d7c00000| PB 0x00000000d7c00000| Complete |  0
| 893|0x00000000d7d00000, 0x00000000d7e00000, 0x00000000d7e00000|100%| E|CS|TAMS 0x00000000d7d00000| PB 0x00000000d7d00000| Complete |  0
| 894|0x00000000d7e00000, 0x00000000d7ea0030, 0x00000000d7f00000| 62%| S|CS|TAMS 0x00000000d7e00000| PB 0x00000000d7e00000| Complete |  0
| 895|0x00000000d7f00000, 0x00000000d8000000, 0x00000000d8000000|100%| S|CS|TAMS 0x00000000d7f00000| PB 0x00000000d7f00000| Complete |  0
| 896|0x00000000d8000000, 0x00000000d8100000, 0x00000000d8100000|100%| S|CS|TAMS 0x00000000d8000000| PB 0x00000000d8000000| Complete |  0
| 897|0x00000000d8100000, 0x00000000d8200000, 0x00000000d8200000|100%| S|CS|TAMS 0x00000000d8100000| PB 0x00000000d8100000| Complete |  0
| 898|0x00000000d8200000, 0x00000000d8300000, 0x00000000d8300000|100%| S|CS|TAMS 0x00000000d8200000| PB 0x00000000d8200000| Complete |  0
| 899|0x00000000d8300000, 0x00000000d8400000, 0x00000000d8400000|100%| S|CS|TAMS 0x00000000d8300000| PB 0x00000000d8300000| Complete |  0
| 900|0x00000000d8400000, 0x00000000d8500000, 0x00000000d8500000|100%| S|CS|TAMS 0x00000000d8400000| PB 0x00000000d8400000| Complete |  0
| 901|0x00000000d8500000, 0x00000000d8600000, 0x00000000d8600000|100%| S|CS|TAMS 0x00000000d8500000| PB 0x00000000d8500000| Complete |  0
| 902|0x00000000d8600000, 0x00000000d8700000, 0x00000000d8700000|100%| E|CS|TAMS 0x00000000d8600000| PB 0x00000000d8600000| Complete |  0
| 903|0x00000000d8700000, 0x00000000d8800000, 0x00000000d8800000|100%| E|CS|TAMS 0x00000000d8700000| PB 0x00000000d8700000| Complete |  0
| 904|0x00000000d8800000, 0x00000000d8900000, 0x00000000d8900000|100%| E|CS|TAMS 0x00000000d8800000| PB 0x00000000d8800000| Complete |  0
| 905|0x00000000d8900000, 0x00000000d8a00000, 0x00000000d8a00000|100%| E|CS|TAMS 0x00000000d8900000| PB 0x00000000d8900000| Complete |  0
| 906|0x00000000d8a00000, 0x00000000d8b00000, 0x00000000d8b00000|100%| E|CS|TAMS 0x00000000d8a00000| PB 0x00000000d8a00000| Complete |  0
| 907|0x00000000d8b00000, 0x00000000d8c00000, 0x00000000d8c00000|100%| E|CS|TAMS 0x00000000d8b00000| PB 0x00000000d8b00000| Complete |  0
| 908|0x00000000d8c00000, 0x00000000d8d00000, 0x00000000d8d00000|100%| E|CS|TAMS 0x00000000d8c00000| PB 0x00000000d8c00000| Complete |  0
| 909|0x00000000d8d00000, 0x00000000d8e00000, 0x00000000d8e00000|100%| E|CS|TAMS 0x00000000d8d00000| PB 0x00000000d8d00000| Complete |  0
| 910|0x00000000d8e00000, 0x00000000d8f00000, 0x00000000d8f00000|100%| E|CS|TAMS 0x00000000d8e00000| PB 0x00000000d8e00000| Complete |  0
| 911|0x00000000d8f00000, 0x00000000d9000000, 0x00000000d9000000|100%| E|CS|TAMS 0x00000000d8f00000| PB 0x00000000d8f00000| Complete |  0
| 912|0x00000000d9000000, 0x00000000d9100000, 0x00000000d9100000|100%| E|CS|TAMS 0x00000000d9000000| PB 0x00000000d9000000| Complete |  0
| 913|0x00000000d9100000, 0x00000000d9200000, 0x00000000d9200000|100%| E|CS|TAMS 0x00000000d9100000| PB 0x00000000d9100000| Complete |  0
| 914|0x00000000d9200000, 0x00000000d9300000, 0x00000000d9300000|100%| E|CS|TAMS 0x00000000d9200000| PB 0x00000000d9200000| Complete |  0
| 915|0x00000000d9300000, 0x00000000d9400000, 0x00000000d9400000|100%| E|CS|TAMS 0x00000000d9300000| PB 0x00000000d9300000| Complete |  0
|1495|0x00000000fd700000, 0x00000000fd800000, 0x00000000fd800000|100%| O|  |TAMS 0x00000000fd800000| PB 0x00000000fd700000| Untracked |  0
|1496|0x00000000fd800000, 0x00000000fd900000, 0x00000000fd900000|100%| E|CS|TAMS 0x00000000fd800000| PB 0x00000000fd800000| Complete |  0
|1497|0x00000000fd900000, 0x00000000fda00000, 0x00000000fda00000|100%| O|  |TAMS 0x00000000fda00000| PB 0x00000000fd900000| Untracked |  0
|1498|0x00000000fda00000, 0x00000000fdb00000, 0x00000000fdb00000|100%| O|  |TAMS 0x00000000fdb00000| PB 0x00000000fda00000| Untracked |  0
|1499|0x00000000fdb00000, 0x00000000fdc00000, 0x00000000fdc00000|100%| O|  |TAMS 0x00000000fdc00000| PB 0x00000000fdb00000| Untracked |  0
|1500|0x00000000fdc00000, 0x00000000fdd00000, 0x00000000fdd00000|100%| O|  |TAMS 0x00000000fdd00000| PB 0x00000000fdc00000| Untracked |  0
|1501|0x00000000fdd00000, 0x00000000fde00000, 0x00000000fde00000|100%| O|  |TAMS 0x00000000fde00000| PB 0x00000000fdd00000| Untracked |  0
|1502|0x00000000fde00000, 0x00000000fdf00000, 0x00000000fdf00000|100%| O|  |TAMS 0x00000000fdf00000| PB 0x00000000fde00000| Untracked |  0
|1503|0x00000000fdf00000, 0x00000000fe000000, 0x00000000fe000000|100%| O|  |TAMS 0x00000000fe000000| PB 0x00000000fdf00000| Untracked |  0
|1504|0x00000000fe000000, 0x00000000fe100000, 0x00000000fe100000|100%| O|  |TAMS 0x00000000fe100000| PB 0x00000000fe000000| Untracked |  0
|1505|0x00000000fe100000, 0x00000000fe200000, 0x00000000fe200000|100%| O|  |TAMS 0x00000000fe200000| PB 0x00000000fe100000| Untracked |  0
|1506|0x00000000fe200000, 0x00000000fe300000, 0x00000000fe300000|100%| O|  |TAMS 0x00000000fe300000| PB 0x00000000fe200000| Untracked |  0
|1507|0x00000000fe300000, 0x00000000fe400000, 0x00000000fe400000|100%| O|  |TAMS 0x00000000fe400000| PB 0x00000000fe300000| Untracked |  0
|1508|0x00000000fe400000, 0x00000000fe500000, 0x00000000fe500000|100%| O|  |TAMS 0x00000000fe500000| PB 0x00000000fe400000| Untracked |  0
|1509|0x00000000fe500000, 0x00000000fe600000, 0x00000000fe600000|100%| O|  |TAMS 0x00000000fe600000| PB 0x00000000fe500000| Untracked |  0
|1510|0x00000000fe600000, 0x00000000fe700000, 0x00000000fe700000|100%| O|  |TAMS 0x00000000fe700000| PB 0x00000000fe600000| Untracked |  0
|1511|0x00000000fe700000, 0x00000000fe800000, 0x00000000fe800000|100%| O|  |TAMS 0x00000000fe800000| PB 0x00000000fe700000| Untracked |  0
|1512|0x00000000fe800000, 0x00000000fe900000, 0x00000000fe900000|100%| O|  |TAMS 0x00000000fe900000| PB 0x00000000fe800000| Untracked |  0
|1513|0x00000000fe900000, 0x00000000fea00000, 0x00000000fea00000|100%| O|  |TAMS 0x00000000fea00000| PB 0x00000000fe900000| Untracked |  0
|1514|0x00000000fea00000, 0x00000000feb00000, 0x00000000feb00000|100%| O|  |TAMS 0x00000000feb00000| PB 0x00000000fea00000| Untracked |  0
|1515|0x00000000feb00000, 0x00000000fec00000, 0x00000000fec00000|100%| O|  |TAMS 0x00000000fec00000| PB 0x00000000feb00000| Untracked |  0
|1516|0x00000000fec00000, 0x00000000fed00000, 0x00000000fed00000|100%| O|  |TAMS 0x00000000fed00000| PB 0x00000000fec00000| Untracked |  0
|1517|0x00000000fed00000, 0x00000000fee00000, 0x00000000fee00000|100%| O|  |TAMS 0x00000000fee00000| PB 0x00000000fed00000| Untracked |  0
|1518|0x00000000fee00000, 0x00000000fef00000, 0x00000000fef00000|100%| O|  |TAMS 0x00000000fef00000| PB 0x00000000fee00000| Untracked |  0
|1519|0x00000000fef00000, 0x00000000ff000000, 0x00000000ff000000|100%| O|  |TAMS 0x00000000ff000000| PB 0x00000000fef00000| Untracked |  0
|1520|0x00000000ff000000, 0x00000000ff100000, 0x00000000ff100000|100%| O|  |TAMS 0x00000000ff100000| PB 0x00000000ff000000| Untracked |  0
|1521|0x00000000ff100000, 0x00000000ff200000, 0x00000000ff200000|100%| O|  |TAMS 0x00000000ff200000| PB 0x00000000ff100000| Untracked |  0
|1522|0x00000000ff200000, 0x00000000ff300000, 0x00000000ff300000|100%| O|  |TAMS 0x00000000ff300000| PB 0x00000000ff200000| Untracked |  0
|1523|0x00000000ff300000, 0x00000000ff400000, 0x00000000ff400000|100%| O|  |TAMS 0x00000000ff400000| PB 0x00000000ff300000| Untracked |  0
|1524|0x00000000ff400000, 0x00000000ff500000, 0x00000000ff500000|100%| E|CS|TAMS 0x00000000ff400000| PB 0x00000000ff400000| Complete |  0
|1525|0x00000000ff500000, 0x00000000ff600000, 0x00000000ff600000|100%| E|CS|TAMS 0x00000000ff500000| PB 0x00000000ff500000| Complete |  0
|1526|0x00000000ff600000, 0x00000000ff700000, 0x00000000ff700000|100%| E|CS|TAMS 0x00000000ff600000| PB 0x00000000ff600000| Complete |  0
|1527|0x00000000ff700000, 0x00000000ff800000, 0x00000000ff800000|100%| O|  |TAMS 0x00000000ff800000| PB 0x00000000ff700000| Untracked |  0
|1528|0x00000000ff800000, 0x00000000ff900000, 0x00000000ff900000|100%| E|CS|TAMS 0x00000000ff800000| PB 0x00000000ff800000| Complete |  0
|1529|0x00000000ff900000, 0x00000000ffa00000, 0x00000000ffa00000|100%| O|  |TAMS 0x00000000ffa00000| PB 0x00000000ff900000| Untracked |  0
|1530|0x00000000ffa00000, 0x00000000ffb00000, 0x00000000ffb00000|100%| O|  |TAMS 0x00000000ffb00000| PB 0x00000000ffa00000| Untracked |  0
|1531|0x00000000ffb00000, 0x00000000ffc00000, 0x00000000ffc00000|100%| E|CS|TAMS 0x00000000ffb00000| PB 0x00000000ffb00000| Complete |  0
|1532|0x00000000ffc00000, 0x00000000ffd00000, 0x00000000ffd00000|100%| O|  |TAMS 0x00000000ffd00000| PB 0x00000000ffc00000| Untracked |  0
|1533|0x00000000ffd00000, 0x00000000ffe00000, 0x00000000ffe00000|100%| O|  |TAMS 0x00000000ffe00000| PB 0x00000000ffd00000| Untracked |  0
|1534|0x00000000ffe00000, 0x00000000fff00000, 0x00000000fff00000|100%| O|  |TAMS 0x00000000fff00000| PB 0x00000000ffe00000| Untracked |  0
|1535|0x00000000fff00000, 0x0000000100000000, 0x0000000100000000|100%| O|  |TAMS 0x0000000100000000| PB 0x00000000fff00000| Untracked |  0

Card table byte_map: [0x000001bb67df0000,0x000001bb680f0000] _byte_map_base: 0x000001bb678f0000

Marking Bits: (CMBitMap*) 0x000001bb4e52f450
 Bits: [0x000001bb680f0000, 0x000001bb698f0000)

Polling page: 0x000001bb4e370000

Metaspace:

Usage:
  Non-class:     98.28 MB used.
      Class:     16.08 MB used.
       Both:    114.36 MB used.

Virtual space:
  Non-class space:      128.00 MB reserved,      99.44 MB ( 78%) committed,  2 nodes.
      Class space:        1.00 GB reserved,      17.19 MB (  2%) committed,  1 nodes.
             Both:        1.12 GB reserved,     116.62 MB ( 10%) committed. 

Chunk freelists:
   Non-Class:  11.62 MB
       Class:  14.62 MB
        Both:  26.25 MB

MaxMetaspaceSize: unlimited
CompressedClassSpaceSize: 1.00 GB
Initial GC threshold: 21.00 MB
Current GC threshold: 184.69 MB
CDS: on
 - commit_granule_bytes: 65536.
 - commit_granule_words: 8192.
 - virtual_space_node_default_size: 8388608.
 - enlarge_chunks_in_place: 1.
 - use_allocation_guard: 0.


Internal statistics:

num_allocs_failed_limit: 9.
num_arena_births: 4124.
num_arena_deaths: 0.
num_vsnodes_births: 3.
num_vsnodes_deaths: 0.
num_space_committed: 1862.
num_space_uncommitted: 0.
num_chunks_returned_to_freelist: 9.
num_chunks_taken_from_freelist: 8956.
num_chunk_merges: 9.
num_chunk_splits: 6089.
num_chunks_enlarged: 4165.
num_inconsistent_stats: 0.

CodeHeap 'non-profiled nmethods': size=120000Kb used=12058Kb max_used=12058Kb free=107941Kb
 bounds [0x000001bb5fb20000, 0x000001bb606f0000, 0x000001bb67050000]
CodeHeap 'profiled nmethods': size=120000Kb used=30923Kb max_used=30923Kb free=89076Kb
 bounds [0x000001bb58050000, 0x000001bb59e90000, 0x000001bb5f580000]
CodeHeap 'non-nmethods': size=5760Kb used=2219Kb max_used=2293Kb free=3540Kb
 bounds [0x000001bb5f580000, 0x000001bb5f7f0000, 0x000001bb5fb20000]
 total_blobs=17729 nmethods=16827 adapters=804
 compilation: enabled
              stopped_count=0, restarted_count=0
 full_count=0

Compilation events (20 events):
Event: 128.821 Thread 0x000001bb6c389dc0 20493       3       org.gradle.api.tasks.util.internal.CachingPatternSpecFactory$CachingSpec::isSatisfiedBy (9 bytes)
Event: 128.822 Thread 0x000001bb6c389dc0 nmethod 20493 0x000001bb59e6ad90 code [0x000001bb59e6af40, 0x000001bb59e6b188]
Event: 128.822 Thread 0x000001bb6c389dc0 20494   !   3       org.gradle.api.tasks.util.internal.CachingPatternSpecFactory$CachingSpec::isSatisfiedBy (40 bytes)
Event: 128.824 Thread 0x000001bb6c389dc0 nmethod 20494 0x000001bb59e6b290 code [0x000001bb59e6b4a0, 0x000001bb59e6bbf0]
Event: 128.824 Thread 0x000001bb6c389dc0 20495       3       org.gradle.api.tasks.util.internal.CachingPatternSpecFactory$CachingSpec$1::<init> (15 bytes)
Event: 128.824 Thread 0x000001bb6c389dc0 nmethod 20495 0x000001bb59e6bf10 code [0x000001bb59e6c0c0, 0x000001bb59e6c2e0]
Event: 128.828 Thread 0x000001bb6c389dc0 20496       1       org.gradle.api.internal.file.DefaultFileTreeElement::getRelativePath (5 bytes)
Event: 128.828 Thread 0x000001bb6c389dc0 nmethod 20496 0x000001bb606bfb90 code [0x000001bb606bfd20, 0x000001bb606bfde8]
Event: 128.830 Thread 0x000001bb6c389dc0 20497   !   3       java.nio.file.FileTreeWalker::next (144 bytes)
Event: 128.831 Thread 0x000001bb6c389dc0 nmethod 20497 0x000001bb59e6c390 code [0x000001bb59e6c620, 0x000001bb59e6d3e8]
Event: 128.857 Thread 0x000001bb6c389dc0 20498       3       com.google.common.collect.ImmutableSet::copyOf (76 bytes)
Event: 128.859 Thread 0x000001bb6c389dc0 nmethod 20498 0x000001bb59e6d890 code [0x000001bb59e6db20, 0x000001bb59e6ea08]
Event: 128.891 Thread 0x000001bb6c389dc0 20499       1       com.sun.management.internal.PlatformMBeanProviderImpl$4::mbeanInterfaceNames (5 bytes)
Event: 128.892 Thread 0x000001bb6c389dc0 nmethod 20499 0x000001bb606bfe90 code [0x000001bb606c0020, 0x000001bb606c00e8]
Event: 128.892 Thread 0x000001bb6c389dc0 20500       1       java.lang.management.DefaultPlatformMBeanProvider$10::mbeanInterfaceNames (5 bytes)
Event: 128.892 Thread 0x000001bb6c389dc0 nmethod 20500 0x000001bb606c0190 code [0x000001bb606c0320, 0x000001bb606c03e8]
Event: 128.899 Thread 0x000001bb6c389dc0 20501       1       org.gradle.internal.MutableBoolean::get (5 bytes)
Event: 128.900 Thread 0x000001bb6c389dc0 nmethod 20501 0x000001bb606c0490 code [0x000001bb606c0620, 0x000001bb606c06f0]
Event: 128.953 Thread 0x000001bb6c389dc0 20503       3       kotlin.reflect.jvm.internal.KDeclarationContainerImpl::<init> (5 bytes)
Event: 128.953 Thread 0x000001bb6c389dc0 nmethod 20503 0x000001bb59e6ed90 code [0x000001bb59e6ef20, 0x000001bb59e6f088]

GC Heap History (20 events):
Event: 106.739 GC heap before
{Heap before GC invocations=60 (full 0):
 garbage-first heap   total reserved 1572864K, committed 565248K, used 486400K [0x00000000a0000000, 0x0000000100000000)
  region size 1024K, 91 young (93184K), 15 survivors (15360K)
 Metaspace       used 111166K, committed 113472K, reserved 1179648K
  class space    used 15687K, committed 16832K, reserved 1048576K
}
Event: 106.945 GC heap after
{Heap after GC invocations=61 (full 0):
 garbage-first heap   total reserved 1572864K, committed 565248K, used 452096K [0x00000000a0000000, 0x0000000100000000)
  region size 1024K, 12 young (12288K), 12 survivors (12288K)
 Metaspace       used 111166K, committed 113472K, reserved 1179648K
  class space    used 15687K, committed 16832K, reserved 1048576K
}
Event: 107.451 GC heap before
{Heap before GC invocations=61 (full 0):
 garbage-first heap   total reserved 1572864K, committed 565248K, used 505344K [0x00000000a0000000, 0x0000000100000000)
  region size 1024K, 65 young (66560K), 12 survivors (12288K)
 Metaspace       used 111171K, committed 113472K, reserved 1179648K
  class space    used 15687K, committed 16832K, reserved 1048576K
}
Event: 107.511 GC heap after
{Heap after GC invocations=62 (full 0):
 garbage-first heap   total reserved 1572864K, committed 565248K, used 482304K [0x00000000a0000000, 0x0000000100000000)
  region size 1024K, 9 young (9216K), 9 survivors (9216K)
 Metaspace       used 111171K, committed 113472K, reserved 1179648K
  class space    used 15687K, committed 16832K, reserved 1048576K
}
Event: 107.662 GC heap before
{Heap before GC invocations=62 (full 0):
 garbage-first heap   total reserved 1572864K, committed 565248K, used 520192K [0x00000000a0000000, 0x0000000100000000)
  region size 1024K, 47 young (48128K), 9 survivors (9216K)
 Metaspace       used 111171K, committed 113472K, reserved 1179648K
  class space    used 15687K, committed 16832K, reserved 1048576K
}
Event: 107.699 GC heap after
{Heap after GC invocations=63 (full 0):
 garbage-first heap   total reserved 1572864K, committed 565248K, used 504320K [0x00000000a0000000, 0x0000000100000000)
  region size 1024K, 6 young (6144K), 6 survivors (6144K)
 Metaspace       used 111171K, committed 113472K, reserved 1179648K
  class space    used 15687K, committed 16832K, reserved 1048576K
}
Event: 107.920 GC heap before
{Heap before GC invocations=63 (full 0):
 garbage-first heap   total reserved 1572864K, committed 565248K, used 527872K [0x00000000a0000000, 0x0000000100000000)
  region size 1024K, 30 young (30720K), 6 survivors (6144K)
 Metaspace       used 111173K, committed 113472K, reserved 1179648K
  class space    used 15687K, committed 16832K, reserved 1048576K
}
Event: 107.956 GC heap after
{Heap after GC invocations=64 (full 0):
 garbage-first heap   total reserved 1572864K, committed 766976K, used 519680K [0x00000000a0000000, 0x0000000100000000)
  region size 1024K, 4 young (4096K), 4 survivors (4096K)
 Metaspace       used 111173K, committed 113472K, reserved 1179648K
  class space    used 15687K, committed 16832K, reserved 1048576K
}
Event: 109.458 GC heap before
{Heap before GC invocations=64 (full 0):
 garbage-first heap   total reserved 1572864K, committed 766976K, used 637440K [0x00000000a0000000, 0x0000000100000000)
  region size 1024K, 120 young (122880K), 4 survivors (4096K)
 Metaspace       used 111173K, committed 113472K, reserved 1179648K
  class space    used 15687K, committed 16832K, reserved 1048576K
}
Event: 109.538 GC heap after
{Heap after GC invocations=65 (full 0):
 garbage-first heap   total reserved 1572864K, committed 766976K, used 588288K [0x00000000a0000000, 0x0000000100000000)
  region size 1024K, 15 young (15360K), 15 survivors (15360K)
 Metaspace       used 111173K, committed 113472K, reserved 1179648K
  class space    used 15687K, committed 16832K, reserved 1048576K
}
Event: 110.762 GC heap before
{Heap before GC invocations=66 (full 0):
 garbage-first heap   total reserved 1572864K, committed 979968K, used 667136K [0x00000000a0000000, 0x0000000100000000)
  region size 1024K, 93 young (95232K), 15 survivors (15360K)
 Metaspace       used 111640K, committed 113920K, reserved 1179648K
  class space    used 15752K, committed 16896K, reserved 1048576K
}
Event: 110.827 GC heap after
{Heap after GC invocations=67 (full 0):
 garbage-first heap   total reserved 1572864K, committed 979968K, used 632320K [0x00000000a0000000, 0x0000000100000000)
  region size 1024K, 12 young (12288K), 12 survivors (12288K)
 Metaspace       used 111640K, committed 113920K, reserved 1179648K
  class space    used 15752K, committed 16896K, reserved 1048576K
}
Event: 115.863 GC heap before
{Heap before GC invocations=67 (full 0):
 garbage-first heap   total reserved 1572864K, committed 979968K, used 776704K [0x00000000a0000000, 0x0000000100000000)
  region size 1024K, 151 young (154624K), 12 survivors (12288K)
 Metaspace       used 115624K, committed 118016K, reserved 1179648K
  class space    used 16292K, committed 17472K, reserved 1048576K
}
Event: 115.928 GC heap after
{Heap after GC invocations=68 (full 0):
 garbage-first heap   total reserved 1572864K, committed 979968K, used 654643K [0x00000000a0000000, 0x0000000100000000)
  region size 1024K, 18 young (18432K), 18 survivors (18432K)
 Metaspace       used 115624K, committed 118016K, reserved 1179648K
  class space    used 16292K, committed 17472K, reserved 1048576K
}
Event: 119.724 GC heap before
{Heap before GC invocations=68 (full 0):
 garbage-first heap   total reserved 1572864K, committed 979968K, used 795955K [0x00000000a0000000, 0x0000000100000000)
  region size 1024K, 152 young (155648K), 18 survivors (18432K)
 Metaspace       used 116481K, committed 118784K, reserved 1179648K
  class space    used 16401K, committed 17536K, reserved 1048576K
}
Event: 119.774 GC heap after
{Heap after GC invocations=69 (full 0):
 garbage-first heap   total reserved 1572864K, committed 979968K, used 665451K [0x00000000a0000000, 0x0000000100000000)
  region size 1024K, 13 young (13312K), 13 survivors (13312K)
 Metaspace       used 116481K, committed 118784K, reserved 1179648K
  class space    used 16401K, committed 17536K, reserved 1048576K
}
Event: 126.260 GC heap before
{Heap before GC invocations=69 (full 0):
 garbage-first heap   total reserved 1572864K, committed 979968K, used 870251K [0x00000000a0000000, 0x0000000100000000)
  region size 1024K, 203 young (207872K), 13 survivors (13312K)
 Metaspace       used 116860K, committed 119232K, reserved 1179648K
  class space    used 16434K, committed 17600K, reserved 1048576K
}
Event: 126.344 GC heap after
{Heap after GC invocations=70 (full 0):
 garbage-first heap   total reserved 1572864K, committed 979968K, used 676864K [0x00000000a0000000, 0x0000000100000000)
  region size 1024K, 16 young (16384K), 16 survivors (16384K)
 Metaspace       used 116860K, committed 119232K, reserved 1179648K
  class space    used 16434K, committed 17600K, reserved 1048576K
}
Event: 126.801 GC heap before
{Heap before GC invocations=70 (full 0):
 garbage-first heap   total reserved 1572864K, committed 979968K, used 696320K [0x00000000a0000000, 0x0000000100000000)
  region size 1024K, 36 young (36864K), 16 survivors (16384K)
 Metaspace       used 116861K, committed 119232K, reserved 1179648K
  class space    used 16434K, committed 17600K, reserved 1048576K
}
Event: 126.915 GC heap after
{Heap after GC invocations=71 (full 0):
 garbage-first heap   total reserved 1572864K, committed 979968K, used 678472K [0x00000000a0000000, 0x0000000100000000)
  region size 1024K, 8 young (8192K), 8 survivors (8192K)
 Metaspace       used 116861K, committed 119232K, reserved 1179648K
  class space    used 16434K, committed 17600K, reserved 1048576K
}

Dll operation events (15 events):
Event: 0.034 Loaded shared library C:\Program Files\Java\jdk-22\bin\java.dll
Event: 0.124 Loaded shared library C:\Program Files\Java\jdk-22\bin\jsvml.dll
Event: 0.341 Loaded shared library C:\Program Files\Java\jdk-22\bin\zip.dll
Event: 0.361 Loaded shared library C:\Program Files\Java\jdk-22\bin\instrument.dll
Event: 0.370 Loaded shared library C:\Program Files\Java\jdk-22\bin\net.dll
Event: 0.376 Loaded shared library C:\Program Files\Java\jdk-22\bin\nio.dll
Event: 0.381 Loaded shared library C:\Program Files\Java\jdk-22\bin\zip.dll
Event: 1.519 Loaded shared library C:\Program Files\Java\jdk-22\bin\jimage.dll
Event: 2.124 Loaded shared library C:\Program Files\Java\jdk-22\bin\verify.dll
Event: 2.566 Loaded shared library C:\Users\SOLUSINDO\.gradle\native\c067742578af261105cb4f569cf0c3c89f3d7b1fecec35dd04571415982c5e48\windows-amd64\native-platform.dll
Event: 2.634 Loaded shared library C:\Users\SOLUSINDO\.gradle\native\100fb08df4bc3b14c8652ba06237920a3bd2aa13389f12d3474272988ae205f9\windows-amd64\native-platform-file-events.dll
Event: 7.661 Loaded shared library C:\Program Files\Java\jdk-22\bin\management.dll
Event: 7.667 Loaded shared library C:\Program Files\Java\jdk-22\bin\management_ext.dll
Event: 8.601 Loaded shared library C:\Program Files\Java\jdk-22\bin\extnet.dll
Event: 9.538 Loaded shared library C:\Program Files\Java\jdk-22\bin\sunmscapi.dll

Deoptimization events (20 events):
Event: 125.461 Thread 0x000001bb489b6dc0 DEOPT PACKING pc=0x000001bb5ffa030c sp=0x00000093493fa620
Event: 125.461 Thread 0x000001bb489b6dc0 DEOPT UNPACKING pc=0x000001bb5f5d46a2 sp=0x00000093493fa5e0 mode 2
Event: 125.514 Thread 0x000001bb489b6dc0 Uncommon trap: trap_request=0xffffff45 fr.pc=0x000001bb606778ec relative=0x00000000000006ec
Event: 125.514 Thread 0x000001bb489b6dc0 Uncommon trap: reason=unstable_if action=reinterpret pc=0x000001bb606778ec method=sun.security.provider.DigestBase.engineUpdate(B)V @ 4 c2
Event: 125.514 Thread 0x000001bb489b6dc0 DEOPT PACKING pc=0x000001bb606778ec sp=0x00000093493f99d0
Event: 125.514 Thread 0x000001bb489b6dc0 DEOPT UNPACKING pc=0x000001bb5f5d46a2 sp=0x00000093493f9888 mode 2
Event: 127.974 Thread 0x000001bb489b6dc0 DEOPT PACKING pc=0x000001bb588feb94 sp=0x00000093493fac30
Event: 127.974 Thread 0x000001bb489b6dc0 DEOPT UNPACKING pc=0x000001bb5f5d4e42 sp=0x00000093493fa130 mode 0
Event: 128.363 Thread 0x000001bb489b6dc0 Uncommon trap: trap_request=0xffffff45 fr.pc=0x000001bb606731c0 relative=0x0000000000000a00
Event: 128.363 Thread 0x000001bb489b6dc0 Uncommon trap: reason=unstable_if action=reinterpret pc=0x000001bb606731c0 method=sun.security.provider.DigestBase.engineUpdate(B)V @ 4 c2
Event: 128.363 Thread 0x000001bb489b6dc0 DEOPT PACKING pc=0x000001bb606731c0 sp=0x00000093493fcfd0
Event: 128.363 Thread 0x000001bb489b6dc0 DEOPT UNPACKING pc=0x000001bb5f5d46a2 sp=0x00000093493fcfc0 mode 2
Event: 128.791 Thread 0x000001bb489b6dc0 Uncommon trap: trap_request=0xffffff45 fr.pc=0x000001bb5ff0e4c8 relative=0x00000000000001e8
Event: 128.791 Thread 0x000001bb489b6dc0 Uncommon trap: reason=unstable_if action=reinterpret pc=0x000001bb5ff0e4c8 method=java.nio.file.FileTreeWalker.getAttributes(Ljava/nio/file/Path;Z)Ljava/nio/file/attribute/BasicFileAttributes; @ 35 c2
Event: 128.791 Thread 0x000001bb489b6dc0 DEOPT PACKING pc=0x000001bb5ff0e4c8 sp=0x00000093493f9da0
Event: 128.791 Thread 0x000001bb489b6dc0 DEOPT UNPACKING pc=0x000001bb5f5d46a2 sp=0x00000093493f9d48 mode 2
Event: 128.793 Thread 0x000001bb489b6dc0 Uncommon trap: trap_request=0xffffff45 fr.pc=0x000001bb606a3258 relative=0x00000000000065b8
Event: 128.793 Thread 0x000001bb489b6dc0 Uncommon trap: reason=unstable_if action=reinterpret pc=0x000001bb606a3258 method=java.nio.file.FileTreeWalker.getAttributes(Ljava/nio/file/Path;Z)Ljava/nio/file/attribute/BasicFileAttributes; @ 35 c2
Event: 128.793 Thread 0x000001bb489b6dc0 DEOPT PACKING pc=0x000001bb606a3258 sp=0x00000093493f9ed0
Event: 128.793 Thread 0x000001bb489b6dc0 DEOPT UNPACKING pc=0x000001bb5f5d46a2 sp=0x00000093493f9de0 mode 2

Classes loaded (20 events):
Event: 101.577 Loading class java/util/concurrent/ConcurrentHashMap$TreeBin
Event: 101.579 Loading class java/util/concurrent/ConcurrentHashMap$TreeBin done
Event: 103.469 Loading class java/util/concurrent/ForkJoinTask$AdaptedInterruptibleCallable
Event: 103.472 Loading class java/util/concurrent/ForkJoinTask$InterruptibleTask
Event: 103.473 Loading class java/util/concurrent/ForkJoinTask$InterruptibleTask done
Event: 103.474 Loading class java/util/concurrent/ForkJoinTask$AdaptedInterruptibleCallable done
Event: 103.887 Loading class java/util/AbstractList$RandomAccessSubList
Event: 103.896 Loading class java/util/AbstractList$SubList
Event: 103.907 Loading class java/util/AbstractList$SubList done
Event: 103.907 Loading class java/util/AbstractList$RandomAccessSubList done
Event: 103.908 Loading class java/util/AbstractList$SubList$1
Event: 103.908 Loading class java/util/AbstractList$SubList$1 done
Event: 104.529 Loading class java/nio/ShortBuffer
Event: 104.534 Loading class java/nio/ShortBuffer done
Event: 104.535 Loading class java/nio/HeapShortBuffer
Event: 104.537 Loading class java/nio/HeapShortBuffer done
Event: 111.647 Loading class java/util/IdentityHashMap$EntrySet
Event: 111.725 Loading class java/util/IdentityHashMap$EntrySet done
Event: 113.232 Loading class java/util/IdentityHashMap$ValueIterator
Event: 113.236 Loading class java/util/IdentityHashMap$ValueIterator done

Classes unloaded (0 events):
No events

Classes redefined (0 events):
No events

Internal exceptions (20 events):
Event: 103.832 Thread 0x000001bb4d1e4760 Implicit null exception at 0x000001bb5fec188b to 0x000001bb5fec195c
Event: 103.840 Thread 0x000001bb4d1df210 Implicit null exception at 0x000001bb5fdf2587 to 0x000001bb5fdf2660
Event: 103.888 Thread 0x000001bb4d1dd140 Exception <a 'java/lang/NoSuchMethodError'{0x00000000ff8d6ae0}: 'long java.lang.invoke.DirectMethodHandle$Holder.invokeStatic(java.lang.Object, java.lang.Object, java.lang.Object)'> (0x00000000ff8d6ae0) 
thrown [s\open\src\hotspot\share\interpreter\linkResolver.cpp, line 774]
Event: 103.901 Thread 0x000001bb4d1e5b10 Exception <a 'java/lang/IncompatibleClassChangeError'{0x00000000ff5f3638}: Found class java.lang.Object, but interface was expected> (0x00000000ff5f3638) 
thrown [s\open\src\hotspot\share\interpreter\linkResolver.cpp, line 841]
Event: 103.902 Thread 0x000001bb4d1e5b10 Exception <a 'java/lang/IncompatibleClassChangeError'{0x00000000ff5f6dc8}: Found class java.lang.Object, but interface was expected> (0x00000000ff5f6dc8) 
thrown [s\open\src\hotspot\share\interpreter\linkResolver.cpp, line 841]
Event: 110.132 Thread 0x000001bb4adff6b0 Implicit null exception at 0x000001bb601edac9 to 0x000001bb601eddf0
Event: 111.860 Thread 0x000001bb4adff6b0 Exception <a 'java/lang/IncompatibleClassChangeError'{0x00000000d8dab780}: Found class java.lang.Object, but interface was expected> (0x00000000d8dab780) 
thrown [s\open\src\hotspot\share\interpreter\linkResolver.cpp, line 841]
Event: 111.862 Thread 0x000001bb4adff6b0 Exception <a 'java/lang/NoSuchMethodError'{0x00000000d8db25d0}: 'void java.lang.invoke.DirectMethodHandle$Holder.invokeInterface(java.lang.Object, java.lang.Object, java.lang.Object, int)'> (0x00000000d8db25d0) 
thrown [s\open\src\hotspot\share\interpreter\linkResolver.cpp, line 774]
Event: 113.098 Thread 0x000001bb4adff6b0 Implicit null exception at 0x000001bb5ff49675 to 0x000001bb5ff4a520
Event: 113.279 Thread 0x000001bb4adff6b0 Exception <a 'java/lang/IncompatibleClassChangeError'{0x00000000d4b641d8}: Found class java.lang.Object, but interface was expected> (0x00000000d4b641d8) 
thrown [s\open\src\hotspot\share\interpreter\linkResolver.cpp, line 841]
Event: 113.350 Thread 0x000001bb4adff6b0 Exception <a 'java/lang/NoSuchMethodError'{0x00000000d4a66048}: 'long java.lang.invoke.DirectMethodHandle$Holder.invokeStatic(java.lang.Object, java.lang.Object)'> (0x00000000d4a66048) 
thrown [s\open\src\hotspot\share\interpreter\linkResolver.cpp, line 774]
Event: 113.379 Thread 0x000001bb4adff6b0 Exception <a 'java/lang/NoSuchMethodError'{0x00000000d4ab21c8}: 'java.lang.Object java.lang.invoke.DirectMethodHandle$Holder.newInvokeSpecial(java.lang.Object, java.lang.Object, int, java.lang.Object, java.lang.Object, java.lang.Object)'> (0x00000000d4ab21c8) 
thrown [s\open\src\hotspot\share\interpreter\linkResolver.cpp, line 774]
Event: 113.389 Thread 0x000001bb4adff6b0 Exception <a 'java/lang/NoSuchMethodError'{0x00000000d4ac5250}: 'java.lang.Object java.lang.invoke.DirectMethodHandle$Holder.newInvokeSpecial(java.lang.Object, int, java.lang.Object, java.lang.Object)'> (0x00000000d4ac5250) 
thrown [s\open\src\hotspot\share\interpreter\linkResolver.cpp, line 774]
Event: 113.390 Thread 0x000001bb4adff6b0 Exception <a 'java/lang/NoSuchMethodError'{0x00000000d4ac8fd0}: 'java.lang.Object java.lang.invoke.DirectMethodHandle$Holder.invokeSpecial(java.lang.Object, java.lang.Object, int, java.lang.Object, java.lang.Object)'> (0x00000000d4ac8fd0) 
thrown [s\open\src\hotspot\share\interpreter\linkResolver.cpp, line 774]
Event: 114.395 Thread 0x000001bb4adff6b0 Implicit null exception at 0x000001bb604d5360 to 0x000001bb604d54a4
Event: 114.416 Thread 0x000001bb4adff6b0 Exception <a 'java/lang/NoSuchMethodError'{0x00000000d392ecb8}: 'void java.lang.invoke.DirectMethodHandle$Holder.invokeStatic(java.lang.Object, java.lang.Object, java.lang.Object, java.lang.Object, java.lang.Object, java.lang.Object, java.lang.Object, java.lang.Object)'> (0x00000000d392ecb8) 
thrown [s\open\src\hotspot\share\interpreter\linkResolver.cpp, line 774]
Event: 121.348 Thread 0x000001bb4c352620 Exception <a 'sun/nio/fs/WindowsException'{0x00000000d7ac8de8}> (0x00000000d7ac8de8) 
thrown [s\open\src\hotspot\share\prims\jni.cpp, line 520]
Event: 122.479 Thread 0x000001bb4c352620 Exception <a 'sun/nio/fs/WindowsException'{0x00000000d6e0ce40}> (0x00000000d6e0ce40) 
thrown [s\open\src\hotspot\share\prims\jni.cpp, line 520]
Event: 125.514 Thread 0x000001bb489b6dc0 Implicit null exception at 0x000001bb60677260 to 0x000001bb606778cc
Event: 128.363 Thread 0x000001bb489b6dc0 Implicit null exception at 0x000001bb6067280c to 0x000001bb606731a8

ZGC Phase Switch (0 events):
No events

VM Operations (20 events):
Event: 120.931 Executing VM operation: Cleanup
Event: 120.931 Executing VM operation: Cleanup done
Event: 121.945 Executing VM operation: Cleanup
Event: 121.972 Executing VM operation: Cleanup done
Event: 122.974 Executing VM operation: Cleanup
Event: 122.990 Executing VM operation: Cleanup done
Event: 124.002 Executing VM operation: Cleanup
Event: 124.033 Executing VM operation: Cleanup done
Event: 125.036 Executing VM operation: Cleanup
Event: 125.051 Executing VM operation: Cleanup done
Event: 126.062 Executing VM operation: Cleanup
Event: 126.078 Executing VM operation: Cleanup done
Event: 126.260 Executing VM operation: G1CollectForAllocation (G1 Evacuation Pause)
Event: 126.344 Executing VM operation: G1CollectForAllocation (G1 Evacuation Pause) done
Event: 126.791 Executing VM operation: G1TryInitiateConcMark (G1 Humongous Allocation)
Event: 126.915 Executing VM operation: G1TryInitiateConcMark (G1 Humongous Allocation) done
Event: 127.930 Executing VM operation: Cleanup
Event: 127.967 Executing VM operation: Cleanup done
Event: 128.968 Executing VM operation: Cleanup
Event: 128.984 Executing VM operation: Cleanup done

Memory protections (0 events):
No events

Nmethod flushes (20 events):
Event: 109.953 Thread 0x000001bb6c35c600 flushing  nmethod 0x000001bb58a55590
Event: 109.953 Thread 0x000001bb6c35c600 flushing  nmethod 0x000001bb58a83510
Event: 109.953 Thread 0x000001bb6c35c600 flushing  nmethod 0x000001bb59525010
Event: 109.953 Thread 0x000001bb6c35c600 flushing  nmethod 0x000001bb59622e90
Event: 109.953 Thread 0x000001bb6c35c600 flushing  nmethod 0x000001bb59923190
Event: 109.953 Thread 0x000001bb6c35c600 flushing  nmethod 0x000001bb5995a010
Event: 109.953 Thread 0x000001bb6c35c600 flushing  nmethod 0x000001bb5ff88510
Event: 109.954 Thread 0x000001bb6c35c600 flushing  nmethod 0x000001bb601ed890
Event: 109.954 Thread 0x000001bb6c35c600 flushing  nmethod 0x000001bb603b8310
Event: 109.954 Thread 0x000001bb6c35c600 flushing  nmethod 0x000001bb58147e90
Event: 109.954 Thread 0x000001bb6c35c600 flushing  nmethod 0x000001bb5814c890
Event: 109.954 Thread 0x000001bb6c35c600 flushing  nmethod 0x000001bb58169790
Event: 109.954 Thread 0x000001bb6c35c600 flushing  nmethod 0x000001bb58213a10
Event: 109.954 Thread 0x000001bb6c35c600 flushing  nmethod 0x000001bb586ab410
Event: 109.954 Thread 0x000001bb6c35c600 flushing  nmethod 0x000001bb5883d090
Event: 109.954 Thread 0x000001bb6c35c600 flushing  nmethod 0x000001bb58a25590
Event: 109.956 Thread 0x000001bb6c35c600 flushing  nmethod 0x000001bb58a27890
Event: 109.957 Thread 0x000001bb6c35c600 flushing  nmethod 0x000001bb595ac510
Event: 109.957 Thread 0x000001bb6c35c600 flushing  nmethod 0x000001bb59611310
Event: 109.957 Thread 0x000001bb6c35c600 flushing  nmethod 0x000001bb59636a90

Events (20 events):
Event: 111.896 Thread 0x000001bb6c389dc0 Thread added: 0x000001bb48780ba0
Event: 111.897 Thread 0x000001bb6c389dc0 Thread added: 0x000001bb487848f0
Event: 112.506 Thread 0x000001bb487848f0 Thread exited: 0x000001bb487848f0
Event: 112.506 Thread 0x000001bb48780ba0 Thread exited: 0x000001bb48780ba0
Event: 112.547 Thread 0x000001bb6c389dc0 Thread added: 0x000001bb48785690
Event: 112.564 Thread 0x000001bb6c389dc0 Thread added: 0x000001bb487848f0
Event: 115.177 Thread 0x000001bb487848f0 Thread exited: 0x000001bb487848f0
Event: 115.738 Thread 0x000001bb48785690 Thread exited: 0x000001bb48785690
Event: 116.162 Thread 0x000001bb6c386b60 Thread added: 0x000001bb487848f0
Event: 116.764 Thread 0x000001bb487848f0 Thread exited: 0x000001bb487848f0
Event: 116.881 Thread 0x000001bb6c389dc0 Thread added: 0x000001bb487848f0
Event: 122.012 Thread 0x000001bb487848f0 Thread exited: 0x000001bb487848f0
Event: 122.707 Thread 0x000001bb6c389dc0 Thread added: 0x000001bb487848f0
Event: 123.314 Thread 0x000001bb487848f0 Thread exited: 0x000001bb487848f0
Event: 127.133 Thread 0x000001bb6c389dc0 Thread added: 0x000001bb487848f0
Event: 127.973 Thread 0x000001bb487848f0 Thread exited: 0x000001bb487848f0
Event: 128.173 Thread 0x000001bb6c386b60 Thread added: 0x000001bb487848f0
Event: 128.306 Thread 0x000001bb487848f0 Thread exited: 0x000001bb487848f0
Event: 128.341 Thread 0x000001bb6c386b60 Thread added: 0x000001bb487848f0
Event: 128.781 Thread 0x000001bb487848f0 Thread exited: 0x000001bb487848f0


Dynamic libraries:
0x00007ff74efe0000 - 0x00007ff74eff0000 	C:\Program Files\Java\jdk-22\bin\java.exe
0x00007ffd0e350000 - 0x00007ffd0e548000 	C:\Windows\SYSTEM32\ntdll.dll
0x00007ffd0c5e0000 - 0x00007ffd0c6a2000 	C:\Windows\System32\KERNEL32.DLL
0x00007ffd0bc20000 - 0x00007ffd0bf16000 	C:\Windows\System32\KERNELBASE.dll
0x00007ffd0c150000 - 0x00007ffd0c250000 	C:\Windows\System32\ucrtbase.dll
0x00007ffcfd170000 - 0x00007ffcfd18b000 	C:\Program Files\Java\jdk-22\bin\VCRUNTIME140.dll
0x00007ffcfed20000 - 0x00007ffcfed37000 	C:\Program Files\Java\jdk-22\bin\jli.dll
0x00007ffd0dd80000 - 0x00007ffd0df21000 	C:\Windows\System32\USER32.dll
0x00007ffd0bbf0000 - 0x00007ffd0bc12000 	C:\Windows\System32\win32u.dll
0x00007ffd0cd60000 - 0x00007ffd0cd8b000 	C:\Windows\System32\GDI32.dll
0x00007ffd0c250000 - 0x00007ffd0c369000 	C:\Windows\System32\gdi32full.dll
0x00007ffd0c0b0000 - 0x00007ffd0c14d000 	C:\Windows\System32\msvcp_win.dll
0x00007ffcf66f0000 - 0x00007ffcf698b000 	C:\Windows\WinSxS\amd64_microsoft.windows.common-controls_6595b64144ccf1df_6.0.19041.6456_none_60b8a6cb71f64256\COMCTL32.dll
0x00007ffd0ccc0000 - 0x00007ffd0cd5e000 	C:\Windows\System32\msvcrt.dll
0x00007ffd0c450000 - 0x00007ffd0c47f000 	C:\Windows\System32\IMM32.DLL
0x00007ffd06b30000 - 0x00007ffd06b3c000 	C:\Program Files\Java\jdk-22\bin\vcruntime140_1.dll
0x00007ffced720000 - 0x00007ffced7ae000 	C:\Program Files\Java\jdk-22\bin\msvcp140.dll
0x00007ffcc0c90000 - 0x00007ffcc19d9000 	C:\Program Files\Java\jdk-22\bin\server\jvm.dll
0x00007ffd0c980000 - 0x00007ffd0ca31000 	C:\Windows\System32\ADVAPI32.dll
0x00007ffd0caa0000 - 0x00007ffd0cb3f000 	C:\Windows\System32\sechost.dll
0x00007ffd0c730000 - 0x00007ffd0c850000 	C:\Windows\System32\RPCRT4.dll
0x00007ffd0bf20000 - 0x00007ffd0bf47000 	C:\Windows\System32\bcrypt.dll
0x00007ffd0d200000 - 0x00007ffd0d26b000 	C:\Windows\System32\WS2_32.dll
0x00007ffd0b840000 - 0x00007ffd0b88b000 	C:\Windows\SYSTEM32\POWRPROF.dll
0x00007ffcf6af0000 - 0x00007ffcf6b17000 	C:\Windows\SYSTEM32\WINMM.dll
0x00007ffd09500000 - 0x00007ffd0950a000 	C:\Windows\SYSTEM32\VERSION.dll
0x00007ffd0b820000 - 0x00007ffd0b832000 	C:\Windows\SYSTEM32\UMPDC.dll
0x00007ffd0a1f0000 - 0x00007ffd0a202000 	C:\Windows\SYSTEM32\kernel.appcore.dll
0x00007ffd03560000 - 0x00007ffd0356a000 	C:\Program Files\Java\jdk-22\bin\jimage.dll
0x00007ffd092b0000 - 0x00007ffd094b1000 	C:\Windows\SYSTEM32\DBGHELP.DLL
0x00007ffcd9410000 - 0x00007ffcd9444000 	C:\Windows\SYSTEM32\dbgcore.DLL
0x00007ffd0ba30000 - 0x00007ffd0bab2000 	C:\Windows\System32\bcryptPrimitives.dll
0x00007ffd00500000 - 0x00007ffd0050f000 	C:\Program Files\Java\jdk-22\bin\instrument.dll
0x00007ffcf9d40000 - 0x00007ffcf9d5e000 	C:\Program Files\Java\jdk-22\bin\java.dll
0x00007ffd0d5b0000 - 0x00007ffd0dd20000 	C:\Windows\System32\SHELL32.dll
0x00007ffd0c850000 - 0x00007ffd0c97b000 	C:\Windows\System32\ole32.dll
0x00007ffd0df30000 - 0x00007ffd0e284000 	C:\Windows\System32\combase.dll
0x00007ffd09a30000 - 0x00007ffd0a1d5000 	C:\Windows\SYSTEM32\windows.storage.dll
0x00007ffd0b330000 - 0x00007ffd0b35b000 	C:\Windows\SYSTEM32\Wldp.dll
0x00007ffd0d320000 - 0x00007ffd0d3ed000 	C:\Windows\System32\OLEAUT32.dll
0x00007ffd0d270000 - 0x00007ffd0d31d000 	C:\Windows\System32\SHCORE.dll
0x00007ffd0cc60000 - 0x00007ffd0ccbb000 	C:\Windows\System32\shlwapi.dll
0x00007ffd0b910000 - 0x00007ffd0b934000 	C:\Windows\SYSTEM32\profapi.dll
0x00007ffcdb6d0000 - 0x00007ffcdb7a7000 	C:\Program Files\Java\jdk-22\bin\jsvml.dll
0x00007ffcf91e0000 - 0x00007ffcf91f7000 	C:\Program Files\Java\jdk-22\bin\zip.dll
0x00007ffd02900000 - 0x00007ffd02910000 	C:\Program Files\Java\jdk-22\bin\net.dll
0x00007ffd0b090000 - 0x00007ffd0b0fa000 	C:\Windows\system32\mswsock.dll
0x00007ffcf9200000 - 0x00007ffcf9216000 	C:\Program Files\Java\jdk-22\bin\nio.dll
0x00007ffd02470000 - 0x00007ffd02480000 	C:\Program Files\Java\jdk-22\bin\verify.dll
0x00007ffd02490000 - 0x00007ffd024b7000 	C:\Users\SOLUSINDO\.gradle\native\c067742578af261105cb4f569cf0c3c89f3d7b1fecec35dd04571415982c5e48\windows-amd64\native-platform.dll
0x00007ffcd7200000 - 0x00007ffcd7344000 	C:\Users\SOLUSINDO\.gradle\native\100fb08df4bc3b14c8652ba06237920a3bd2aa13389f12d3474272988ae205f9\windows-amd64\native-platform-file-events.dll
0x00007ffd01680000 - 0x00007ffd0168a000 	C:\Program Files\Java\jdk-22\bin\management.dll
0x00007ffcfff40000 - 0x00007ffcfff4b000 	C:\Program Files\Java\jdk-22\bin\management_ext.dll
0x00007ffd0e300000 - 0x00007ffd0e308000 	C:\Windows\System32\PSAPI.DLL
0x00007ffd0b280000 - 0x00007ffd0b298000 	C:\Windows\SYSTEM32\CRYPTSP.dll
0x00007ffd0a9b0000 - 0x00007ffd0a9e8000 	C:\Windows\system32\rsaenh.dll
0x00007ffd0b8d0000 - 0x00007ffd0b8fe000 	C:\Windows\SYSTEM32\USERENV.dll
0x00007ffd0b2a0000 - 0x00007ffd0b2ac000 	C:\Windows\SYSTEM32\CRYPTBASE.dll
0x00007ffd0ad70000 - 0x00007ffd0adab000 	C:\Windows\SYSTEM32\IPHLPAPI.DLL
0x00007ffd0e2f0000 - 0x00007ffd0e2f8000 	C:\Windows\System32\NSI.dll
0x00007ffcffdc0000 - 0x00007ffcffdc9000 	C:\Program Files\Java\jdk-22\bin\extnet.dll
0x00007ffcfefa0000 - 0x00007ffcfefae000 	C:\Program Files\Java\jdk-22\bin\sunmscapi.dll
0x00007ffd0bf50000 - 0x00007ffd0c0ad000 	C:\Windows\System32\CRYPT32.dll
0x00007ffd0b3a0000 - 0x00007ffd0b3c7000 	C:\Windows\SYSTEM32\ncrypt.dll
0x00007ffd0b360000 - 0x00007ffd0b39b000 	C:\Windows\SYSTEM32\NTASN1.dll
0x00007ffd074b0000 - 0x00007ffd074b7000 	C:\Windows\system32\wshunix.dll
0x00007ffd03710000 - 0x00007ffd03727000 	C:\Windows\system32\napinsp.dll
0x00007ffd03730000 - 0x00007ffd0374b000 	C:\Windows\system32\pnrpnsp.dll
0x00007ffd077a0000 - 0x00007ffd077bd000 	C:\Windows\system32\wshbth.dll
0x00007ffd06a00000 - 0x00007ffd06a1d000 	C:\Windows\system32\NLAapi.dll
0x00007ffd0adb0000 - 0x00007ffd0ae7a000 	C:\Windows\SYSTEM32\DNSAPI.dll
0x00007ffd03750000 - 0x00007ffd03762000 	C:\Windows\System32\winrnr.dll
0x0000000061260000 - 0x0000000061286000 	C:\Program Files\Bonjour\mdnsNSP.dll
0x00007ffd01830000 - 0x00007ffd0183a000 	C:\Windows\System32\rasadhlp.dll
0x00007ffcfe1e0000 - 0x00007ffcfe260000 	C:\Windows\System32\fwpuclnt.dll
0x00007ffd0ac00000 - 0x00007ffd0ac33000 	C:\Windows\SYSTEM32\ntmarta.dll

dbghelp: loaded successfully - version: 4.0.5 - missing functions: none
symbol engine: initialized successfully - sym options: 0x614 - pdb path: .;C:\Program Files\Java\jdk-22\bin;C:\Windows\SYSTEM32;C:\Windows\WinSxS\amd64_microsoft.windows.common-controls_6595b64144ccf1df_6.0.19041.6456_none_60b8a6cb71f64256;C:\Program Files\Java\jdk-22\bin\server;C:\Users\SOLUSINDO\.gradle\native\c067742578af261105cb4f569cf0c3c89f3d7b1fecec35dd04571415982c5e48\windows-amd64;C:\Users\SOLUSINDO\.gradle\native\100fb08df4bc3b14c8652ba06237920a3bd2aa13389f12d3474272988ae205f9\windows-amd64;C:\Program Files\Bonjour

VM Arguments:
jvm_args: --add-opens=java.base/java.util=ALL-UNNAMED --add-opens=java.base/java.lang=ALL-UNNAMED --add-opens=java.base/java.lang.invoke=ALL-UNNAMED --add-opens=java.prefs/java.util.prefs=ALL-UNNAMED --add-exports=jdk.compiler/com.sun.tools.javac.api=ALL-UNNAMED --add-exports=jdk.compiler/com.sun.tools.javac.util=ALL-UNNAMED --add-opens=java.base/java.nio.charset=ALL-UNNAMED --add-opens=java.base/java.net=ALL-UNNAMED --add-opens=java.base/java.util.concurrent.atomic=ALL-UNNAMED -Xmx1536m -Dfile.encoding=UTF-8 -Duser.country=ID -Duser.language=en -Duser.variant -javaagent:C:\Users\SOLUSINDO\.gradle\wrapper\dists\gradle-8.10.2-all\7iv73wktx1xtkvlq19urqw1wm\gradle-8.10.2\lib\agents\gradle-instrumentation-agent-8.10.2.jar 
java_command: org.gradle.launcher.daemon.bootstrap.GradleDaemon 8.10.2
java_class_path (initial): C:\Users\SOLUSINDO\.gradle\wrapper\dists\gradle-8.10.2-all\7iv73wktx1xtkvlq19urqw1wm\gradle-8.10.2\lib\gradle-daemon-main-8.10.2.jar
Launcher Type: SUN_STANDARD

[Global flags]
     intx CICompilerCount                          = 4                                         {product} {ergonomic}
     uint ConcGCThreads                            = 2                                         {product} {ergonomic}
     uint G1ConcRefinementThreads                  = 8                                         {product} {ergonomic}
   size_t G1HeapRegionSize                         = 1048576                                   {product} {ergonomic}
   size_t InitialHeapSize                          = 134217728                                 {product} {ergonomic}
   size_t MarkStackSize                            = 4194304                                   {product} {ergonomic}
   size_t MaxHeapSize                              = 1610612736                                {product} {command line}
   size_t MaxNewSize                               = 965738496                                 {product} {ergonomic}
   size_t MinHeapDeltaBytes                        = 1048576                                   {product} {ergonomic}
   size_t MinHeapSize                              = 8388608                                   {product} {ergonomic}
    uintx NonNMethodCodeHeapSize                   = 5839372                                {pd product} {ergonomic}
    uintx NonProfiledCodeHeapSize                  = 122909434                              {pd product} {ergonomic}
    uintx ProfiledCodeHeapSize                     = 122909434                              {pd product} {ergonomic}
    uintx ReservedCodeCacheSize                    = 251658240                              {pd product} {ergonomic}
     bool SegmentedCodeCache                       = true                                      {product} {ergonomic}
   size_t SoftMaxHeapSize                          = 1610612736                             {manageable} {ergonomic}
     bool UseCompressedOops                        = true                           {product lp64_product} {ergonomic}
     bool UseG1GC                                  = true                                      {product} {ergonomic}
     bool UseLargePagesIndividualAllocation        = false                                  {pd product} {ergonomic}

Logging:
Log output configuration:
 #0: stdout all=warning uptime,level,tags foldmultilines=false
 #1: stderr all=off uptime,level,tags foldmultilines=false

Environment Variables:
CLASSPATH=C:\NAZILA\KULIAH\SEM 5\WMC\RemoteLamp (1)\New folder\RemoteLamp(2)\RemoteLamp\\gradle\wrapper\gradle-wrapper.jar
PATH=C:\Program Files\Common Files\Oracle\Java\javapath;C:\Windows\system32;C:\Windows;C:\Windows\System32\Wbem;C:\Windows\System32\WindowsPowerShell\v1.0\;C:\Windows\System32\OpenSSH\;C:\Program Files\Intel\WiFi\bin\;C:\Program Files\Common Files\Intel\WirelessCommon\;C:\MinGW\bin;C:\Program Files\Java\jdk-22\bin;C:\Program Files\nodejs\;C:\Users\SOLUSINDO\.config\herd\bin\nvm;C:\Program Files\nodejs;C:\Program Files\php-8.4.8;C:\ProgramData\ComposerSetup\bin;C:\Program Files (x86)\Microsoft SQL Server\160\Tools\Binn\;C:\Program Files\Microsoft SQL Server\160\Tools\Binn\;C:\Program Files\Microsoft SQL Server\Client SDK\ODBC\170\Tools\Binn\;C:\Program Files\Microsoft SQL Server\160\DTS\Binn\;C:\NAZILA\KULIAH\SEM 4\Git\cmd;C:\Users\SOLUSINDO\AppData\Local\Programs\Python\Launcher\;C:\Users\SOLUSINDO\AppData\Local\Programs\Python\Python311\Scripts\;C:\Users\SOLUSINDO\AppData\Local\Programs\Python\Python311\;C:\Users\SOLUSINDO\AppData\Local\Microsoft\WindowsApps;C:\Users\SOLUSINDO\AppData\Local\Programs\Microsoft VS Code\bin;C:\Users\SOLUSINDO\AppData\Roaming\npm;C:\NAZILA\KULIAH\SEM 4\Git\bin;C:\NAZILA\KULIAH\SEM 4\PAB\flutter\bin;C:\Users\SOLUSINDO\AppData\Local\GitHubDesktop\bin;C:\Users\SOLUSINDO\AppData\Roaming\Composer\vendor\bin
USERNAME=SOLUSINDO
OS=Windows_NT
PROCESSOR_IDENTIFIER=Intel64 Family 6 Model 142 Stepping 10, GenuineIntel
TMP=C:\Users\SOLUSI~1\AppData\Local\Temp
TEMP=C:\Users\SOLUSI~1\AppData\Local\Temp




Periodic native trim disabled

---------------  S Y S T E M  ---------------

OS:
 Windows 10 , 64 bit Build 19041 (10.0.19041.5915)
OS uptime: 0 days 20:09 hours

CPU: total 8 (initial active 8) (4 cores per cpu, 2 threads per core) family 6 model 142 stepping 10 microcode 0xb4, cx8, cmov, fxsr, ht, mmx, 3dnowpref, sse, sse2, sse3, ssse3, sse4.1, sse4.2, popcnt, lzcnt, tsc, tscinvbit, avx, avx2, aes, erms, clmul, bmi1, bmi2, rtm, adx, fma, vzeroupper, clflush, clflushopt, rdtscp, f16c
Processor Information for all 8 processors :
  Max Mhz: 1901, Current Mhz: 1901, Mhz Limit: 1901

Memory: 4k page, system-wide physical 8070M (343M free)
TotalPageFile size 30017M (AvailPageFile size 4091M)
current process WorkingSet (physical memory assigned to process): 873M, peak: 959M
current process commit charge ("private bytes"): 1368M, peak: 1412M

vm_info: Java HotSpot(TM) 64-Bit Server VM (22.0.2+9-70) for windows-amd64 JRE (22.0.2+9-70), built on 2024-06-04T16:52:23Z by "mach5one" with MS VC++ 17.6 (VS2022)

END.
