2025-12-03T23:07:16.200+0700 [DEBUG] [org.gradle.launcher.daemon.bootstrap.DaemonMain] Assuming the daemon was started with following jvm opts: [--add-opens=java.base/java.util=ALL-UNNAMED, --add-opens=java.base/java.lang=ALL-UNNAMED, --add-opens=java.base/java.lang.invoke=ALL-UNNAMED, --add-opens=java.prefs/java.util.prefs=ALL-UNNAMED, --add-exports=jdk.compiler/com.sun.tools.javac.api=ALL-UNNAMED, --add-exports=jdk.compiler/com.sun.tools.javac.util=ALL-UNNAMED, --add-opens=java.base/java.nio.charset=ALL-UNNAMED, --add-opens=java.base/java.net=ALL-UNNAMED, --add-opens=java.base/java.util.concurrent.atomic=ALL-UNNAMED, -Xmx1536m, -Dfile.encoding=UTF-8, -Duser.country=ID, -Duser.language=en, -Duser.variant]
2025-12-03T23:07:16.339+0700 [DEBUG] [org.gradle.internal.nativeintegration.services.NativeServices] Native-platform posix files integration is not available. Continuing with fallback.
2025-12-03T23:07:16.359+0700 [INFO] [org.gradle.launcher.daemon.server.Daemon] start() called on daemon - DefaultDaemonContext[uid=66c12390-f998-4156-9118-506455305028,javaHome=D:\DARI C\Documents\Android Studio\jbr,javaVersion=21,javaVendor=JetBrains s.r.o.,daemonRegistryDir=D:\RemoteLamp\daemon,pid=18756,idleTimeout=10800000,priority=NORMAL,applyInstrumentationAgent=true,nativeServicesMode=ENABLED,daemonOpts=--add-opens=java.base/java.util=ALL-UNNAMED,--add-opens=java.base/java.lang=ALL-UNNAMED,--add-opens=java.base/java.lang.invoke=ALL-UNNAMED,--add-opens=java.prefs/java.util.prefs=ALL-UNNAMED,--add-exports=jdk.compiler/com.sun.tools.javac.api=ALL-UNNAMED,--add-exports=jdk.compiler/com.sun.tools.javac.util=ALL-UNNAMED,--add-opens=java.base/java.nio.charset=ALL-UNNAMED,--add-opens=java.base/java.net=ALL-UNNAMED,--add-opens=java.base/java.util.concurrent.atomic=ALL-UNNAMED,-Xmx1536m,-Dfile.encoding=UTF-8,-Duser.country=ID,-Duser.language=en,-Duser.variant]
2025-12-03T23:07:16.412+0700 [DEBUG] [org.gradle.internal.remote.internal.inet.InetAddresses] Adding IP addresses for network interface WAN Miniport (IP)-WFP Native MAC Layer LightWeight Filter-0000
2025-12-03T23:07:16.413+0700 [DEBUG] [org.gradle.internal.remote.internal.inet.InetAddresses] Is this a loopback interface? false
2025-12-03T23:07:16.413+0700 [DEBUG] [org.gradle.internal.remote.internal.inet.InetAddresses] Adding IP addresses for network interface WAN Miniport (IP)-QoS Packet Scheduler-0000
2025-12-03T23:07:16.413+0700 [DEBUG] [org.gradle.internal.remote.internal.inet.InetAddresses] Is this a loopback interface? false
2025-12-03T23:07:16.413+0700 [DEBUG] [org.gradle.internal.remote.internal.inet.InetAddresses] Adding IP addresses for network interface WAN Miniport (IPv6)-WFP Native MAC Layer LightWeight Filter-0000
2025-12-03T23:07:16.413+0700 [DEBUG] [org.gradle.internal.remote.internal.inet.InetAddresses] Is this a loopback interface? false
2025-12-03T23:07:16.414+0700 [DEBUG] [org.gradle.internal.remote.internal.inet.InetAddresses] Adding IP addresses for network interface WAN Miniport (IPv6)-QoS Packet Scheduler-0000
2025-12-03T23:07:16.414+0700 [DEBUG] [org.gradle.internal.remote.internal.inet.InetAddresses] Is this a loopback interface? false
2025-12-03T23:07:16.414+0700 [DEBUG] [org.gradle.internal.remote.internal.inet.InetAddresses] Adding IP addresses for network interface WAN Miniport (Network Monitor)-WFP Native MAC Layer LightWeight Filter-0000
2025-12-03T23:07:16.414+0700 [DEBUG] [org.gradle.internal.remote.internal.inet.InetAddresses] Is this a loopback interface? false
2025-12-03T23:07:16.414+0700 [DEBUG] [org.gradle.internal.remote.internal.inet.InetAddresses] Adding IP addresses for network interface WAN Miniport (Network Monitor)-QoS Packet Scheduler-0000
2025-12-03T23:07:16.414+0700 [DEBUG] [org.gradle.internal.remote.internal.inet.InetAddresses] Is this a loopback interface? false
2025-12-03T23:07:16.415+0700 [DEBUG] [org.gradle.internal.remote.internal.inet.InetAddresses] Adding IP addresses for network interface Microsoft Kernel Debug Network Adapter
2025-12-03T23:07:16.415+0700 [DEBUG] [org.gradle.internal.remote.internal.inet.InetAddresses] Is this a loopback interface? false
2025-12-03T23:07:16.415+0700 [DEBUG] [org.gradle.internal.remote.internal.inet.InetAddresses] Adding IP addresses for network interface Realtek(R) USB GbE Family Controller
2025-12-03T23:07:16.415+0700 [DEBUG] [org.gradle.internal.remote.internal.inet.InetAddresses] Is this a loopback interface? false
2025-12-03T23:07:16.415+0700 [DEBUG] [org.gradle.internal.remote.internal.inet.InetAddresses] Adding IP addresses for network interface Bluetooth Device (Personal Area Network)
2025-12-03T23:07:16.415+0700 [DEBUG] [org.gradle.internal.remote.internal.inet.InetAddresses] Is this a loopback interface? false
2025-12-03T23:07:16.416+0700 [DEBUG] [org.gradle.internal.remote.internal.inet.InetAddresses] Adding IP addresses for network interface WAN Miniport (IP)
2025-12-03T23:07:16.416+0700 [DEBUG] [org.gradle.internal.remote.internal.inet.InetAddresses] Is this a loopback interface? false
2025-12-03T23:07:16.416+0700 [DEBUG] [org.gradle.internal.remote.internal.inet.InetAddresses] Adding IP addresses for network interface WAN Miniport (IPv6)
2025-12-03T23:07:16.416+0700 [DEBUG] [org.gradle.internal.remote.internal.inet.InetAddresses] Is this a loopback interface? false
2025-12-03T23:07:16.416+0700 [DEBUG] [org.gradle.internal.remote.internal.inet.InetAddresses] Adding IP addresses for network interface WAN Miniport (Network Monitor)
2025-12-03T23:07:16.416+0700 [DEBUG] [org.gradle.internal.remote.internal.inet.InetAddresses] Is this a loopback interface? false
2025-12-03T23:07:16.417+0700 [DEBUG] [org.gradle.internal.remote.internal.inet.InetAddresses] Adding IP addresses for network interface VirtualBox Host-Only Ethernet Adapter
2025-12-03T23:07:16.417+0700 [DEBUG] [org.gradle.internal.remote.internal.inet.InetAddresses] Is this a loopback interface? false
2025-12-03T23:07:16.417+0700 [DEBUG] [org.gradle.internal.remote.internal.inet.InetAddresses] Adding IP addresses for network interface VirtualBox Host-Only Ethernet Adapter
2025-12-03T23:07:16.417+0700 [DEBUG] [org.gradle.internal.remote.internal.inet.InetAddresses] Is this a loopback interface? false
2025-12-03T23:07:16.417+0700 [DEBUG] [org.gradle.internal.remote.internal.inet.InetAddresses] Adding IP addresses for network interface WAN Miniport (PPPOE)
2025-12-03T23:07:16.417+0700 [DEBUG] [org.gradle.internal.remote.internal.inet.InetAddresses] Is this a loopback interface? false
2025-12-03T23:07:16.418+0700 [DEBUG] [org.gradle.internal.remote.internal.inet.InetAddresses] Adding IP addresses for network interface Software Loopback Interface 1
2025-12-03T23:07:16.418+0700 [DEBUG] [org.gradle.internal.remote.internal.inet.InetAddresses] Is this a loopback interface? true
2025-12-03T23:07:16.418+0700 [DEBUG] [org.gradle.internal.remote.internal.inet.InetAddresses] Adding loopback address /0:0:0:0:0:0:0:1
2025-12-03T23:07:16.418+0700 [DEBUG] [org.gradle.internal.remote.internal.inet.InetAddresses] Adding loopback address /127.0.0.1
2025-12-03T23:07:16.419+0700 [DEBUG] [org.gradle.internal.remote.internal.inet.InetAddresses] Adding IP addresses for network interface MediaTek Wi-Fi 6 MT7921 Wireless LAN Card-WFP Native MAC Layer LightWeight Filter-0000
2025-12-03T23:07:16.419+0700 [DEBUG] [org.gradle.internal.remote.internal.inet.InetAddresses] Is this a loopback interface? false
2025-12-03T23:07:16.419+0700 [DEBUG] [org.gradle.internal.remote.internal.inet.InetAddresses] Adding IP addresses for network interface MediaTek Wi-Fi 6 MT7921 Wireless LAN Card-Virtual WiFi Filter Driver-0000
2025-12-03T23:07:16.419+0700 [DEBUG] [org.gradle.internal.remote.internal.inet.InetAddresses] Is this a loopback interface? false
2025-12-03T23:07:16.420+0700 [DEBUG] [org.gradle.internal.remote.internal.inet.InetAddresses] Adding IP addresses for network interface MediaTek Wi-Fi 6 MT7921 Wireless LAN Card-Native WiFi Filter Driver-0000
2025-12-03T23:07:16.420+0700 [DEBUG] [org.gradle.internal.remote.internal.inet.InetAddresses] Is this a loopback interface? false
2025-12-03T23:07:16.420+0700 [DEBUG] [org.gradle.internal.remote.internal.inet.InetAddresses] Adding IP addresses for network interface MediaTek Wi-Fi 6 MT7921 Wireless LAN Card-VirtualBox NDIS Light-Weight Filter-0000
2025-12-03T23:07:16.420+0700 [DEBUG] [org.gradle.internal.remote.internal.inet.InetAddresses] Is this a loopback interface? false
2025-12-03T23:07:16.420+0700 [DEBUG] [org.gradle.internal.remote.internal.inet.InetAddresses] Adding IP addresses for network interface MediaTek Wi-Fi 6 MT7921 Wireless LAN Card-QoS Packet Scheduler-0000
2025-12-03T23:07:16.420+0700 [DEBUG] [org.gradle.internal.remote.internal.inet.InetAddresses] Is this a loopback interface? false
2025-12-03T23:07:16.421+0700 [DEBUG] [org.gradle.internal.remote.internal.inet.InetAddresses] Adding IP addresses for network interface MediaTek Wi-Fi 6 MT7921 Wireless LAN Card-WFP 802.3 MAC Layer LightWeight Filter-0000
2025-12-03T23:07:16.421+0700 [DEBUG] [org.gradle.internal.remote.internal.inet.InetAddresses] Is this a loopback interface? false
2025-12-03T23:07:16.421+0700 [DEBUG] [org.gradle.internal.remote.internal.inet.InetAddresses] Adding IP addresses for network interface Microsoft Wi-Fi Direct Virtual Adapter-WFP Native MAC Layer LightWeight Filter-0000
2025-12-03T23:07:16.421+0700 [DEBUG] [org.gradle.internal.remote.internal.inet.InetAddresses] Is this a loopback interface? false
2025-12-03T23:07:16.421+0700 [DEBUG] [org.gradle.internal.remote.internal.inet.InetAddresses] Adding IP addresses for network interface Microsoft Wi-Fi Direct Virtual Adapter-Native WiFi Filter Driver-0000
2025-12-03T23:07:16.422+0700 [DEBUG] [org.gradle.internal.remote.internal.inet.InetAddresses] Is this a loopback interface? false
2025-12-03T23:07:16.422+0700 [DEBUG] [org.gradle.internal.remote.internal.inet.InetAddresses] Adding IP addresses for network interface Microsoft Wi-Fi Direct Virtual Adapter-VirtualBox NDIS Light-Weight Filter-0000
2025-12-03T23:07:16.422+0700 [DEBUG] [org.gradle.internal.remote.internal.inet.InetAddresses] Is this a loopback interface? false
2025-12-03T23:07:16.422+0700 [DEBUG] [org.gradle.internal.remote.internal.inet.InetAddresses] Adding IP addresses for network interface Microsoft Wi-Fi Direct Virtual Adapter-QoS Packet Scheduler-0000
2025-12-03T23:07:16.422+0700 [DEBUG] [org.gradle.internal.remote.internal.inet.InetAddresses] Is this a loopback interface? false
2025-12-03T23:07:16.423+0700 [DEBUG] [org.gradle.internal.remote.internal.inet.InetAddresses] Adding IP addresses for network interface Microsoft Wi-Fi Direct Virtual Adapter-WFP 802.3 MAC Layer LightWeight Filter-0000
2025-12-03T23:07:16.423+0700 [DEBUG] [org.gradle.internal.remote.internal.inet.InetAddresses] Is this a loopback interface? false
2025-12-03T23:07:16.423+0700 [DEBUG] [org.gradle.internal.remote.internal.inet.InetAddresses] Adding IP addresses for network interface Microsoft Wi-Fi Direct Virtual Adapter #2-WFP Native MAC Layer LightWeight Filter-0000
2025-12-03T23:07:16.423+0700 [DEBUG] [org.gradle.internal.remote.internal.inet.InetAddresses] Is this a loopback interface? false
2025-12-03T23:07:16.423+0700 [DEBUG] [org.gradle.internal.remote.internal.inet.InetAddresses] Adding IP addresses for network interface Microsoft Wi-Fi Direct Virtual Adapter #2-Native WiFi Filter Driver-0000
2025-12-03T23:07:16.423+0700 [DEBUG] [org.gradle.internal.remote.internal.inet.InetAddresses] Is this a loopback interface? false
2025-12-03T23:07:16.424+0700 [DEBUG] [org.gradle.internal.remote.internal.inet.InetAddresses] Adding IP addresses for network interface Microsoft Wi-Fi Direct Virtual Adapter #2-VirtualBox NDIS Light-Weight Filter-0000
2025-12-03T23:07:16.424+0700 [DEBUG] [org.gradle.internal.remote.internal.inet.InetAddresses] Is this a loopback interface? false
2025-12-03T23:07:16.424+0700 [DEBUG] [org.gradle.internal.remote.internal.inet.InetAddresses] Adding IP addresses for network interface Microsoft Wi-Fi Direct Virtual Adapter #2-QoS Packet Scheduler-0000
2025-12-03T23:07:16.424+0700 [DEBUG] [org.gradle.internal.remote.internal.inet.InetAddresses] Is this a loopback interface? false
2025-12-03T23:07:16.425+0700 [DEBUG] [org.gradle.internal.remote.internal.inet.InetAddresses] Adding IP addresses for network interface Microsoft Wi-Fi Direct Virtual Adapter #2-WFP 802.3 MAC Layer LightWeight Filter-0000
2025-12-03T23:07:16.425+0700 [DEBUG] [org.gradle.internal.remote.internal.inet.InetAddresses] Is this a loopback interface? false
2025-12-03T23:07:16.425+0700 [DEBUG] [org.gradle.internal.remote.internal.inet.InetAddresses] Adding IP addresses for network interface MediaTek Wi-Fi 6 MT7921 Wireless LAN Card
2025-12-03T23:07:16.425+0700 [DEBUG] [org.gradle.internal.remote.internal.inet.InetAddresses] Is this a loopback interface? false
2025-12-03T23:07:16.425+0700 [DEBUG] [org.gradle.internal.remote.internal.inet.InetAddresses] Adding remote address /fe80:0:0:0:884d:292a:9ba6:6d82%wireless_32768
2025-12-03T23:07:16.425+0700 [DEBUG] [org.gradle.internal.remote.internal.inet.InetAddresses] Adding remote address /192.168.1.136
2025-12-03T23:07:16.425+0700 [DEBUG] [org.gradle.internal.remote.internal.inet.InetAddresses] Adding IP addresses for network interface Microsoft Wi-Fi Direct Virtual Adapter
2025-12-03T23:07:16.426+0700 [DEBUG] [org.gradle.internal.remote.internal.inet.InetAddresses] Is this a loopback interface? false
2025-12-03T23:07:16.426+0700 [DEBUG] [org.gradle.internal.remote.internal.inet.InetAddresses] Adding remote address /fe80:0:0:0:e9fb:1545:c665:67f4%wireless_32769
2025-12-03T23:07:16.426+0700 [DEBUG] [org.gradle.internal.remote.internal.inet.InetAddresses] Adding IP addresses for network interface Microsoft Wi-Fi Direct Virtual Adapter #2
2025-12-03T23:07:16.426+0700 [DEBUG] [org.gradle.internal.remote.internal.inet.InetAddresses] Is this a loopback interface? false
2025-12-03T23:07:16.426+0700 [DEBUG] [org.gradle.internal.remote.internal.inet.InetAddresses] Adding remote address /fe80:0:0:0:7252:6f21:6a16:dadd%wireless_32770
2025-12-03T23:07:16.426+0700 [DEBUG] [org.gradle.internal.remote.internal.inet.InetAddresses] Adding IP addresses for network interface Microsoft Teredo Tunneling Adapter
2025-12-03T23:07:16.426+0700 [DEBUG] [org.gradle.internal.remote.internal.inet.InetAddresses] Is this a loopback interface? false
2025-12-03T23:07:16.427+0700 [DEBUG] [org.gradle.internal.remote.internal.inet.InetAddresses] Adding IP addresses for network interface Microsoft IP-HTTPS Platform Adapter
2025-12-03T23:07:16.427+0700 [DEBUG] [org.gradle.internal.remote.internal.inet.InetAddresses] Is this a loopback interface? false
2025-12-03T23:07:16.427+0700 [DEBUG] [org.gradle.internal.remote.internal.inet.InetAddresses] Adding IP addresses for network interface Microsoft 6to4 Adapter
2025-12-03T23:07:16.427+0700 [DEBUG] [org.gradle.internal.remote.internal.inet.InetAddresses] Is this a loopback interface? false
2025-12-03T23:07:16.427+0700 [DEBUG] [org.gradle.internal.remote.internal.inet.InetAddresses] Adding IP addresses for network interface WAN Miniport (SSTP)
2025-12-03T23:07:16.427+0700 [DEBUG] [org.gradle.internal.remote.internal.inet.InetAddresses] Is this a loopback interface? false
2025-12-03T23:07:16.427+0700 [DEBUG] [org.gradle.internal.remote.internal.inet.InetAddresses] Adding IP addresses for network interface WAN Miniport (IKEv2)
2025-12-03T23:07:16.427+0700 [DEBUG] [org.gradle.internal.remote.internal.inet.InetAddresses] Is this a loopback interface? false
2025-12-03T23:07:16.428+0700 [DEBUG] [org.gradle.internal.remote.internal.inet.InetAddresses] Adding IP addresses for network interface WAN Miniport (L2TP)
2025-12-03T23:07:16.428+0700 [DEBUG] [org.gradle.internal.remote.internal.inet.InetAddresses] Is this a loopback interface? false
2025-12-03T23:07:16.428+0700 [DEBUG] [org.gradle.internal.remote.internal.inet.InetAddresses] Adding IP addresses for network interface WAN Miniport (PPTP)
2025-12-03T23:07:16.428+0700 [DEBUG] [org.gradle.internal.remote.internal.inet.InetAddresses] Is this a loopback interface? false
2025-12-03T23:07:16.430+0700 [DEBUG] [org.gradle.internal.remote.internal.inet.TcpIncomingConnector] Listening on [7714e9e6-fef7-4d31-a1e2-ebb0d063ec69 port:54574, addresses:[localhost/127.0.0.1]].
2025-12-03T23:07:16.446+0700 [DEBUG] [org.gradle.launcher.daemon.server.Daemon] Daemon starting at: Wed Dec 03 23:07:16 WIB 2025, with address: [7714e9e6-fef7-4d31-a1e2-ebb0d063ec69 port:54574, addresses:[localhost/127.0.0.1]]
2025-12-03T23:07:16.446+0700 [INFO] [org.gradle.launcher.daemon.server.DaemonRegistryUpdater] Advertising the daemon address to the clients: [7714e9e6-fef7-4d31-a1e2-ebb0d063ec69 port:54574, addresses:[localhost/127.0.0.1]]
2025-12-03T23:07:16.447+0700 [DEBUG] [org.gradle.launcher.daemon.server.DaemonRegistryUpdater] Advertised daemon context: DefaultDaemonContext[uid=66c12390-f998-4156-9118-506455305028,javaHome=D:\DARI C\Documents\Android Studio\jbr,javaVersion=21,javaVendor=JetBrains s.r.o.,daemonRegistryDir=D:\RemoteLamp\daemon,pid=18756,idleTimeout=10800000,priority=NORMAL,applyInstrumentationAgent=true,nativeServicesMode=ENABLED,daemonOpts=--add-opens=java.base/java.util=ALL-UNNAMED,--add-opens=java.base/java.lang=ALL-UNNAMED,--add-opens=java.base/java.lang.invoke=ALL-UNNAMED,--add-opens=java.prefs/java.util.prefs=ALL-UNNAMED,--add-exports=jdk.compiler/com.sun.tools.javac.api=ALL-UNNAMED,--add-exports=jdk.compiler/com.sun.tools.javac.util=ALL-UNNAMED,--add-opens=java.base/java.nio.charset=ALL-UNNAMED,--add-opens=java.base/java.net=ALL-UNNAMED,--add-opens=java.base/java.util.concurrent.atomic=ALL-UNNAMED,-Xmx1536m,-Dfile.encoding=UTF-8,-Duser.country=ID,-Duser.language=en,-Duser.variant]
2025-12-03T23:07:16.447+0700 [DEBUG] [org.gradle.launcher.daemon.registry.PersistentDaemonRegistry] Storing daemon address: [7714e9e6-fef7-4d31-a1e2-ebb0d063ec69 port:54574, addresses:[localhost/127.0.0.1]], context: DefaultDaemonContext[uid=66c12390-f998-4156-9118-506455305028,javaHome=D:\DARI C\Documents\Android Studio\jbr,javaVersion=21,javaVendor=JetBrains s.r.o.,daemonRegistryDir=D:\RemoteLamp\daemon,pid=18756,idleTimeout=10800000,priority=NORMAL,applyInstrumentationAgent=true,nativeServicesMode=ENABLED,daemonOpts=--add-opens=java.base/java.util=ALL-UNNAMED,--add-opens=java.base/java.lang=ALL-UNNAMED,--add-opens=java.base/java.lang.invoke=ALL-UNNAMED,--add-opens=java.prefs/java.util.prefs=ALL-UNNAMED,--add-exports=jdk.compiler/com.sun.tools.javac.api=ALL-UNNAMED,--add-exports=jdk.compiler/com.sun.tools.javac.util=ALL-UNNAMED,--add-opens=java.base/java.nio.charset=ALL-UNNAMED,--add-opens=java.base/java.net=ALL-UNNAMED,--add-opens=java.base/java.util.concurrent.atomic=ALL-UNNAMED,-Xmx1536m,-Dfile.encoding=UTF-8,-Duser.country=ID,-Duser.language=en,-Duser.variant]
2025-12-03T23:07:16.458+0700 [DEBUG] [org.gradle.cache.internal.DefaultFileLockManager] Waiting to acquire exclusive lock on daemon addresses registry.
2025-12-03T23:07:16.461+0700 [DEBUG] [org.gradle.cache.internal.DefaultFileLockManager] Lock acquired on daemon addresses registry.
2025-12-03T23:07:16.465+0700 [DEBUG] [org.gradle.cache.internal.DefaultFileLockManager] Releasing lock on daemon addresses registry.
2025-12-03T23:07:16.465+0700 [LIFECYCLE] [org.gradle.launcher.daemon.server.Daemon] Daemon server started.
2025-12-03T23:07:16.467+0700 [DEBUG] [org.gradle.launcher.daemon.bootstrap.DaemonStartupCommunication] Completed writing the daemon greeting. Closing streams...
2025-12-03T23:07:16.474+0700 [DEBUG] [org.gradle.launcher.daemon.server.Daemon] stopOnExpiration() called on daemon
2025-12-03T23:07:16.474+0700 [DEBUG] [org.gradle.internal.remote.internal.inet.TcpIncomingConnector] Accepted connection from /127.0.0.1:54575 to /127.0.0.1:54574.
2025-12-03T23:07:16.475+0700 [DEBUG] [org.gradle.launcher.daemon.server.Daemon] awaitExpiration() called on daemon
2025-12-03T23:07:16.475+0700 [DEBUG] [org.gradle.launcher.daemon.server.DaemonStateCoordinator] daemon is running. Sleeping until state changes.
2025-12-03T23:07:16.546+0700 [DEBUG] [org.gradle.launcher.daemon.server.SynchronizedDispatchConnection] thread 35: received class org.gradle.launcher.daemon.protocol.Build
2025-12-03T23:07:16.547+0700 [DEBUG] [org.gradle.launcher.daemon.server.DefaultDaemonConnection] thread 35: Received non-IO message from client: Build{id=d00f38ac-83d2-4765-9002-ecc51a950aec, currentDir=D:\RemoteLamp}
2025-12-03T23:07:16.547+0700 [INFO] [org.gradle.launcher.daemon.server.DefaultIncomingConnectionHandler] Received command: Build{id=d00f38ac-83d2-4765-9002-ecc51a950aec, currentDir=D:\RemoteLamp}.
2025-12-03T23:07:16.547+0700 [DEBUG] [org.gradle.launcher.daemon.server.DefaultIncomingConnectionHandler] Starting executing command: Build{id=d00f38ac-83d2-4765-9002-ecc51a950aec, currentDir=D:\RemoteLamp} with connection: socket connection from /127.0.0.1:54574 to /127.0.0.1:54575.
2025-12-03T23:07:16.549+0700 [DEBUG] [org.gradle.launcher.daemon.server.DaemonStateCoordinator] Command execution: started DaemonCommandExecution[command = Build{id=d00f38ac-83d2-4765-9002-ecc51a950aec, currentDir=D:\RemoteLamp}, connection = DefaultDaemonConnection: socket connection from /127.0.0.1:54574 to /127.0.0.1:54575] after 0.0023833333333333332 minutes of idle
2025-12-03T23:07:16.550+0700 [INFO] [org.gradle.launcher.daemon.server.DaemonRegistryUpdater] Marking the daemon as busy, address: [7714e9e6-fef7-4d31-a1e2-ebb0d063ec69 port:54574, addresses:[localhost/127.0.0.1]]
2025-12-03T23:07:16.550+0700 [DEBUG] [org.gradle.launcher.daemon.registry.PersistentDaemonRegistry] Marking busy by address: [7714e9e6-fef7-4d31-a1e2-ebb0d063ec69 port:54574, addresses:[localhost/127.0.0.1]]
2025-12-03T23:07:16.550+0700 [DEBUG] [org.gradle.cache.internal.DefaultFileLockManager] Waiting to acquire exclusive lock on daemon addresses registry.
2025-12-03T23:07:16.551+0700 [DEBUG] [org.gradle.cache.internal.DefaultFileLockManager] Lock acquired on daemon addresses registry.
2025-12-03T23:07:16.552+0700 [DEBUG] [org.gradle.cache.internal.DefaultFileLockManager] Releasing lock on daemon addresses registry.
2025-12-03T23:07:16.552+0700 [DEBUG] [org.gradle.launcher.daemon.server.DaemonStateCoordinator] resetting idle timer
2025-12-03T23:07:16.552+0700 [DEBUG] [org.gradle.launcher.daemon.server.DaemonStateCoordinator] daemon is running. Sleeping until state changes.
2025-12-03T23:07:16.552+0700 [INFO] [org.gradle.launcher.daemon.server.exec.StartBuildOrRespondWithBusy] Daemon is about to start building Build{id=d00f38ac-83d2-4765-9002-ecc51a950aec, currentDir=D:\RemoteLamp}. Dispatching build started information...
2025-12-03T23:07:16.553+0700 [DEBUG] [org.gradle.launcher.daemon.server.SynchronizedDispatchConnection] thread 37: dispatching org.gradle.launcher.daemon.protocol.BuildStarted@1b7d0631
2025-12-03T23:07:16.554+0700 [DEBUG] [org.gradle.launcher.daemon.server.exec.EstablishBuildEnvironment] Configuring env variables: [USERDOMAIN_ROAMINGPROFILE, LOCALAPPDATA, NVM_SYMLINK, PROCESSOR_LEVEL, USERDOMAIN, LOGONSERVER, JAVA_HOME, SESSIONNAME, ALLUSERSPROFILE, PROCESSOR_ARCHITECTURE, EFC_14128_1592913036, PSModulePath, SystemDrive, OneDrive, PT8HOME, APPDATA, USERNAME, ProgramFiles(x86), VBOX_MSI_INSTALL_PATH, CommonProgramFiles, Path, PATHEXT, DriverData, OS, COMPUTERNAME, IntelliJ IDEA Community Edition, NVM_HOME, PROCESSOR_REVISION, CommonProgramW6432, ComSpec, ProgramData, ProgramW6432, TEMP, HOMEPATH, SystemRoot, PROCESSOR_IDENTIFIER, HOMEDRIVE, USERPROFILE, TMP, POWERSHELL_DISTRIBUTION_CHANNEL, CommonProgramFiles(x86), ProgramFiles, PUBLIC, windir, NUMBER_OF_PROCESSORS, =::]
2025-12-03T23:07:16.557+0700 [DEBUG] [org.gradle.launcher.daemon.server.exec.LogToClient] About to start relaying all logs to the client via the connection.
2025-12-03T23:07:16.557+0700 [INFO] [org.gradle.launcher.daemon.server.exec.LogToClient] The client will now receive all logging from the daemon (pid: 18756). The daemon log file: D:\RemoteLamp\daemon\8.10.2\daemon-18756.out.log
2025-12-03T23:07:16.558+0700 [INFO] [org.gradle.launcher.daemon.server.exec.LogAndCheckHealth] Starting build in new daemon [memory: 1.5 GiB]
2025-12-03T23:07:16.560+0700 [DEBUG] [org.gradle.launcher.daemon.server.exec.ExecuteBuild] The daemon has started executing the build.
2025-12-03T23:07:16.561+0700 [DEBUG] [org.gradle.launcher.daemon.server.exec.ExecuteBuild] Executing build with daemon context: DefaultDaemonContext[uid=66c12390-f998-4156-9118-506455305028,javaHome=D:\DARI C\Documents\Android Studio\jbr,javaVersion=21,javaVendor=JetBrains s.r.o.,daemonRegistryDir=D:\RemoteLamp\daemon,pid=18756,idleTimeout=10800000,priority=NORMAL,applyInstrumentationAgent=true,nativeServicesMode=ENABLED,daemonOpts=--add-opens=java.base/java.util=ALL-UNNAMED,--add-opens=java.base/java.lang=ALL-UNNAMED,--add-opens=java.base/java.lang.invoke=ALL-UNNAMED,--add-opens=java.prefs/java.util.prefs=ALL-UNNAMED,--add-exports=jdk.compiler/com.sun.tools.javac.api=ALL-UNNAMED,--add-exports=jdk.compiler/com.sun.tools.javac.util=ALL-UNNAMED,--add-opens=java.base/java.nio.charset=ALL-UNNAMED,--add-opens=java.base/java.net=ALL-UNNAMED,--add-opens=java.base/java.util.concurrent.atomic=ALL-UNNAMED,-Xmx1536m,-Dfile.encoding=UTF-8,-Duser.country=ID,-Duser.language=en,-Duser.variant]

Deprecated Gradle features were used in this build, making it incompatible with Gradle 9.0.

You can use '--warning-mode all' to show the individual deprecation warnings and determine if they come from your own scripts or plugins.

For more on this, please refer to https://docs.gradle.org/8.10.2/userguide/command_line_interface.html#sec:command_line_warnings in the Gradle documentation.

BUILD SUCCESSFUL in 15s
2025-12-03T23:07:28.484+0700 [DEBUG] [org.gradle.launcher.daemon.server.exec.ExecuteBuild] The daemon has finished executing the build.
2025-12-03T23:07:28.501+0700 [DEBUG] [org.gradle.launcher.daemon.server.DaemonStateCoordinator] daemon is running. Sleeping until state changes.
2025-12-03T23:07:28.502+0700 [DEBUG] [org.gradle.launcher.daemon.server.DaemonStateCoordinator] Command execution: finished waiting for DaemonCommandExecution[command = Build{id=d00f38ac-83d2-4765-9002-ecc51a950aec, currentDir=D:\RemoteLamp}, connection = DefaultDaemonConnection: socket connection from /127.0.0.1:54574 to /127.0.0.1:54575]. Result org.gradle.launcher.daemon.server.DaemonStateCoordinator@31b0e048 with state Busy
2025-12-03T23:07:28.502+0700 [DEBUG] [org.gradle.launcher.daemon.server.DaemonStateCoordinator] Command execution: completed DaemonCommandExecution[command = Build{id=d00f38ac-83d2-4765-9002-ecc51a950aec, currentDir=D:\RemoteLamp}, connection = DefaultDaemonConnection: socket connection from /127.0.0.1:54574 to /127.0.0.1:54575]
2025-12-03T23:07:28.502+0700 [DEBUG] [org.gradle.launcher.daemon.server.DaemonStateCoordinator] resetting idle timer
2025-12-03T23:07:28.503+0700 [INFO] [org.gradle.launcher.daemon.server.DaemonRegistryUpdater] Marking the daemon as idle, address: [7714e9e6-fef7-4d31-a1e2-ebb0d063ec69 port:54574, addresses:[localhost/127.0.0.1]]
2025-12-03T23:07:28.503+0700 [DEBUG] [org.gradle.launcher.daemon.registry.PersistentDaemonRegistry] Marking busy by address: [7714e9e6-fef7-4d31-a1e2-ebb0d063ec69 port:54574, addresses:[localhost/127.0.0.1]]
2025-12-03T23:07:28.504+0700 [DEBUG] [org.gradle.cache.internal.DefaultFileLockManager] Waiting to acquire exclusive lock on daemon addresses registry.
2025-12-03T23:07:28.505+0700 [DEBUG] [org.gradle.cache.internal.DefaultFileLockManager] Lock acquired on daemon addresses registry.
2025-12-03T23:07:28.506+0700 [DEBUG] [org.gradle.cache.internal.DefaultFileLockManager] Releasing lock on daemon addresses registry.
2025-12-03T23:07:28.506+0700 [DEBUG] [org.gradle.launcher.daemon.server.DaemonStateCoordinator] daemon is running. Sleeping until state changes.
2025-12-03T23:07:28.506+0700 [DEBUG] [org.gradle.launcher.daemon.server.exec.ReturnResult] Daemon is dispatching the build result: Success[value=org.gradle.launcher.exec.BuildActionResult@4aabce3e]
2025-12-03T23:07:28.507+0700 [DEBUG] [org.gradle.launcher.daemon.server.SynchronizedDispatchConnection] thread 34: dispatching Success[value=org.gradle.launcher.exec.BuildActionResult@4aabce3e]
2025-12-03T23:07:28.508+0700 [DEBUG] [org.gradle.launcher.daemon.server.SynchronizedDispatchConnection] thread 35: received class org.gradle.launcher.daemon.protocol.CloseInput
2025-12-03T23:07:28.508+0700 [DEBUG] [org.gradle.launcher.daemon.server.DefaultDaemonConnection] thread 35: Received IO message from client: org.gradle.launcher.daemon.protocol.CloseInput@1a18ddf9
2025-12-03T23:07:28.509+0700 [DEBUG] [org.gradle.launcher.daemon.server.SynchronizedDispatchConnection] thread 35: received class org.gradle.launcher.daemon.protocol.Finished
2025-12-03T23:07:28.509+0700 [DEBUG] [org.gradle.launcher.daemon.server.exec.CleanUpVirtualFileSystemAfterBuild] Cleaning virtual file system after build finished
2025-12-03T23:07:28.509+0700 [DEBUG] [org.gradle.launcher.daemon.server.DefaultIncomingConnectionHandler] Finishing executing command: Build{id=d00f38ac-83d2-4765-9002-ecc51a950aec, currentDir=D:\RemoteLamp}
2025-12-03T23:07:28.509+0700 [DEBUG] [org.gradle.launcher.daemon.server.DefaultDaemonConnection] thread 35: Received non-IO message from client: org.gradle.launcher.daemon.protocol.Finished@13c0e98c
2025-12-03T23:07:28.510+0700 [DEBUG] [org.gradle.launcher.daemon.server.DefaultIncomingConnectionHandler] Received finished message: org.gradle.launcher.daemon.protocol.Finished@13c0e98c
2025-12-03T23:07:28.510+0700 [DEBUG] [org.gradle.launcher.daemon.server.SynchronizedDispatchConnection] thread 34: stopping connection
2025-12-03T23:07:28.510+0700 [DEBUG] [org.gradle.internal.remote.internal.inet.SocketConnection] Discarding EOFException: java.io.EOFException
2025-12-03T23:07:28.510+0700 [DEBUG] [org.gradle.launcher.daemon.server.SynchronizedDispatchConnection] thread 35: received null
2025-12-03T23:07:28.510+0700 [DEBUG] [org.gradle.launcher.daemon.server.DefaultDaemonConnection] thread 35: Received end-of-input from client.
2025-12-03T23:07:28.512+0700 [DEBUG] [org.gradle.launcher.daemon.server.SynchronizedDispatchConnection] thread 34: stopping connection
2025-12-03T23:07:33.057+0700 [DEBUG] [org.gradle.process.internal.health.memory.DefaultMemoryManager] 794965606 physical memory requested, 553766912 free
2025-12-03T23:07:33.057+0700 [DEBUG] [org.gradle.workers.internal.WorkerDaemonExpiration] Will attempt to release 758 of memory
2025-12-03T23:07:33.058+0700 [DEBUG] [org.gradle.process.internal.health.memory.DefaultMemoryManager] 794965606 physical memory requested, 0 released, 553766912 free
2025-12-03T23:07:36.483+0700 [DEBUG] [org.gradle.cache.internal.DefaultFileLockManager] Waiting to acquire shared lock on daemon addresses registry.
2025-12-03T23:07:36.484+0700 [DEBUG] [org.gradle.cache.internal.DefaultFileLockManager] Lock acquired on daemon addresses registry.
2025-12-03T23:07:36.485+0700 [DEBUG] [org.gradle.cache.internal.DefaultFileLockManager] Releasing lock on daemon addresses registry.
2025-12-03T23:07:36.487+0700 [DEBUG] [org.gradle.cache.internal.DefaultFileLockManager] Waiting to acquire shared lock on daemon addresses registry.
2025-12-03T23:07:36.487+0700 [DEBUG] [org.gradle.cache.internal.DefaultFileLockManager] Lock acquired on daemon addresses registry.
2025-12-03T23:07:36.488+0700 [DEBUG] [org.gradle.cache.internal.DefaultFileLockManager] Releasing lock on daemon addresses registry.
2025-12-03T23:07:38.065+0700 [DEBUG] [org.gradle.process.internal.health.memory.DefaultMemoryManager] 794965606 physical memory requested, 589844480 free
2025-12-03T23:07:38.066+0700 [DEBUG] [org.gradle.workers.internal.WorkerDaemonExpiration] Will attempt to release 758 of memory
2025-12-03T23:07:38.067+0700 [DEBUG] [org.gradle.process.internal.health.memory.DefaultMemoryManager] 794965606 physical memory requested, 0 released, 589844480 free
2025-12-03T23:07:43.059+0700 [DEBUG] [org.gradle.process.internal.health.memory.DefaultMemoryManager] 794965606 physical memory requested, 520630272 free
2025-12-03T23:07:43.059+0700 [DEBUG] [org.gradle.workers.internal.WorkerDaemonExpiration] Will attempt to release 758 of memory
2025-12-03T23:07:43.059+0700 [DEBUG] [org.gradle.process.internal.health.memory.DefaultMemoryManager] 794965606 physical memory requested, 0 released, 520630272 free
2025-12-03T23:07:46.496+0700 [DEBUG] [org.gradle.cache.internal.DefaultFileLockManager] Waiting to acquire shared lock on daemon addresses registry.
2025-12-03T23:07:46.497+0700 [DEBUG] [org.gradle.cache.internal.DefaultFileLockManager] Lock acquired on daemon addresses registry.
2025-12-03T23:07:46.498+0700 [DEBUG] [org.gradle.cache.internal.DefaultFileLockManager] Releasing lock on daemon addresses registry.
2025-12-03T23:07:46.499+0700 [DEBUG] [org.gradle.cache.internal.DefaultFileLockManager] Waiting to acquire shared lock on daemon addresses registry.
2025-12-03T23:07:46.500+0700 [DEBUG] [org.gradle.cache.internal.DefaultFileLockManager] Lock acquired on daemon addresses registry.
2025-12-03T23:07:46.500+0700 [DEBUG] [org.gradle.cache.internal.DefaultFileLockManager] Releasing lock on daemon addresses registry.
2025-12-03T23:07:46.501+0700 [DEBUG] [org.gradle.cache.internal.DefaultFileLockManager] Waiting to acquire shared lock on daemon addresses registry.
2025-12-03T23:07:46.501+0700 [DEBUG] [org.gradle.cache.internal.DefaultFileLockManager] Lock acquired on daemon addresses registry.
2025-12-03T23:07:46.501+0700 [DEBUG] [org.gradle.cache.internal.DefaultFileLockManager] Releasing lock on daemon addresses registry.
2025-12-03T23:07:56.483+0700 [DEBUG] [org.gradle.cache.internal.DefaultFileLockManager] Waiting to acquire shared lock on daemon addresses registry.
2025-12-03T23:07:56.483+0700 [DEBUG] [org.gradle.cache.internal.DefaultFileLockManager] Lock acquired on daemon addresses registry.
2025-12-03T23:07:56.484+0700 [DEBUG] [org.gradle.cache.internal.DefaultFileLockManager] Releasing lock on daemon addresses registry.
2025-12-03T23:07:56.486+0700 [DEBUG] [org.gradle.cache.internal.DefaultFileLockManager] Waiting to acquire shared lock on daemon addresses registry.
2025-12-03T23:07:56.486+0700 [DEBUG] [org.gradle.cache.internal.DefaultFileLockManager] Lock acquired on daemon addresses registry.
2025-12-03T23:07:56.486+0700 [DEBUG] [org.gradle.cache.internal.DefaultFileLockManager] Releasing lock on daemon addresses registry.
2025-12-03T23:07:56.487+0700 [DEBUG] [org.gradle.cache.internal.DefaultFileLockManager] Waiting to acquire shared lock on daemon addresses registry.
2025-12-03T23:07:56.488+0700 [DEBUG] [org.gradle.cache.internal.DefaultFileLockManager] Lock acquired on daemon addresses registry.
2025-12-03T23:07:56.488+0700 [DEBUG] [org.gradle.cache.internal.DefaultFileLockManager] Releasing lock on daemon addresses registry.
2025-12-03T23:08:06.484+0700 [DEBUG] [org.gradle.cache.internal.DefaultFileLockManager] Waiting to acquire shared lock on daemon addresses registry.
2025-12-03T23:08:06.484+0700 [DEBUG] [org.gradle.cache.internal.DefaultFileLockManager] Lock acquired on daemon addresses registry.
2025-12-03T23:08:06.484+0700 [DEBUG] [org.gradle.cache.internal.DefaultFileLockManager] Releasing lock on daemon addresses registry.
2025-12-03T23:08:06.485+0700 [DEBUG] [org.gradle.cache.internal.DefaultFileLockManager] Waiting to acquire shared lock on daemon addresses registry.
2025-12-03T23:08:06.486+0700 [DEBUG] [org.gradle.cache.internal.DefaultFileLockManager] Lock acquired on daemon addresses registry.
2025-12-03T23:08:06.486+0700 [DEBUG] [org.gradle.cache.internal.DefaultFileLockManager] Releasing lock on daemon addresses registry.
2025-12-03T23:08:06.486+0700 [DEBUG] [org.gradle.cache.internal.DefaultFileLockManager] Waiting to acquire shared lock on daemon addresses registry.
2025-12-03T23:08:06.487+0700 [DEBUG] [org.gradle.cache.internal.DefaultFileLockManager] Lock acquired on daemon addresses registry.
2025-12-03T23:08:06.487+0700 [DEBUG] [org.gradle.cache.internal.DefaultFileLockManager] Releasing lock on daemon addresses registry.
2025-12-03T23:08:16.482+0700 [DEBUG] [org.gradle.cache.internal.DefaultFileLockManager] Waiting to acquire shared lock on daemon addresses registry.
2025-12-03T23:08:16.482+0700 [DEBUG] [org.gradle.cache.internal.DefaultFileLockManager] Lock acquired on daemon addresses registry.
2025-12-03T23:08:16.483+0700 [DEBUG] [org.gradle.cache.internal.DefaultFileLockManager] Releasing lock on daemon addresses registry.
2025-12-03T23:08:16.483+0700 [DEBUG] [org.gradle.cache.internal.DefaultFileLockManager] Waiting to acquire shared lock on daemon addresses registry.
2025-12-03T23:08:16.484+0700 [DEBUG] [org.gradle.cache.internal.DefaultFileLockManager] Lock acquired on daemon addresses registry.
2025-12-03T23:08:16.484+0700 [DEBUG] [org.gradle.cache.internal.DefaultFileLockManager] Releasing lock on daemon addresses registry.
2025-12-03T23:08:16.484+0700 [DEBUG] [org.gradle.cache.internal.DefaultFileLockManager] Waiting to acquire shared lock on daemon addresses registry.
2025-12-03T23:08:16.484+0700 [DEBUG] [org.gradle.cache.internal.DefaultFileLockManager] Lock acquired on daemon addresses registry.
2025-12-03T23:08:16.484+0700 [DEBUG] [org.gradle.cache.internal.DefaultFileLockManager] Releasing lock on daemon addresses registry.
2025-12-03T23:08:26.483+0700 [DEBUG] [org.gradle.cache.internal.DefaultFileLockManager] Waiting to acquire shared lock on daemon addresses registry.
2025-12-03T23:08:26.483+0700 [DEBUG] [org.gradle.cache.internal.DefaultFileLockManager] Lock acquired on daemon addresses registry.
2025-12-03T23:08:26.484+0700 [DEBUG] [org.gradle.cache.internal.DefaultFileLockManager] Releasing lock on daemon addresses registry.
2025-12-03T23:08:26.485+0700 [DEBUG] [org.gradle.cache.internal.DefaultFileLockManager] Waiting to acquire shared lock on daemon addresses registry.
2025-12-03T23:08:26.485+0700 [DEBUG] [org.gradle.cache.internal.DefaultFileLockManager] Lock acquired on daemon addresses registry.
2025-12-03T23:08:26.485+0700 [DEBUG] [org.gradle.cache.internal.DefaultFileLockManager] Releasing lock on daemon addresses registry.
2025-12-03T23:08:26.486+0700 [DEBUG] [org.gradle.cache.internal.DefaultFileLockManager] Waiting to acquire shared lock on daemon addresses registry.
2025-12-03T23:08:26.486+0700 [DEBUG] [org.gradle.cache.internal.DefaultFileLockManager] Lock acquired on daemon addresses registry.
2025-12-03T23:08:26.486+0700 [DEBUG] [org.gradle.cache.internal.DefaultFileLockManager] Releasing lock on daemon addresses registry.
2025-12-03T23:08:36.485+0700 [DEBUG] [org.gradle.cache.internal.DefaultFileLockManager] Waiting to acquire shared lock on daemon addresses registry.
2025-12-03T23:08:36.485+0700 [DEBUG] [org.gradle.cache.internal.DefaultFileLockManager] Lock acquired on daemon addresses registry.
2025-12-03T23:08:36.486+0700 [DEBUG] [org.gradle.cache.internal.DefaultFileLockManager] Releasing lock on daemon addresses registry.
2025-12-03T23:08:36.486+0700 [DEBUG] [org.gradle.cache.internal.DefaultFileLockManager] Waiting to acquire shared lock on daemon addresses registry.
2025-12-03T23:08:36.487+0700 [DEBUG] [org.gradle.cache.internal.DefaultFileLockManager] Lock acquired on daemon addresses registry.
2025-12-03T23:08:36.487+0700 [DEBUG] [org.gradle.cache.internal.DefaultFileLockManager] Releasing lock on daemon addresses registry.
2025-12-03T23:08:36.487+0700 [DEBUG] [org.gradle.cache.internal.DefaultFileLockManager] Waiting to acquire shared lock on daemon addresses registry.
2025-12-03T23:08:36.488+0700 [DEBUG] [org.gradle.cache.internal.DefaultFileLockManager] Lock acquired on daemon addresses registry.
2025-12-03T23:08:36.488+0700 [DEBUG] [org.gradle.cache.internal.DefaultFileLockManager] Releasing lock on daemon addresses registry.
2025-12-03T23:08:46.493+0700 [DEBUG] [org.gradle.cache.internal.DefaultFileLockManager] Waiting to acquire shared lock on daemon addresses registry.
2025-12-03T23:08:46.494+0700 [DEBUG] [org.gradle.cache.internal.DefaultFileLockManager] Lock acquired on daemon addresses registry.
2025-12-03T23:08:46.494+0700 [DEBUG] [org.gradle.cache.internal.DefaultFileLockManager] Releasing lock on daemon addresses registry.
2025-12-03T23:08:46.495+0700 [DEBUG] [org.gradle.cache.internal.DefaultFileLockManager] Waiting to acquire shared lock on daemon addresses registry.
2025-12-03T23:08:46.495+0700 [DEBUG] [org.gradle.cache.internal.DefaultFileLockManager] Lock acquired on daemon addresses registry.
2025-12-03T23:08:46.495+0700 [DEBUG] [org.gradle.cache.internal.DefaultFileLockManager] Releasing lock on daemon addresses registry.
2025-12-03T23:08:46.496+0700 [DEBUG] [org.gradle.cache.internal.DefaultFileLockManager] Waiting to acquire shared lock on daemon addresses registry.
2025-12-03T23:08:46.496+0700 [DEBUG] [org.gradle.cache.internal.DefaultFileLockManager] Lock acquired on daemon addresses registry.
2025-12-03T23:08:46.496+0700 [DEBUG] [org.gradle.cache.internal.DefaultFileLockManager] Releasing lock on daemon addresses registry.
2025-12-03T23:08:56.484+0700 [DEBUG] [org.gradle.cache.internal.DefaultFileLockManager] Waiting to acquire shared lock on daemon addresses registry.
2025-12-03T23:08:56.485+0700 [DEBUG] [org.gradle.cache.internal.DefaultFileLockManager] Lock acquired on daemon addresses registry.
2025-12-03T23:08:56.485+0700 [DEBUG] [org.gradle.cache.internal.DefaultFileLockManager] Releasing lock on daemon addresses registry.
2025-12-03T23:08:56.486+0700 [DEBUG] [org.gradle.cache.internal.DefaultFileLockManager] Waiting to acquire shared lock on daemon addresses registry.
2025-12-03T23:08:56.486+0700 [DEBUG] [org.gradle.cache.internal.DefaultFileLockManager] Lock acquired on daemon addresses registry.
2025-12-03T23:08:56.486+0700 [DEBUG] [org.gradle.cache.internal.DefaultFileLockManager] Releasing lock on daemon addresses registry.
2025-12-03T23:08:56.486+0700 [DEBUG] [org.gradle.cache.internal.DefaultFileLockManager] Waiting to acquire shared lock on daemon addresses registry.
2025-12-03T23:08:56.486+0700 [DEBUG] [org.gradle.cache.internal.DefaultFileLockManager] Lock acquired on daemon addresses registry.
2025-12-03T23:08:56.487+0700 [DEBUG] [org.gradle.cache.internal.DefaultFileLockManager] Releasing lock on daemon addresses registry.
2025-12-03T23:09:06.489+0700 [DEBUG] [org.gradle.cache.internal.DefaultFileLockManager] Waiting to acquire shared lock on daemon addresses registry.
2025-12-03T23:09:06.491+0700 [DEBUG] [org.gradle.cache.internal.DefaultFileLockManager] Lock acquired on daemon addresses registry.
2025-12-03T23:09:06.491+0700 [DEBUG] [org.gradle.cache.internal.DefaultFileLockManager] Releasing lock on daemon addresses registry.
2025-12-03T23:09:06.492+0700 [DEBUG] [org.gradle.cache.internal.DefaultFileLockManager] Waiting to acquire shared lock on daemon addresses registry.
2025-12-03T23:09:06.492+0700 [DEBUG] [org.gradle.cache.internal.DefaultFileLockManager] Lock acquired on daemon addresses registry.
2025-12-03T23:09:06.493+0700 [DEBUG] [org.gradle.cache.internal.DefaultFileLockManager] Releasing lock on daemon addresses registry.
2025-12-03T23:09:06.493+0700 [DEBUG] [org.gradle.cache.internal.DefaultFileLockManager] Waiting to acquire shared lock on daemon addresses registry.
2025-12-03T23:09:06.494+0700 [DEBUG] [org.gradle.cache.internal.DefaultFileLockManager] Lock acquired on daemon addresses registry.
2025-12-03T23:09:06.494+0700 [DEBUG] [org.gradle.cache.internal.DefaultFileLockManager] Releasing lock on daemon addresses registry.
2025-12-03T23:09:16.489+0700 [DEBUG] [org.gradle.cache.internal.DefaultFileLockManager] Waiting to acquire shared lock on daemon addresses registry.
2025-12-03T23:09:16.490+0700 [DEBUG] [org.gradle.cache.internal.DefaultFileLockManager] Lock acquired on daemon addresses registry.
2025-12-03T23:09:16.490+0700 [DEBUG] [org.gradle.cache.internal.DefaultFileLockManager] Releasing lock on daemon addresses registry.
2025-12-03T23:09:16.491+0700 [DEBUG] [org.gradle.cache.internal.DefaultFileLockManager] Waiting to acquire shared lock on daemon addresses registry.
2025-12-03T23:09:16.491+0700 [DEBUG] [org.gradle.cache.internal.DefaultFileLockManager] Lock acquired on daemon addresses registry.
2025-12-03T23:09:16.491+0700 [DEBUG] [org.gradle.cache.internal.DefaultFileLockManager] Releasing lock on daemon addresses registry.
2025-12-03T23:09:16.492+0700 [DEBUG] [org.gradle.cache.internal.DefaultFileLockManager] Waiting to acquire shared lock on daemon addresses registry.
2025-12-03T23:09:16.492+0700 [DEBUG] [org.gradle.cache.internal.DefaultFileLockManager] Lock acquired on daemon addresses registry.
2025-12-03T23:09:16.492+0700 [DEBUG] [org.gradle.cache.internal.DefaultFileLockManager] Releasing lock on daemon addresses registry.
2025-12-03T23:09:26.488+0700 [DEBUG] [org.gradle.cache.internal.DefaultFileLockManager] Waiting to acquire shared lock on daemon addresses registry.
2025-12-03T23:09:26.489+0700 [DEBUG] [org.gradle.cache.internal.DefaultFileLockManager] Lock acquired on daemon addresses registry.
2025-12-03T23:09:26.489+0700 [DEBUG] [org.gradle.cache.internal.DefaultFileLockManager] Releasing lock on daemon addresses registry.
2025-12-03T23:09:26.490+0700 [DEBUG] [org.gradle.cache.internal.DefaultFileLockManager] Waiting to acquire shared lock on daemon addresses registry.
2025-12-03T23:09:26.490+0700 [DEBUG] [org.gradle.cache.internal.DefaultFileLockManager] Lock acquired on daemon addresses registry.
2025-12-03T23:09:26.490+0700 [DEBUG] [org.gradle.cache.internal.DefaultFileLockManager] Releasing lock on daemon addresses registry.
2025-12-03T23:09:26.490+0700 [DEBUG] [org.gradle.cache.internal.DefaultFileLockManager] Waiting to acquire shared lock on daemon addresses registry.
2025-12-03T23:09:26.491+0700 [DEBUG] [org.gradle.cache.internal.DefaultFileLockManager] Lock acquired on daemon addresses registry.
2025-12-03T23:09:26.491+0700 [DEBUG] [org.gradle.cache.internal.DefaultFileLockManager] Releasing lock on daemon addresses registry.
2025-12-03T23:09:27.466+0700 [DEBUG] [org.gradle.internal.remote.internal.inet.TcpIncomingConnector] Accepted connection from /127.0.0.1:56738 to /127.0.0.1:54574.
2025-12-03T23:09:27.483+0700 [DEBUG] [org.gradle.launcher.daemon.server.SynchronizedDispatchConnection] thread 209: received class org.gradle.launcher.daemon.protocol.Build
2025-12-03T23:09:27.483+0700 [DEBUG] [org.gradle.launcher.daemon.server.DefaultDaemonConnection] thread 209: Received non-IO message from client: Build{id=810cb381-0131-45db-9044-980161ffadab, currentDir=D:\RemoteLamp}
2025-12-03T23:09:27.483+0700 [INFO] [org.gradle.launcher.daemon.server.DefaultIncomingConnectionHandler] Received command: Build{id=810cb381-0131-45db-9044-980161ffadab, currentDir=D:\RemoteLamp}.
2025-12-03T23:09:27.484+0700 [DEBUG] [org.gradle.launcher.daemon.server.DefaultIncomingConnectionHandler] Starting executing command: Build{id=810cb381-0131-45db-9044-980161ffadab, currentDir=D:\RemoteLamp} with connection: socket connection from /127.0.0.1:54574 to /127.0.0.1:56738.
2025-12-03T23:09:27.485+0700 [DEBUG] [org.gradle.launcher.daemon.server.DaemonStateCoordinator] Command execution: started DaemonCommandExecution[command = Build{id=810cb381-0131-45db-9044-980161ffadab, currentDir=D:\RemoteLamp}, connection = DefaultDaemonConnection: socket connection from /127.0.0.1:54574 to /127.0.0.1:56738] after 1.98295 minutes of idle
2025-12-03T23:09:27.485+0700 [INFO] [org.gradle.launcher.daemon.server.DaemonRegistryUpdater] Marking the daemon as busy, address: [7714e9e6-fef7-4d31-a1e2-ebb0d063ec69 port:54574, addresses:[localhost/127.0.0.1]]
2025-12-03T23:09:27.485+0700 [DEBUG] [org.gradle.launcher.daemon.registry.PersistentDaemonRegistry] Marking busy by address: [7714e9e6-fef7-4d31-a1e2-ebb0d063ec69 port:54574, addresses:[localhost/127.0.0.1]]
2025-12-03T23:09:27.486+0700 [DEBUG] [org.gradle.cache.internal.DefaultFileLockManager] Waiting to acquire exclusive lock on daemon addresses registry.
2025-12-03T23:09:27.487+0700 [DEBUG] [org.gradle.cache.internal.DefaultFileLockManager] Lock acquired on daemon addresses registry.
2025-12-03T23:09:27.488+0700 [DEBUG] [org.gradle.cache.internal.DefaultFileLockManager] Releasing lock on daemon addresses registry.
2025-12-03T23:09:27.488+0700 [DEBUG] [org.gradle.launcher.daemon.server.DaemonStateCoordinator] resetting idle timer
2025-12-03T23:09:27.488+0700 [DEBUG] [org.gradle.launcher.daemon.server.DaemonStateCoordinator] daemon is running. Sleeping until state changes.
2025-12-03T23:09:27.489+0700 [INFO] [org.gradle.launcher.daemon.server.exec.StartBuildOrRespondWithBusy] Daemon is about to start building Build{id=810cb381-0131-45db-9044-980161ffadab, currentDir=D:\RemoteLamp}. Dispatching build started information...
2025-12-03T23:09:27.489+0700 [DEBUG] [org.gradle.launcher.daemon.server.SynchronizedDispatchConnection] thread 211: dispatching org.gradle.launcher.daemon.protocol.BuildStarted@3b8a5f2f
2025-12-03T23:09:27.490+0700 [DEBUG] [org.gradle.launcher.daemon.server.exec.EstablishBuildEnvironment] Configuring env variables: [USERDOMAIN_ROAMINGPROFILE, LOCALAPPDATA, NVM_SYMLINK, PROCESSOR_LEVEL, USERDOMAIN, LOGONSERVER, JAVA_HOME, SESSIONNAME, ALLUSERSPROFILE, PROCESSOR_ARCHITECTURE, EFC_14128_1592913036, PSModulePath, SystemDrive, OneDrive, PT8HOME, APPDATA, USERNAME, ProgramFiles(x86), VBOX_MSI_INSTALL_PATH, CommonProgramFiles, Path, PATHEXT, DriverData, OS, COMPUTERNAME, IntelliJ IDEA Community Edition, NVM_HOME, PROCESSOR_REVISION, CommonProgramW6432, ComSpec, ProgramData, ProgramW6432, TEMP, HOMEPATH, SystemRoot, PROCESSOR_IDENTIFIER, HOMEDRIVE, USERPROFILE, TMP, POWERSHELL_DISTRIBUTION_CHANNEL, CommonProgramFiles(x86), ProgramFiles, PUBLIC, windir, NUMBER_OF_PROCESSORS, =::]
2025-12-03T23:09:27.503+0700 [DEBUG] [org.gradle.launcher.daemon.server.exec.LogToClient] About to start relaying all logs to the client via the connection.
2025-12-03T23:09:27.504+0700 [INFO] [org.gradle.launcher.daemon.server.exec.LogToClient] The client will now receive all logging from the daemon (pid: 18756). The daemon log file: D:\RemoteLamp\daemon\8.10.2\daemon-18756.out.log
2025-12-03T23:09:27.517+0700 [INFO] [org.gradle.launcher.daemon.server.exec.LogAndCheckHealth] Starting 2nd build in daemon [uptime: 2 mins 11.22 secs, performance: 98%, GC rate: 0.00/s, heap usage: 1% of 1.5 GiB]
2025-12-03T23:09:27.518+0700 [DEBUG] [org.gradle.launcher.daemon.server.exec.ExecuteBuild] The daemon has started executing the build.
2025-12-03T23:09:27.518+0700 [DEBUG] [org.gradle.launcher.daemon.server.exec.ExecuteBuild] Executing build with daemon context: DefaultDaemonContext[uid=66c12390-f998-4156-9118-506455305028,javaHome=D:\DARI C\Documents\Android Studio\jbr,javaVersion=21,javaVendor=JetBrains s.r.o.,daemonRegistryDir=D:\RemoteLamp\daemon,pid=18756,idleTimeout=10800000,priority=NORMAL,applyInstrumentationAgent=true,nativeServicesMode=ENABLED,daemonOpts=--add-opens=java.base/java.util=ALL-UNNAMED,--add-opens=java.base/java.lang=ALL-UNNAMED,--add-opens=java.base/java.lang.invoke=ALL-UNNAMED,--add-opens=java.prefs/java.util.prefs=ALL-UNNAMED,--add-exports=jdk.compiler/com.sun.tools.javac.api=ALL-UNNAMED,--add-exports=jdk.compiler/com.sun.tools.javac.util=ALL-UNNAMED,--add-opens=java.base/java.nio.charset=ALL-UNNAMED,--add-opens=java.base/java.net=ALL-UNNAMED,--add-opens=java.base/java.util.concurrent.atomic=ALL-UNNAMED,-Xmx1536m,-Dfile.encoding=UTF-8,-Duser.country=ID,-Duser.language=en,-Duser.variant]
package="com.remotelamp.app" found in source AndroidManifest.xml: D:\RemoteLamp\app\src\main\AndroidManifest.xml.
Setting the namespace via the package attribute in the source AndroidManifest.xml is no longer supported, and the value is ignored.
Recommendation: remove package="com.remotelamp.app" from the source AndroidManifest.xml: D:\RemoteLamp\app\src\main\AndroidManifest.xml.
Unable to strip the following libraries, packaging them as they are: libandroidx.graphics.path.so.
e: file:///D:/RemoteLamp/app/src/main/java/com/remotelamp/app/MainActivity.kt:36:7 Redeclaration: MainActivity
e: file:///D:/RemoteLamp/app/src/main/java/com/remotelamp/app/MainActivity.kt:77:17 Overload resolution ambiguity: 
public fun EnhancedRemoteLampApp(activity: MainActivity, viewModel: LampControlViewModel): Unit defined in com.remotelamp.app in file MainActivity.kt
public fun EnhancedRemoteLampApp(activity: MainActivity, viewModel: LampControlViewModel): Unit defined in com.remotelamp.app in file MainActivityEnhanced.kt
e: file:///D:/RemoteLamp/app/src/main/java/com/remotelamp/app/MainActivity.kt:162:1 Conflicting overloads: public fun EnhancedRemoteLampApp(activity: MainActivity, viewModel: LampControlViewModel): Unit defined in com.remotelamp.app in file MainActivity.kt, public fun EnhancedRemoteLampApp(activity: MainActivity, viewModel: LampControlViewModel): Unit defined in com.remotelamp.app in file MainActivityEnhanced.kt
e: file:///D:/RemoteLamp/app/src/main/java/com/remotelamp/app/MainActivity.kt:207:7 Redeclaration: LampControlViewModelFactory
e: file:///D:/RemoteLamp/app/src/main/java/com/remotelamp/app/MainActivityEnhanced.kt:34:7 Redeclaration: MainActivity
e: file:///D:/RemoteLamp/app/src/main/java/com/remotelamp/app/MainActivityEnhanced.kt:75:17 Overload resolution ambiguity: 
public fun EnhancedRemoteLampApp(activity: MainActivity, viewModel: LampControlViewModel): Unit defined in com.remotelamp.app in file MainActivity.kt
public fun EnhancedRemoteLampApp(activity: MainActivity, viewModel: LampControlViewModel): Unit defined in com.remotelamp.app in file MainActivityEnhanced.kt
e: file:///D:/RemoteLamp/app/src/main/java/com/remotelamp/app/MainActivityEnhanced.kt:153:1 Conflicting overloads: public fun EnhancedRemoteLampApp(activity: MainActivity, viewModel: LampControlViewModel): Unit defined in com.remotelamp.app in file MainActivity.kt, public fun EnhancedRemoteLampApp(activity: MainActivity, viewModel: LampControlViewModel): Unit defined in com.remotelamp.app in file MainActivityEnhanced.kt
e: file:///D:/RemoteLamp/app/src/main/java/com/remotelamp/app/MainActivityEnhanced.kt:180:7 Redeclaration: LampControlViewModelFactory

FAILURE: Build failed with an exception.

* What went wrong:
Execution failed for task ':app:compileDebugKotlin'.
> A failure occurred while executing org.jetbrains.kotlin.compilerRunner.GradleCompilerRunnerWithWorkers$GradleKotlinCompilerWorkAction
   > Compilation error. See log for more details

* Try:
> Run with --info or --debug option to get more log output.
> Run with --scan to get full insights.
> Get more help at https://help.gradle.org.

* Exception is:
org.gradle.api.tasks.TaskExecutionException: Execution failed for task ':app:compileDebugKotlin'.
	at org.gradle.api.internal.tasks.execution.ExecuteActionsTaskExecuter.lambda$executeIfValid$1(ExecuteActionsTaskExecuter.java:130)
	at org.gradle.internal.Try$Failure.ifSuccessfulOrElse(Try.java:293)
	at org.gradle.api.internal.tasks.execution.ExecuteActionsTaskExecuter.executeIfValid(ExecuteActionsTaskExecuter.java:128)
	at org.gradle.api.internal.tasks.execution.ExecuteActionsTaskExecuter.execute(ExecuteActionsTaskExecuter.java:116)
	at org.gradle.api.internal.tasks.execution.FinalizePropertiesTaskExecuter.execute(FinalizePropertiesTaskExecuter.java:46)
	at org.gradle.api.internal.tasks.execution.ResolveTaskExecutionModeExecuter.execute(ResolveTaskExecutionModeExecuter.java:51)
	at org.gradle.api.internal.tasks.execution.SkipTaskWithNoActionsExecuter.execute(SkipTaskWithNoActionsExecuter.java:57)
	at org.gradle.api.internal.tasks.execution.SkipOnlyIfTaskExecuter.execute(SkipOnlyIfTaskExecuter.java:74)
	at org.gradle.api.internal.tasks.execution.CatchExceptionTaskExecuter.execute(CatchExceptionTaskExecuter.java:36)
	at org.gradle.api.internal.tasks.execution.EventFiringTaskExecuter$1.executeTask(EventFiringTaskExecuter.java:77)
	at org.gradle.api.internal.tasks.execution.EventFiringTaskExecuter$1.call(EventFiringTaskExecuter.java:55)
	at org.gradle.api.internal.tasks.execution.EventFiringTaskExecuter$1.call(EventFiringTaskExecuter.java:52)
	at org.gradle.internal.operations.DefaultBuildOperationRunner$CallableBuildOperationWorker.execute(DefaultBuildOperationRunner.java:209)
	at org.gradle.internal.operations.DefaultBuildOperationRunner$CallableBuildOperationWorker.execute(DefaultBuildOperationRunner.java:204)
	at org.gradle.internal.operations.DefaultBuildOperationRunner$2.execute(DefaultBuildOperationRunner.java:66)
	at org.gradle.internal.operations.DefaultBuildOperationRunner$2.execute(DefaultBuildOperationRunner.java:59)
	at org.gradle.internal.operations.DefaultBuildOperationRunner.execute(DefaultBuildOperationRunner.java:166)
	at org.gradle.internal.operations.DefaultBuildOperationRunner.execute(DefaultBuildOperationRunner.java:59)
	at org.gradle.internal.operations.DefaultBuildOperationRunner.call(DefaultBuildOperationRunner.java:53)
	at org.gradle.api.internal.tasks.execution.EventFiringTaskExecuter.execute(EventFiringTaskExecuter.java:52)
	at org.gradle.execution.plan.LocalTaskNodeExecutor.execute(LocalTaskNodeExecutor.java:42)
	at org.gradle.execution.taskgraph.DefaultTaskExecutionGraph$InvokeNodeExecutorsAction.execute(DefaultTaskExecutionGraph.java:331)
	at org.gradle.execution.taskgraph.DefaultTaskExecutionGraph$InvokeNodeExecutorsAction.execute(DefaultTaskExecutionGraph.java:318)
	at org.gradle.execution.taskgraph.DefaultTaskExecutionGraph$BuildOperationAwareExecutionAction.lambda$execute$0(DefaultTaskExecutionGraph.java:314)
	at org.gradle.internal.operations.CurrentBuildOperationRef.with(CurrentBuildOperationRef.java:85)
	at org.gradle.execution.taskgraph.DefaultTaskExecutionGraph$BuildOperationAwareExecutionAction.execute(DefaultTaskExecutionGraph.java:314)
	at org.gradle.execution.taskgraph.DefaultTaskExecutionGraph$BuildOperationAwareExecutionAction.execute(DefaultTaskExecutionGraph.java:303)
	at org.gradle.execution.plan.DefaultPlanExecutor$ExecutorWorker.execute(DefaultPlanExecutor.java:459)
	at org.gradle.execution.plan.DefaultPlanExecutor$ExecutorWorker.run(DefaultPlanExecutor.java:376)
	at org.gradle.internal.concurrent.ExecutorPolicy$CatchAndRecordFailures.onExecute(ExecutorPolicy.java:64)
	at org.gradle.internal.concurrent.AbstractManagedExecutor$1.run(AbstractManagedExecutor.java:48)
Caused by: org.gradle.workers.internal.DefaultWorkerExecutor$WorkExecutionException: A failure occurred while executing org.jetbrains.kotlin.compilerRunner.GradleCompilerRunnerWithWorkers$GradleKotlinCompilerWorkAction
	at org.gradle.workers.internal.DefaultWorkerExecutor$WorkItemExecution.waitForCompletion(DefaultWorkerExecutor.java:287)
	at org.gradle.internal.work.DefaultAsyncWorkTracker.lambda$waitForItemsAndGatherFailures$2(DefaultAsyncWorkTracker.java:130)
	at org.gradle.internal.Factories$1.create(Factories.java:31)
	at org.gradle.internal.work.DefaultWorkerLeaseService.withoutLocks(DefaultWorkerLeaseService.java:335)
	at org.gradle.internal.work.DefaultWorkerLeaseService.withoutLocks(DefaultWorkerLeaseService.java:318)
	at org.gradle.internal.work.DefaultWorkerLeaseService.withoutLock(DefaultWorkerLeaseService.java:323)
	at org.gradle.internal.work.DefaultAsyncWorkTracker.waitForItemsAndGatherFailures(DefaultAsyncWorkTracker.java:126)
	at org.gradle.internal.work.DefaultAsyncWorkTracker.waitForItemsAndGatherFailures(DefaultAsyncWorkTracker.java:92)
	at org.gradle.internal.work.DefaultAsyncWorkTracker.waitForAll(DefaultAsyncWorkTracker.java:78)
	at org.gradle.internal.work.DefaultAsyncWorkTracker.waitForCompletion(DefaultAsyncWorkTracker.java:66)
	at org.gradle.api.internal.tasks.execution.TaskExecution$3.run(TaskExecution.java:252)
	at org.gradle.internal.operations.DefaultBuildOperationRunner$1.execute(DefaultBuildOperationRunner.java:29)
	at org.gradle.internal.operations.DefaultBuildOperationRunner$1.execute(DefaultBuildOperationRunner.java:26)
	at org.gradle.internal.operations.DefaultBuildOperationRunner$2.execute(DefaultBuildOperationRunner.java:66)
	at org.gradle.internal.operations.DefaultBuildOperationRunner$2.execute(DefaultBuildOperationRunner.java:59)
	at org.gradle.internal.operations.DefaultBuildOperationRunner.execute(DefaultBuildOperationRunner.java:166)
	at org.gradle.internal.operations.DefaultBuildOperationRunner.execute(DefaultBuildOperationRunner.java:59)
	at org.gradle.internal.operations.DefaultBuildOperationRunner.run(DefaultBuildOperationRunner.java:47)
	at org.gradle.api.internal.tasks.execution.TaskExecution.executeAction(TaskExecution.java:229)
	at org.gradle.api.internal.tasks.execution.TaskExecution.executeActions(TaskExecution.java:212)
	at org.gradle.api.internal.tasks.execution.TaskExecution.executeWithPreviousOutputFiles(TaskExecution.java:195)
	at org.gradle.api.internal.tasks.execution.TaskExecution.execute(TaskExecution.java:162)
	at org.gradle.internal.execution.steps.ExecuteStep.executeInternal(ExecuteStep.java:105)
	at org.gradle.internal.execution.steps.ExecuteStep.access$000(ExecuteStep.java:44)
	at org.gradle.internal.execution.steps.ExecuteStep$1.call(ExecuteStep.java:59)
	at org.gradle.internal.execution.steps.ExecuteStep$1.call(ExecuteStep.java:56)
	at org.gradle.internal.operations.DefaultBuildOperationRunner$CallableBuildOperationWorker.execute(DefaultBuildOperationRunner.java:209)
	at org.gradle.internal.operations.DefaultBuildOperationRunner$CallableBuildOperationWorker.execute(DefaultBuildOperationRunner.java:204)
	at org.gradle.internal.operations.DefaultBuildOperationRunner$2.execute(DefaultBuildOperationRunner.java:66)
	at org.gradle.internal.operations.DefaultBuildOperationRunner$2.execute(DefaultBuildOperationRunner.java:59)
	at org.gradle.internal.operations.DefaultBuildOperationRunner.execute(DefaultBuildOperationRunner.java:166)
	at org.gradle.internal.operations.DefaultBuildOperationRunner.execute(DefaultBuildOperationRunner.java:59)
	at org.gradle.internal.operations.DefaultBuildOperationRunner.call(DefaultBuildOperationRunner.java:53)
	at org.gradle.internal.execution.steps.ExecuteStep.execute(ExecuteStep.java:56)
	at org.gradle.internal.execution.steps.ExecuteStep.execute(ExecuteStep.java:44)
	at org.gradle.internal.execution.steps.CancelExecutionStep.execute(CancelExecutionStep.java:42)
	at org.gradle.internal.execution.steps.TimeoutStep.executeWithoutTimeout(TimeoutStep.java:75)
	at org.gradle.internal.execution.steps.TimeoutStep.execute(TimeoutStep.java:55)
	at org.gradle.internal.execution.steps.PreCreateOutputParentsStep.execute(PreCreateOutputParentsStep.java:50)
	at org.gradle.internal.execution.steps.PreCreateOutputParentsStep.execute(PreCreateOutputParentsStep.java:28)
	at org.gradle.internal.execution.steps.RemovePreviousOutputsStep.execute(RemovePreviousOutputsStep.java:67)
	at org.gradle.internal.execution.steps.RemovePreviousOutputsStep.execute(RemovePreviousOutputsStep.java:37)
	at org.gradle.internal.execution.steps.BroadcastChangingOutputsStep.execute(BroadcastChangingOutputsStep.java:61)
	at org.gradle.internal.execution.steps.BroadcastChangingOutputsStep.execute(BroadcastChangingOutputsStep.java:26)
	at org.gradle.internal.execution.steps.CaptureOutputsAfterExecutionStep.execute(CaptureOutputsAfterExecutionStep.java:69)
	at org.gradle.internal.execution.steps.CaptureOutputsAfterExecutionStep.execute(CaptureOutputsAfterExecutionStep.java:46)
	at org.gradle.internal.execution.steps.ResolveInputChangesStep.execute(ResolveInputChangesStep.java:40)
	at org.gradle.internal.execution.steps.ResolveInputChangesStep.execute(ResolveInputChangesStep.java:29)
	at org.gradle.internal.execution.steps.BuildCacheStep.executeWithoutCache(BuildCacheStep.java:189)
	at org.gradle.internal.execution.steps.BuildCacheStep.lambda$execute$1(BuildCacheStep.java:75)
	at org.gradle.internal.Either$Right.fold(Either.java:175)
	at org.gradle.internal.execution.caching.CachingState.fold(CachingState.java:62)
	at org.gradle.internal.execution.steps.BuildCacheStep.execute(BuildCacheStep.java:73)
	at org.gradle.internal.execution.steps.BuildCacheStep.execute(BuildCacheStep.java:48)
	at org.gradle.internal.execution.steps.StoreExecutionStateStep.execute(StoreExecutionStateStep.java:46)
	at org.gradle.internal.execution.steps.StoreExecutionStateStep.execute(StoreExecutionStateStep.java:35)
	at org.gradle.internal.execution.steps.SkipUpToDateStep.executeBecause(SkipUpToDateStep.java:75)
	at org.gradle.internal.execution.steps.SkipUpToDateStep.lambda$execute$2(SkipUpToDateStep.java:53)
	at org.gradle.internal.execution.steps.SkipUpToDateStep.execute(SkipUpToDateStep.java:53)
	at org.gradle.internal.execution.steps.SkipUpToDateStep.execute(SkipUpToDateStep.java:35)
	at org.gradle.internal.execution.steps.legacy.MarkSnapshottingInputsFinishedStep.execute(MarkSnapshottingInputsFinishedStep.java:37)
	at org.gradle.internal.execution.steps.legacy.MarkSnapshottingInputsFinishedStep.execute(MarkSnapshottingInputsFinishedStep.java:27)
	at org.gradle.internal.execution.steps.ResolveIncrementalCachingStateStep.executeDelegate(ResolveIncrementalCachingStateStep.java:49)
	at org.gradle.internal.execution.steps.ResolveIncrementalCachingStateStep.executeDelegate(ResolveIncrementalCachingStateStep.java:27)
	at org.gradle.internal.execution.steps.AbstractResolveCachingStateStep.execute(AbstractResolveCachingStateStep.java:71)
	at org.gradle.internal.execution.steps.AbstractResolveCachingStateStep.execute(AbstractResolveCachingStateStep.java:39)
	at org.gradle.internal.execution.steps.ResolveChangesStep.execute(ResolveChangesStep.java:65)
	at org.gradle.internal.execution.steps.ResolveChangesStep.execute(ResolveChangesStep.java:36)
	at org.gradle.internal.execution.steps.ValidateStep.execute(ValidateStep.java:107)
	at org.gradle.internal.execution.steps.ValidateStep.execute(ValidateStep.java:56)
	at org.gradle.internal.execution.steps.AbstractCaptureStateBeforeExecutionStep.execute(AbstractCaptureStateBeforeExecutionStep.java:64)
	at org.gradle.internal.execution.steps.AbstractCaptureStateBeforeExecutionStep.execute(AbstractCaptureStateBeforeExecutionStep.java:43)
	at org.gradle.internal.execution.steps.AbstractSkipEmptyWorkStep.executeWithNonEmptySources(AbstractSkipEmptyWorkStep.java:125)
	at org.gradle.internal.execution.steps.AbstractSkipEmptyWorkStep.execute(AbstractSkipEmptyWorkStep.java:61)
	at org.gradle.internal.execution.steps.AbstractSkipEmptyWorkStep.execute(AbstractSkipEmptyWorkStep.java:36)
	at org.gradle.internal.execution.steps.legacy.MarkSnapshottingInputsStartedStep.execute(MarkSnapshottingInputsStartedStep.java:38)
	at org.gradle.internal.execution.steps.LoadPreviousExecutionStateStep.execute(LoadPreviousExecutionStateStep.java:36)
	at org.gradle.internal.execution.steps.LoadPreviousExecutionStateStep.execute(LoadPreviousExecutionStateStep.java:23)
	at org.gradle.internal.execution.steps.HandleStaleOutputsStep.execute(HandleStaleOutputsStep.java:75)
	at org.gradle.internal.execution.steps.HandleStaleOutputsStep.execute(HandleStaleOutputsStep.java:41)
	at org.gradle.internal.execution.steps.AssignMutableWorkspaceStep.lambda$execute$0(AssignMutableWorkspaceStep.java:35)
	at org.gradle.api.internal.tasks.execution.TaskExecution$4.withWorkspace(TaskExecution.java:289)
	at org.gradle.internal.execution.steps.AssignMutableWorkspaceStep.execute(AssignMutableWorkspaceStep.java:31)
	at org.gradle.internal.execution.steps.AssignMutableWorkspaceStep.execute(AssignMutableWorkspaceStep.java:22)
	at org.gradle.internal.execution.steps.ChoosePipelineStep.execute(ChoosePipelineStep.java:40)
	at org.gradle.internal.execution.steps.ChoosePipelineStep.execute(ChoosePipelineStep.java:23)
	at org.gradle.internal.execution.steps.ExecuteWorkBuildOperationFiringStep.lambda$execute$2(ExecuteWorkBuildOperationFiringStep.java:67)
	at org.gradle.internal.execution.steps.ExecuteWorkBuildOperationFiringStep.execute(ExecuteWorkBuildOperationFiringStep.java:67)
	at org.gradle.internal.execution.steps.ExecuteWorkBuildOperationFiringStep.execute(ExecuteWorkBuildOperationFiringStep.java:39)
	at org.gradle.internal.execution.steps.IdentityCacheStep.execute(IdentityCacheStep.java:46)
	at org.gradle.internal.execution.steps.IdentityCacheStep.execute(IdentityCacheStep.java:34)
	at org.gradle.internal.execution.steps.IdentifyStep.execute(IdentifyStep.java:48)
	at org.gradle.internal.execution.steps.IdentifyStep.execute(IdentifyStep.java:35)
	at org.gradle.internal.execution.impl.DefaultExecutionEngine$1.execute(DefaultExecutionEngine.java:61)
	at org.gradle.api.internal.tasks.execution.ExecuteActionsTaskExecuter.executeIfValid(ExecuteActionsTaskExecuter.java:127)
	at org.gradle.api.internal.tasks.execution.ExecuteActionsTaskExecuter.execute(ExecuteActionsTaskExecuter.java:116)
	at org.gradle.api.internal.tasks.execution.FinalizePropertiesTaskExecuter.execute(FinalizePropertiesTaskExecuter.java:46)
	at org.gradle.api.internal.tasks.execution.ResolveTaskExecutionModeExecuter.execute(ResolveTaskExecutionModeExecuter.java:51)
	at org.gradle.api.internal.tasks.execution.SkipTaskWithNoActionsExecuter.execute(SkipTaskWithNoActionsExecuter.java:57)
	at org.gradle.api.internal.tasks.execution.SkipOnlyIfTaskExecuter.execute(SkipOnlyIfTaskExecuter.java:74)
	at org.gradle.api.internal.tasks.execution.CatchExceptionTaskExecuter.execute(CatchExceptionTaskExecuter.java:36)
	at org.gradle.api.internal.tasks.execution.EventFiringTaskExecuter$1.executeTask(EventFiringTaskExecuter.java:77)
	at org.gradle.api.internal.tasks.execution.EventFiringTaskExecuter$1.call(EventFiringTaskExecuter.java:55)
	at org.gradle.api.internal.tasks.execution.EventFiringTaskExecuter$1.call(EventFiringTaskExecuter.java:52)
	at org.gradle.internal.operations.DefaultBuildOperationRunner$CallableBuildOperationWorker.execute(DefaultBuildOperationRunner.java:209)
	at org.gradle.internal.operations.DefaultBuildOperationRunner$CallableBuildOperationWorker.execute(DefaultBuildOperationRunner.java:204)
	at org.gradle.internal.operations.DefaultBuildOperationRunner$2.execute(DefaultBuildOperationRunner.java:66)
	at org.gradle.internal.operations.DefaultBuildOperationRunner$2.execute(DefaultBuildOperationRunner.java:59)
	at org.gradle.internal.operations.DefaultBuildOperationRunner.execute(DefaultBuildOperationRunner.java:166)
	at org.gradle.internal.operations.DefaultBuildOperationRunner.execute(DefaultBuildOperationRunner.java:59)
	at org.gradle.internal.operations.DefaultBuildOperationRunner.call(DefaultBuildOperationRunner.java:53)
	at org.gradle.api.internal.tasks.execution.EventFiringTaskExecuter.execute(EventFiringTaskExecuter.java:52)
	at org.gradle.execution.plan.LocalTaskNodeExecutor.execute(LocalTaskNodeExecutor.java:42)
	at org.gradle.execution.taskgraph.DefaultTaskExecutionGraph$InvokeNodeExecutorsAction.execute(DefaultTaskExecutionGraph.java:331)
	at org.gradle.execution.taskgraph.DefaultTaskExecutionGraph$InvokeNodeExecutorsAction.execute(DefaultTaskExecutionGraph.java:318)
	at org.gradle.execution.taskgraph.DefaultTaskExecutionGraph$BuildOperationAwareExecutionAction.lambda$execute$0(DefaultTaskExecutionGraph.java:314)
	at org.gradle.internal.operations.CurrentBuildOperationRef.with(CurrentBuildOperationRef.java:85)
	at org.gradle.execution.taskgraph.DefaultTaskExecutionGraph$BuildOperationAwareExecutionAction.execute(DefaultTaskExecutionGraph.java:314)
	at org.gradle.execution.taskgraph.DefaultTaskExecutionGraph$BuildOperationAwareExecutionAction.execute(DefaultTaskExecutionGraph.java:303)
	at org.gradle.execution.plan.DefaultPlanExecutor$ExecutorWorker.execute(DefaultPlanExecutor.java:459)
	at org.gradle.execution.plan.DefaultPlanExecutor$ExecutorWorker.run(DefaultPlanExecutor.java:376)
	at org.gradle.internal.concurrent.ExecutorPolicy$CatchAndRecordFailures.onExecute(ExecutorPolicy.java:64)
	at org.gradle.internal.concurrent.AbstractManagedExecutor$1.run(AbstractManagedExecutor.java:48)
Caused by: org.jetbrains.kotlin.gradle.tasks.CompilationErrorException: Compilation error. See log for more details
	at org.jetbrains.kotlin.gradle.tasks.TasksUtilsKt.throwExceptionIfCompilationFailed(tasksUtils.kt:20)
	at org.jetbrains.kotlin.compilerRunner.GradleKotlinCompilerWork.run(GradleKotlinCompilerWork.kt:141)
	at org.jetbrains.kotlin.compilerRunner.GradleCompilerRunnerWithWorkers$GradleKotlinCompilerWorkAction.execute(GradleCompilerRunnerWithWorkers.kt:73)
	at org.gradle.workers.internal.DefaultWorkerServer.execute(DefaultWorkerServer.java:63)
	at org.gradle.workers.internal.NoIsolationWorkerFactory$1$1.create(NoIsolationWorkerFactory.java:66)
	at org.gradle.workers.internal.NoIsolationWorkerFactory$1$1.create(NoIsolationWorkerFactory.java:62)
	at org.gradle.internal.classloader.ClassLoaderUtils.executeInClassloader(ClassLoaderUtils.java:100)
	at org.gradle.workers.internal.NoIsolationWorkerFactory$1.lambda$execute$0(NoIsolationWorkerFactory.java:62)
	at org.gradle.workers.internal.AbstractWorker$1.call(AbstractWorker.java:44)
	at org.gradle.workers.internal.AbstractWorker$1.call(AbstractWorker.java:41)
	at org.gradle.internal.operations.DefaultBuildOperationRunner$CallableBuildOperationWorker.execute(DefaultBuildOperationRunner.java:209)
	at org.gradle.internal.operations.DefaultBuildOperationRunner$CallableBuildOperationWorker.execute(DefaultBuildOperationRunner.java:204)
	at org.gradle.internal.operations.DefaultBuildOperationRunner$2.execute(DefaultBuildOperationRunner.java:66)
	at org.gradle.internal.operations.DefaultBuildOperationRunner$2.execute(DefaultBuildOperationRunner.java:59)
	at org.gradle.internal.operations.DefaultBuildOperationRunner.execute(DefaultBuildOperationRunner.java:166)
	at org.gradle.internal.operations.DefaultBuildOperationRunner.execute(DefaultBuildOperationRunner.java:59)
	at org.gradle.internal.operations.DefaultBuildOperationRunner.call(DefaultBuildOperationRunner.java:53)
	at org.gradle.workers.internal.AbstractWorker.executeWrappedInBuildOperation(AbstractWorker.java:41)
	at org.gradle.workers.internal.NoIsolationWorkerFactory$1.execute(NoIsolationWorkerFactory.java:59)
	at org.gradle.workers.internal.DefaultWorkerExecutor.lambda$submitWork$0(DefaultWorkerExecutor.java:174)
	at org.gradle.internal.work.DefaultConditionalExecutionQueue$ExecutionRunner.runExecution(DefaultConditionalExecutionQueue.java:194)
	at org.gradle.internal.work.DefaultConditionalExecutionQueue$ExecutionRunner.access$700(DefaultConditionalExecutionQueue.java:127)
	at org.gradle.internal.work.DefaultConditionalExecutionQueue$ExecutionRunner$1.run(DefaultConditionalExecutionQueue.java:169)
	at org.gradle.internal.Factories$1.create(Factories.java:31)
	at org.gradle.internal.work.DefaultWorkerLeaseService.withLocks(DefaultWorkerLeaseService.java:263)
	at org.gradle.internal.work.DefaultWorkerLeaseService.runAsWorkerThread(DefaultWorkerLeaseService.java:127)
	at org.gradle.internal.work.DefaultWorkerLeaseService.runAsWorkerThread(DefaultWorkerLeaseService.java:132)
	at org.gradle.internal.work.DefaultConditionalExecutionQueue$ExecutionRunner.runBatch(DefaultConditionalExecutionQueue.java:164)
	at org.gradle.internal.work.DefaultConditionalExecutionQueue$ExecutionRunner.run(DefaultConditionalExecutionQueue.java:133)
	... 2 more


BUILD FAILED in 32s
29 actionable tasks: 29 executed
2025-12-03T23:10:00.192+0700 [DEBUG] [org.gradle.launcher.daemon.server.exec.ExecuteBuild] The daemon has finished executing the build.
2025-12-03T23:10:00.200+0700 [DEBUG] [org.gradle.launcher.daemon.server.DaemonStateCoordinator] daemon is running. Sleeping until state changes.
2025-12-03T23:10:00.200+0700 [DEBUG] [org.gradle.launcher.daemon.server.DaemonStateCoordinator] Command execution: finished waiting for DaemonCommandExecution[command = Build{id=810cb381-0131-45db-9044-980161ffadab, currentDir=D:\RemoteLamp}, connection = DefaultDaemonConnection: socket connection from /127.0.0.1:54574 to /127.0.0.1:56738]. Result org.gradle.launcher.daemon.server.DaemonStateCoordinator@31b0e048 with state Busy
2025-12-03T23:10:00.201+0700 [DEBUG] [org.gradle.launcher.daemon.server.DaemonStateCoordinator] Command execution: completed DaemonCommandExecution[command = Build{id=810cb381-0131-45db-9044-980161ffadab, currentDir=D:\RemoteLamp}, connection = DefaultDaemonConnection: socket connection from /127.0.0.1:54574 to /127.0.0.1:56738]
2025-12-03T23:10:00.201+0700 [DEBUG] [org.gradle.launcher.daemon.server.DaemonStateCoordinator] resetting idle timer
2025-12-03T23:10:00.201+0700 [INFO] [org.gradle.launcher.daemon.server.DaemonRegistryUpdater] Marking the daemon as idle, address: [7714e9e6-fef7-4d31-a1e2-ebb0d063ec69 port:54574, addresses:[localhost/127.0.0.1]]
2025-12-03T23:10:00.201+0700 [DEBUG] [org.gradle.launcher.daemon.registry.PersistentDaemonRegistry] Marking busy by address: [7714e9e6-fef7-4d31-a1e2-ebb0d063ec69 port:54574, addresses:[localhost/127.0.0.1]]
2025-12-03T23:10:00.202+0700 [DEBUG] [org.gradle.cache.internal.DefaultFileLockManager] Waiting to acquire exclusive lock on daemon addresses registry.
2025-12-03T23:10:00.202+0700 [DEBUG] [org.gradle.cache.internal.DefaultFileLockManager] Lock acquired on daemon addresses registry.
2025-12-03T23:10:00.203+0700 [DEBUG] [org.gradle.cache.internal.DefaultFileLockManager] Releasing lock on daemon addresses registry.
2025-12-03T23:10:00.204+0700 [DEBUG] [org.gradle.launcher.daemon.server.DaemonStateCoordinator] daemon is running. Sleeping until state changes.
2025-12-03T23:10:00.204+0700 [DEBUG] [org.gradle.launcher.daemon.server.exec.ReturnResult] Daemon is dispatching the build result: Success[value=org.gradle.launcher.exec.BuildActionResult@1a73b9a3]
2025-12-03T23:10:00.204+0700 [DEBUG] [org.gradle.launcher.daemon.server.SynchronizedDispatchConnection] thread 208: dispatching Success[value=org.gradle.launcher.exec.BuildActionResult@1a73b9a3]
2025-12-03T23:10:00.209+0700 [DEBUG] [org.gradle.launcher.daemon.server.DefaultIncomingConnectionHandler] Finishing executing command: Build{id=810cb381-0131-45db-9044-980161ffadab, currentDir=D:\RemoteLamp}
2025-12-03T23:10:00.210+0700 [DEBUG] [org.gradle.launcher.daemon.server.exec.CleanUpVirtualFileSystemAfterBuild] Cleaning virtual file system after build finished
2025-12-03T23:10:00.218+0700 [DEBUG] [org.gradle.launcher.daemon.server.SynchronizedDispatchConnection] thread 209: received class org.gradle.launcher.daemon.protocol.CloseInput
2025-12-03T23:10:00.218+0700 [DEBUG] [org.gradle.launcher.daemon.server.DefaultDaemonConnection] thread 209: Received IO message from client: org.gradle.launcher.daemon.protocol.CloseInput@7e9a5132
2025-12-03T23:10:00.219+0700 [DEBUG] [org.gradle.launcher.daemon.server.SynchronizedDispatchConnection] thread 209: received class org.gradle.launcher.daemon.protocol.Finished
2025-12-03T23:10:00.219+0700 [DEBUG] [org.gradle.launcher.daemon.server.DefaultDaemonConnection] thread 209: Received non-IO message from client: org.gradle.launcher.daemon.protocol.Finished@705db091
2025-12-03T23:10:00.219+0700 [DEBUG] [org.gradle.launcher.daemon.server.DefaultIncomingConnectionHandler] Received finished message: org.gradle.launcher.daemon.protocol.Finished@705db091
2025-12-03T23:10:00.219+0700 [DEBUG] [org.gradle.launcher.daemon.server.SynchronizedDispatchConnection] thread 208: stopping connection
2025-12-03T23:10:00.219+0700 [DEBUG] [org.gradle.internal.remote.internal.inet.SocketConnection] Discarding EOFException: java.io.EOFException
2025-12-03T23:10:00.219+0700 [DEBUG] [org.gradle.launcher.daemon.server.SynchronizedDispatchConnection] thread 209: received null
2025-12-03T23:10:00.219+0700 [DEBUG] [org.gradle.launcher.daemon.server.DefaultDaemonConnection] thread 209: Received end-of-input from client.
2025-12-03T23:10:00.220+0700 [DEBUG] [org.gradle.launcher.daemon.server.SynchronizedDispatchConnection] thread 208: stopping connection
2025-12-03T23:10:03.055+0700 [DEBUG] [org.gradle.process.internal.health.memory.DefaultMemoryManager] 794965606 physical memory requested, 635830272 free
2025-12-03T23:10:03.056+0700 [DEBUG] [org.gradle.workers.internal.WorkerDaemonExpiration] Will attempt to release 758 of memory
2025-12-03T23:10:03.056+0700 [DEBUG] [org.gradle.process.internal.health.memory.DefaultMemoryManager] 794965606 physical memory requested, 0 released, 635830272 free
2025-12-03T23:10:06.483+0700 [DEBUG] [org.gradle.cache.internal.DefaultFileLockManager] Waiting to acquire shared lock on daemon addresses registry.
2025-12-03T23:10:06.483+0700 [DEBUG] [org.gradle.cache.internal.DefaultFileLockManager] Lock acquired on daemon addresses registry.
2025-12-03T23:10:06.483+0700 [DEBUG] [org.gradle.cache.internal.DefaultFileLockManager] Releasing lock on daemon addresses registry.
2025-12-03T23:10:06.484+0700 [DEBUG] [org.gradle.cache.internal.DefaultFileLockManager] Waiting to acquire shared lock on daemon addresses registry.
2025-12-03T23:10:06.484+0700 [DEBUG] [org.gradle.cache.internal.DefaultFileLockManager] Lock acquired on daemon addresses registry.
2025-12-03T23:10:06.485+0700 [DEBUG] [org.gradle.cache.internal.DefaultFileLockManager] Releasing lock on daemon addresses registry.
2025-12-03T23:10:06.849+0700 [DEBUG] [sun.rmi.transport.tcp] RMI Scheduler(0): close connection, socket: Socket[addr=localhost/127.0.0.1,port=17518,localport=54597]
2025-12-03T23:10:16.482+0700 [DEBUG] [org.gradle.cache.internal.DefaultFileLockManager] Waiting to acquire shared lock on daemon addresses registry.
2025-12-03T23:10:16.483+0700 [DEBUG] [org.gradle.cache.internal.DefaultFileLockManager] Lock acquired on daemon addresses registry.
2025-12-03T23:10:16.483+0700 [DEBUG] [org.gradle.cache.internal.DefaultFileLockManager] Releasing lock on daemon addresses registry.
2025-12-03T23:10:16.483+0700 [DEBUG] [org.gradle.cache.internal.DefaultFileLockManager] Waiting to acquire shared lock on daemon addresses registry.
2025-12-03T23:10:16.484+0700 [DEBUG] [org.gradle.cache.internal.DefaultFileLockManager] Lock acquired on daemon addresses registry.
2025-12-03T23:10:16.484+0700 [DEBUG] [org.gradle.cache.internal.DefaultFileLockManager] Releasing lock on daemon addresses registry.
2025-12-03T23:10:16.484+0700 [DEBUG] [org.gradle.cache.internal.DefaultFileLockManager] Waiting to acquire shared lock on daemon addresses registry.
2025-12-03T23:10:16.484+0700 [DEBUG] [org.gradle.cache.internal.DefaultFileLockManager] Lock acquired on daemon addresses registry.
2025-12-03T23:10:16.484+0700 [DEBUG] [org.gradle.cache.internal.DefaultFileLockManager] Releasing lock on daemon addresses registry.
2025-12-03T23:10:26.482+0700 [DEBUG] [org.gradle.cache.internal.DefaultFileLockManager] Waiting to acquire shared lock on daemon addresses registry.
2025-12-03T23:10:26.482+0700 [DEBUG] [org.gradle.cache.internal.DefaultFileLockManager] Lock acquired on daemon addresses registry.
2025-12-03T23:10:26.483+0700 [DEBUG] [org.gradle.cache.internal.DefaultFileLockManager] Releasing lock on daemon addresses registry.
2025-12-03T23:10:26.483+0700 [DEBUG] [org.gradle.cache.internal.DefaultFileLockManager] Waiting to acquire shared lock on daemon addresses registry.
2025-12-03T23:10:26.484+0700 [DEBUG] [org.gradle.cache.internal.DefaultFileLockManager] Lock acquired on daemon addresses registry.
2025-12-03T23:10:26.484+0700 [DEBUG] [org.gradle.cache.internal.DefaultFileLockManager] Releasing lock on daemon addresses registry.
2025-12-03T23:10:26.484+0700 [DEBUG] [org.gradle.cache.internal.DefaultFileLockManager] Waiting to acquire shared lock on daemon addresses registry.
2025-12-03T23:10:26.484+0700 [DEBUG] [org.gradle.cache.internal.DefaultFileLockManager] Lock acquired on daemon addresses registry.
2025-12-03T23:10:26.484+0700 [DEBUG] [org.gradle.cache.internal.DefaultFileLockManager] Releasing lock on daemon addresses registry.
2025-12-03T23:10:28.055+0700 [DEBUG] [org.gradle.process.internal.health.memory.DefaultMemoryManager] 794965606 physical memory requested, 776056832 free
2025-12-03T23:10:28.055+0700 [DEBUG] [org.gradle.workers.internal.WorkerDaemonExpiration] Will attempt to release 758 of memory
2025-12-03T23:10:28.055+0700 [DEBUG] [org.gradle.process.internal.health.memory.DefaultMemoryManager] 794965606 physical memory requested, 0 released, 776056832 free
2025-12-03T23:10:29.936+0700 [DEBUG] [sun.rmi.transport.tcp] RMI TCP Connection(2)-127.0.0.1: (port 54599) connection closed
2025-12-03T23:10:29.936+0700 [DEBUG] [sun.rmi.transport.tcp] RMI TCP Connection(2)-127.0.0.1: close connection, socket: Socket[addr=/127.0.0.1,port=59001,localport=54599]
2025-12-03T23:10:29.936+0700 [DEBUG] [sun.rmi.transport.tcp] RMI TCP Connection(2)-127.0.0.1: socket close: Socket[addr=/127.0.0.1,port=59001,localport=54599]
2025-12-03T23:10:29.960+0700 [DEBUG] [sun.rmi.transport.tcp] RMI Scheduler(0): close connection, socket: Socket[addr=localhost/127.0.0.1,port=17518,localport=54598]
2025-12-03T23:10:33.055+0700 [DEBUG] [org.gradle.process.internal.health.memory.DefaultMemoryManager] 794965606 physical memory requested, 703348736 free
2025-12-03T23:10:33.055+0700 [DEBUG] [org.gradle.workers.internal.WorkerDaemonExpiration] Will attempt to release 758 of memory
2025-12-03T23:10:33.055+0700 [DEBUG] [org.gradle.process.internal.health.memory.DefaultMemoryManager] 794965606 physical memory requested, 0 released, 703348736 free
2025-12-03T23:10:36.482+0700 [DEBUG] [org.gradle.cache.internal.DefaultFileLockManager] Waiting to acquire shared lock on daemon addresses registry.
2025-12-03T23:10:36.483+0700 [DEBUG] [org.gradle.cache.internal.DefaultFileLockManager] Lock acquired on daemon addresses registry.
2025-12-03T23:10:36.483+0700 [DEBUG] [org.gradle.cache.internal.DefaultFileLockManager] Releasing lock on daemon addresses registry.
2025-12-03T23:10:36.483+0700 [DEBUG] [org.gradle.cache.internal.DefaultFileLockManager] Waiting to acquire shared lock on daemon addresses registry.
2025-12-03T23:10:36.484+0700 [DEBUG] [org.gradle.cache.internal.DefaultFileLockManager] Lock acquired on daemon addresses registry.
2025-12-03T23:10:36.484+0700 [DEBUG] [org.gradle.cache.internal.DefaultFileLockManager] Releasing lock on daemon addresses registry.
2025-12-03T23:10:36.484+0700 [DEBUG] [org.gradle.cache.internal.DefaultFileLockManager] Waiting to acquire shared lock on daemon addresses registry.
2025-12-03T23:10:36.484+0700 [DEBUG] [org.gradle.cache.internal.DefaultFileLockManager] Lock acquired on daemon addresses registry.
2025-12-03T23:10:36.484+0700 [DEBUG] [org.gradle.cache.internal.DefaultFileLockManager] Releasing lock on daemon addresses registry.
2025-12-03T23:10:38.054+0700 [DEBUG] [org.gradle.process.internal.health.memory.DefaultMemoryManager] 794965606 physical memory requested, 649342976 free
2025-12-03T23:10:38.054+0700 [DEBUG] [org.gradle.workers.internal.WorkerDaemonExpiration] Will attempt to release 758 of memory
2025-12-03T23:10:38.055+0700 [DEBUG] [org.gradle.process.internal.health.memory.DefaultMemoryManager] 794965606 physical memory requested, 0 released, 649342976 free
2025-12-03T23:10:43.055+0700 [DEBUG] [org.gradle.process.internal.health.memory.DefaultMemoryManager] 794965606 physical memory requested, 705990656 free
2025-12-03T23:10:43.055+0700 [DEBUG] [org.gradle.workers.internal.WorkerDaemonExpiration] Will attempt to release 758 of memory
2025-12-03T23:10:43.055+0700 [DEBUG] [org.gradle.process.internal.health.memory.DefaultMemoryManager] 794965606 physical memory requested, 0 released, 705990656 free
2025-12-03T23:10:46.483+0700 [DEBUG] [org.gradle.cache.internal.DefaultFileLockManager] Waiting to acquire shared lock on daemon addresses registry.
2025-12-03T23:10:46.483+0700 [DEBUG] [org.gradle.cache.internal.DefaultFileLockManager] Lock acquired on daemon addresses registry.
2025-12-03T23:10:46.483+0700 [DEBUG] [org.gradle.cache.internal.DefaultFileLockManager] Releasing lock on daemon addresses registry.
2025-12-03T23:10:46.484+0700 [DEBUG] [org.gradle.cache.internal.DefaultFileLockManager] Waiting to acquire shared lock on daemon addresses registry.
2025-12-03T23:10:46.484+0700 [DEBUG] [org.gradle.cache.internal.DefaultFileLockManager] Lock acquired on daemon addresses registry.
2025-12-03T23:10:46.484+0700 [DEBUG] [org.gradle.cache.internal.DefaultFileLockManager] Releasing lock on daemon addresses registry.
2025-12-03T23:10:46.485+0700 [DEBUG] [org.gradle.cache.internal.DefaultFileLockManager] Waiting to acquire shared lock on daemon addresses registry.
2025-12-03T23:10:46.485+0700 [DEBUG] [org.gradle.cache.internal.DefaultFileLockManager] Lock acquired on daemon addresses registry.
2025-12-03T23:10:46.485+0700 [DEBUG] [org.gradle.cache.internal.DefaultFileLockManager] Releasing lock on daemon addresses registry.
2025-12-03T23:10:48.055+0700 [DEBUG] [org.gradle.process.internal.health.memory.DefaultMemoryManager] 794965606 physical memory requested, 692056064 free
2025-12-03T23:10:48.055+0700 [DEBUG] [org.gradle.workers.internal.WorkerDaemonExpiration] Will attempt to release 758 of memory
2025-12-03T23:10:48.055+0700 [DEBUG] [org.gradle.process.internal.health.memory.DefaultMemoryManager] 794965606 physical memory requested, 0 released, 692056064 free
2025-12-03T23:10:53.056+0700 [DEBUG] [org.gradle.process.internal.health.memory.DefaultMemoryManager] 794965606 physical memory requested, 659046400 free
2025-12-03T23:10:53.056+0700 [DEBUG] [org.gradle.workers.internal.WorkerDaemonExpiration] Will attempt to release 758 of memory
2025-12-03T23:10:53.056+0700 [DEBUG] [org.gradle.process.internal.health.memory.DefaultMemoryManager] 794965606 physical memory requested, 0 released, 659046400 free
2025-12-03T23:10:56.481+0700 [DEBUG] [org.gradle.cache.internal.DefaultFileLockManager] Waiting to acquire shared lock on daemon addresses registry.
2025-12-03T23:10:56.482+0700 [DEBUG] [org.gradle.cache.internal.DefaultFileLockManager] Lock acquired on daemon addresses registry.
2025-12-03T23:10:56.482+0700 [DEBUG] [org.gradle.cache.internal.DefaultFileLockManager] Releasing lock on daemon addresses registry.
2025-12-03T23:10:56.483+0700 [DEBUG] [org.gradle.cache.internal.DefaultFileLockManager] Waiting to acquire shared lock on daemon addresses registry.
2025-12-03T23:10:56.483+0700 [DEBUG] [org.gradle.cache.internal.DefaultFileLockManager] Lock acquired on daemon addresses registry.
2025-12-03T23:10:56.483+0700 [DEBUG] [org.gradle.cache.internal.DefaultFileLockManager] Releasing lock on daemon addresses registry.
2025-12-03T23:10:56.483+0700 [DEBUG] [org.gradle.cache.internal.DefaultFileLockManager] Waiting to acquire shared lock on daemon addresses registry.
2025-12-03T23:10:56.483+0700 [DEBUG] [org.gradle.cache.internal.DefaultFileLockManager] Lock acquired on daemon addresses registry.
2025-12-03T23:10:56.484+0700 [DEBUG] [org.gradle.cache.internal.DefaultFileLockManager] Releasing lock on daemon addresses registry.
2025-12-03T23:10:58.055+0700 [DEBUG] [org.gradle.process.internal.health.memory.DefaultMemoryManager] 794965606 physical memory requested, 597118976 free
2025-12-03T23:10:58.055+0700 [DEBUG] [org.gradle.workers.internal.WorkerDaemonExpiration] Will attempt to release 758 of memory
2025-12-03T23:10:58.055+0700 [DEBUG] [org.gradle.process.internal.health.memory.DefaultMemoryManager] 794965606 physical memory requested, 0 released, 597118976 free
2025-12-03T23:11:03.056+0700 [DEBUG] [org.gradle.process.internal.health.memory.DefaultMemoryManager] 794965606 physical memory requested, 589754368 free
2025-12-03T23:11:03.056+0700 [DEBUG] [org.gradle.workers.internal.WorkerDaemonExpiration] Will attempt to release 758 of memory
2025-12-03T23:11:03.056+0700 [DEBUG] [org.gradle.process.internal.health.memory.DefaultMemoryManager] 794965606 physical memory requested, 0 released, 589754368 free
2025-12-03T23:11:06.488+0700 [DEBUG] [org.gradle.cache.internal.DefaultFileLockManager] Waiting to acquire shared lock on daemon addresses registry.
2025-12-03T23:11:06.489+0700 [DEBUG] [org.gradle.cache.internal.DefaultFileLockManager] Lock acquired on daemon addresses registry.
2025-12-03T23:11:06.489+0700 [DEBUG] [org.gradle.cache.internal.DefaultFileLockManager] Releasing lock on daemon addresses registry.
2025-12-03T23:11:06.490+0700 [DEBUG] [org.gradle.cache.internal.DefaultFileLockManager] Waiting to acquire shared lock on daemon addresses registry.
2025-12-03T23:11:06.490+0700 [DEBUG] [org.gradle.cache.internal.DefaultFileLockManager] Lock acquired on daemon addresses registry.
2025-12-03T23:11:06.490+0700 [DEBUG] [org.gradle.cache.internal.DefaultFileLockManager] Releasing lock on daemon addresses registry.
2025-12-03T23:11:06.491+0700 [DEBUG] [org.gradle.cache.internal.DefaultFileLockManager] Waiting to acquire shared lock on daemon addresses registry.
2025-12-03T23:11:06.491+0700 [DEBUG] [org.gradle.cache.internal.DefaultFileLockManager] Lock acquired on daemon addresses registry.
2025-12-03T23:11:06.491+0700 [DEBUG] [org.gradle.cache.internal.DefaultFileLockManager] Releasing lock on daemon addresses registry.
2025-12-03T23:11:08.055+0700 [DEBUG] [org.gradle.process.internal.health.memory.DefaultMemoryManager] 794965606 physical memory requested, 544108544 free
2025-12-03T23:11:08.055+0700 [DEBUG] [org.gradle.workers.internal.WorkerDaemonExpiration] Will attempt to release 758 of memory
2025-12-03T23:11:08.055+0700 [DEBUG] [org.gradle.process.internal.health.memory.DefaultMemoryManager] 794965606 physical memory requested, 0 released, 544108544 free
2025-12-03T23:11:16.489+0700 [DEBUG] [org.gradle.cache.internal.DefaultFileLockManager] Waiting to acquire shared lock on daemon addresses registry.
2025-12-03T23:11:16.490+0700 [DEBUG] [org.gradle.cache.internal.DefaultFileLockManager] Lock acquired on daemon addresses registry.
2025-12-03T23:11:16.490+0700 [DEBUG] [org.gradle.cache.internal.DefaultFileLockManager] Releasing lock on daemon addresses registry.
2025-12-03T23:11:16.491+0700 [DEBUG] [org.gradle.cache.internal.DefaultFileLockManager] Waiting to acquire shared lock on daemon addresses registry.
2025-12-03T23:11:16.491+0700 [DEBUG] [org.gradle.cache.internal.DefaultFileLockManager] Lock acquired on daemon addresses registry.
2025-12-03T23:11:16.491+0700 [DEBUG] [org.gradle.cache.internal.DefaultFileLockManager] Releasing lock on daemon addresses registry.
2025-12-03T23:11:16.492+0700 [DEBUG] [org.gradle.cache.internal.DefaultFileLockManager] Waiting to acquire shared lock on daemon addresses registry.
2025-12-03T23:11:16.492+0700 [DEBUG] [org.gradle.cache.internal.DefaultFileLockManager] Lock acquired on daemon addresses registry.
2025-12-03T23:11:16.492+0700 [DEBUG] [org.gradle.cache.internal.DefaultFileLockManager] Releasing lock on daemon addresses registry.
2025-12-03T23:11:26.487+0700 [DEBUG] [org.gradle.cache.internal.DefaultFileLockManager] Waiting to acquire shared lock on daemon addresses registry.
2025-12-03T23:11:26.488+0700 [DEBUG] [org.gradle.cache.internal.DefaultFileLockManager] Lock acquired on daemon addresses registry.
2025-12-03T23:11:26.488+0700 [DEBUG] [org.gradle.cache.internal.DefaultFileLockManager] Releasing lock on daemon addresses registry.
2025-12-03T23:11:26.489+0700 [DEBUG] [org.gradle.cache.internal.DefaultFileLockManager] Waiting to acquire shared lock on daemon addresses registry.
2025-12-03T23:11:26.489+0700 [DEBUG] [org.gradle.cache.internal.DefaultFileLockManager] Lock acquired on daemon addresses registry.
2025-12-03T23:11:26.489+0700 [DEBUG] [org.gradle.cache.internal.DefaultFileLockManager] Releasing lock on daemon addresses registry.
2025-12-03T23:11:26.490+0700 [DEBUG] [org.gradle.cache.internal.DefaultFileLockManager] Waiting to acquire shared lock on daemon addresses registry.
2025-12-03T23:11:26.490+0700 [DEBUG] [org.gradle.cache.internal.DefaultFileLockManager] Lock acquired on daemon addresses registry.
2025-12-03T23:11:26.490+0700 [DEBUG] [org.gradle.cache.internal.DefaultFileLockManager] Releasing lock on daemon addresses registry.
2025-12-03T23:11:36.482+0700 [DEBUG] [org.gradle.cache.internal.DefaultFileLockManager] Waiting to acquire shared lock on daemon addresses registry.
2025-12-03T23:11:36.482+0700 [DEBUG] [org.gradle.cache.internal.DefaultFileLockManager] Lock acquired on daemon addresses registry.
2025-12-03T23:11:36.483+0700 [DEBUG] [org.gradle.cache.internal.DefaultFileLockManager] Releasing lock on daemon addresses registry.
2025-12-03T23:11:36.483+0700 [DEBUG] [org.gradle.cache.internal.DefaultFileLockManager] Waiting to acquire shared lock on daemon addresses registry.
2025-12-03T23:11:36.483+0700 [DEBUG] [org.gradle.cache.internal.DefaultFileLockManager] Lock acquired on daemon addresses registry.
2025-12-03T23:11:36.484+0700 [DEBUG] [org.gradle.cache.internal.DefaultFileLockManager] Releasing lock on daemon addresses registry.
2025-12-03T23:11:36.484+0700 [DEBUG] [org.gradle.cache.internal.DefaultFileLockManager] Waiting to acquire shared lock on daemon addresses registry.
2025-12-03T23:11:36.484+0700 [DEBUG] [org.gradle.cache.internal.DefaultFileLockManager] Lock acquired on daemon addresses registry.
2025-12-03T23:11:36.484+0700 [DEBUG] [org.gradle.cache.internal.DefaultFileLockManager] Releasing lock on daemon addresses registry.
2025-12-03T23:11:46.488+0700 [DEBUG] [org.gradle.cache.internal.DefaultFileLockManager] Waiting to acquire shared lock on daemon addresses registry.
2025-12-03T23:11:46.489+0700 [DEBUG] [org.gradle.cache.internal.DefaultFileLockManager] Lock acquired on daemon addresses registry.
2025-12-03T23:11:46.489+0700 [DEBUG] [org.gradle.cache.internal.DefaultFileLockManager] Releasing lock on daemon addresses registry.
2025-12-03T23:11:46.490+0700 [DEBUG] [org.gradle.cache.internal.DefaultFileLockManager] Waiting to acquire shared lock on daemon addresses registry.
2025-12-03T23:11:46.490+0700 [DEBUG] [org.gradle.cache.internal.DefaultFileLockManager] Lock acquired on daemon addresses registry.
2025-12-03T23:11:46.490+0700 [DEBUG] [org.gradle.cache.internal.DefaultFileLockManager] Releasing lock on daemon addresses registry.
2025-12-03T23:11:46.491+0700 [DEBUG] [org.gradle.cache.internal.DefaultFileLockManager] Waiting to acquire shared lock on daemon addresses registry.
2025-12-03T23:11:46.491+0700 [DEBUG] [org.gradle.cache.internal.DefaultFileLockManager] Lock acquired on daemon addresses registry.
2025-12-03T23:11:46.491+0700 [DEBUG] [org.gradle.cache.internal.DefaultFileLockManager] Releasing lock on daemon addresses registry.
2025-12-03T23:11:56.484+0700 [DEBUG] [org.gradle.cache.internal.DefaultFileLockManager] Waiting to acquire shared lock on daemon addresses registry.
2025-12-03T23:11:56.485+0700 [DEBUG] [org.gradle.cache.internal.DefaultFileLockManager] Lock acquired on daemon addresses registry.
2025-12-03T23:11:56.485+0700 [DEBUG] [org.gradle.cache.internal.DefaultFileLockManager] Releasing lock on daemon addresses registry.
2025-12-03T23:11:56.486+0700 [DEBUG] [org.gradle.cache.internal.DefaultFileLockManager] Waiting to acquire shared lock on daemon addresses registry.
2025-12-03T23:11:56.486+0700 [DEBUG] [org.gradle.cache.internal.DefaultFileLockManager] Lock acquired on daemon addresses registry.
2025-12-03T23:11:56.486+0700 [DEBUG] [org.gradle.cache.internal.DefaultFileLockManager] Releasing lock on daemon addresses registry.
2025-12-03T23:11:56.487+0700 [DEBUG] [org.gradle.cache.internal.DefaultFileLockManager] Waiting to acquire shared lock on daemon addresses registry.
2025-12-03T23:11:56.487+0700 [DEBUG] [org.gradle.cache.internal.DefaultFileLockManager] Lock acquired on daemon addresses registry.
2025-12-03T23:11:56.487+0700 [DEBUG] [org.gradle.cache.internal.DefaultFileLockManager] Releasing lock on daemon addresses registry.
2025-12-03T23:12:06.484+0700 [DEBUG] [org.gradle.cache.internal.DefaultFileLockManager] Waiting to acquire shared lock on daemon addresses registry.
2025-12-03T23:12:06.484+0700 [DEBUG] [org.gradle.cache.internal.DefaultFileLockManager] Lock acquired on daemon addresses registry.
2025-12-03T23:12:06.484+0700 [DEBUG] [org.gradle.cache.internal.DefaultFileLockManager] Releasing lock on daemon addresses registry.
2025-12-03T23:12:06.484+0700 [DEBUG] [org.gradle.cache.internal.DefaultFileLockManager] Waiting to acquire shared lock on daemon addresses registry.
2025-12-03T23:12:06.485+0700 [DEBUG] [org.gradle.cache.internal.DefaultFileLockManager] Lock acquired on daemon addresses registry.
2025-12-03T23:12:06.485+0700 [DEBUG] [org.gradle.cache.internal.DefaultFileLockManager] Releasing lock on daemon addresses registry.
2025-12-03T23:12:06.485+0700 [DEBUG] [org.gradle.cache.internal.DefaultFileLockManager] Waiting to acquire shared lock on daemon addresses registry.
2025-12-03T23:12:06.485+0700 [DEBUG] [org.gradle.cache.internal.DefaultFileLockManager] Lock acquired on daemon addresses registry.
2025-12-03T23:12:06.485+0700 [DEBUG] [org.gradle.cache.internal.DefaultFileLockManager] Releasing lock on daemon addresses registry.
2025-12-03T23:12:12.829+0700 [DEBUG] [org.gradle.internal.watch.vfs.impl.WatchingVirtualFileSystem] Handling VFS change REMOVED D:\RemoteLamp\app\src\main\java\com\remotelamp\app\MainActivity.kt
2025-12-03T23:12:15.797+0700 [DEBUG] [org.gradle.internal.remote.internal.inet.TcpIncomingConnector] Accepted connection from /127.0.0.1:52319 to /127.0.0.1:54574.
2025-12-03T23:12:15.804+0700 [DEBUG] [org.gradle.launcher.daemon.server.SynchronizedDispatchConnection] thread 396: received class org.gradle.launcher.daemon.protocol.Build
2025-12-03T23:12:15.804+0700 [DEBUG] [org.gradle.launcher.daemon.server.DefaultDaemonConnection] thread 396: Received non-IO message from client: Build{id=1d687731-de3f-499b-8b45-998d3d2a6a74, currentDir=D:\RemoteLamp}
2025-12-03T23:12:15.804+0700 [INFO] [org.gradle.launcher.daemon.server.DefaultIncomingConnectionHandler] Received command: Build{id=1d687731-de3f-499b-8b45-998d3d2a6a74, currentDir=D:\RemoteLamp}.
2025-12-03T23:12:15.804+0700 [DEBUG] [org.gradle.launcher.daemon.server.DefaultIncomingConnectionHandler] Starting executing command: Build{id=1d687731-de3f-499b-8b45-998d3d2a6a74, currentDir=D:\RemoteLamp} with connection: socket connection from /127.0.0.1:54574 to /127.0.0.1:52319.
2025-12-03T23:12:15.805+0700 [DEBUG] [org.gradle.launcher.daemon.server.DaemonStateCoordinator] Command execution: started DaemonCommandExecution[command = Build{id=1d687731-de3f-499b-8b45-998d3d2a6a74, currentDir=D:\RemoteLamp}, connection = DefaultDaemonConnection: socket connection from /127.0.0.1:54574 to /127.0.0.1:52319] after 2.26005 minutes of idle
2025-12-03T23:12:15.805+0700 [INFO] [org.gradle.launcher.daemon.server.DaemonRegistryUpdater] Marking the daemon as busy, address: [7714e9e6-fef7-4d31-a1e2-ebb0d063ec69 port:54574, addresses:[localhost/127.0.0.1]]
2025-12-03T23:12:15.805+0700 [DEBUG] [org.gradle.launcher.daemon.registry.PersistentDaemonRegistry] Marking busy by address: [7714e9e6-fef7-4d31-a1e2-ebb0d063ec69 port:54574, addresses:[localhost/127.0.0.1]]
2025-12-03T23:12:15.805+0700 [DEBUG] [org.gradle.cache.internal.DefaultFileLockManager] Waiting to acquire exclusive lock on daemon addresses registry.
2025-12-03T23:12:15.806+0700 [DEBUG] [org.gradle.cache.internal.DefaultFileLockManager] Lock acquired on daemon addresses registry.
2025-12-03T23:12:15.806+0700 [DEBUG] [org.gradle.cache.internal.DefaultFileLockManager] Releasing lock on daemon addresses registry.
2025-12-03T23:12:15.807+0700 [DEBUG] [org.gradle.launcher.daemon.server.DaemonStateCoordinator] resetting idle timer
2025-12-03T23:12:15.807+0700 [DEBUG] [org.gradle.launcher.daemon.server.DaemonStateCoordinator] daemon is running. Sleeping until state changes.
2025-12-03T23:12:15.807+0700 [INFO] [org.gradle.launcher.daemon.server.exec.StartBuildOrRespondWithBusy] Daemon is about to start building Build{id=1d687731-de3f-499b-8b45-998d3d2a6a74, currentDir=D:\RemoteLamp}. Dispatching build started information...
2025-12-03T23:12:15.807+0700 [DEBUG] [org.gradle.launcher.daemon.server.SynchronizedDispatchConnection] thread 398: dispatching org.gradle.launcher.daemon.protocol.BuildStarted@19eed7a8
2025-12-03T23:12:15.808+0700 [DEBUG] [org.gradle.launcher.daemon.server.exec.EstablishBuildEnvironment] Configuring env variables: [USERDOMAIN_ROAMINGPROFILE, LOCALAPPDATA, NVM_SYMLINK, PROCESSOR_LEVEL, USERDOMAIN, LOGONSERVER, JAVA_HOME, SESSIONNAME, ALLUSERSPROFILE, PROCESSOR_ARCHITECTURE, EFC_14128_1592913036, PSModulePath, SystemDrive, OneDrive, PT8HOME, APPDATA, USERNAME, ProgramFiles(x86), VBOX_MSI_INSTALL_PATH, CommonProgramFiles, Path, PATHEXT, DriverData, OS, COMPUTERNAME, IntelliJ IDEA Community Edition, NVM_HOME, PROCESSOR_REVISION, CommonProgramW6432, ComSpec, ProgramData, ProgramW6432, TEMP, HOMEPATH, SystemRoot, PROCESSOR_IDENTIFIER, HOMEDRIVE, USERPROFILE, TMP, POWERSHELL_DISTRIBUTION_CHANNEL, CommonProgramFiles(x86), ProgramFiles, PUBLIC, windir, NUMBER_OF_PROCESSORS, =::]
2025-12-03T23:12:15.809+0700 [DEBUG] [org.gradle.launcher.daemon.server.exec.LogToClient] About to start relaying all logs to the client via the connection.
2025-12-03T23:12:15.809+0700 [INFO] [org.gradle.launcher.daemon.server.exec.LogToClient] The client will now receive all logging from the daemon (pid: 18756). The daemon log file: D:\RemoteLamp\daemon\8.10.2\daemon-18756.out.log
2025-12-03T23:12:15.811+0700 [INFO] [org.gradle.launcher.daemon.server.exec.LogAndCheckHealth] Starting 3rd build in daemon [uptime: 4 mins 59.524 secs, performance: 98%, GC rate: 0.00/s, heap usage: 1% of 1.5 GiB]
2025-12-03T23:12:15.811+0700 [DEBUG] [org.gradle.launcher.daemon.server.exec.ExecuteBuild] The daemon has started executing the build.
2025-12-03T23:12:15.811+0700 [DEBUG] [org.gradle.launcher.daemon.server.exec.ExecuteBuild] Executing build with daemon context: DefaultDaemonContext[uid=66c12390-f998-4156-9118-506455305028,javaHome=D:\DARI C\Documents\Android Studio\jbr,javaVersion=21,javaVendor=JetBrains s.r.o.,daemonRegistryDir=D:\RemoteLamp\daemon,pid=18756,idleTimeout=10800000,priority=NORMAL,applyInstrumentationAgent=true,nativeServicesMode=ENABLED,daemonOpts=--add-opens=java.base/java.util=ALL-UNNAMED,--add-opens=java.base/java.lang=ALL-UNNAMED,--add-opens=java.base/java.lang.invoke=ALL-UNNAMED,--add-opens=java.prefs/java.util.prefs=ALL-UNNAMED,--add-exports=jdk.compiler/com.sun.tools.javac.api=ALL-UNNAMED,--add-exports=jdk.compiler/com.sun.tools.javac.util=ALL-UNNAMED,--add-opens=java.base/java.nio.charset=ALL-UNNAMED,--add-opens=java.base/java.net=ALL-UNNAMED,--add-opens=java.base/java.util.concurrent.atomic=ALL-UNNAMED,-Xmx1536m,-Dfile.encoding=UTF-8,-Duser.country=ID,-Duser.language=en,-Duser.variant]
w: file:///D:/RemoteLamp/app/src/main/java/com/remotelamp/app/BluetoothController.kt:107:29 Unnecessary safe call on a non-null receiver of type BluetoothAdapter?
w: file:///D:/RemoteLamp/app/src/main/java/com/remotelamp/app/BluetoothScreen.kt:63:9 Variable 'bluetoothRotation' is never used
w: file:///D:/RemoteLamp/app/src/main/java/com/remotelamp/app/BluetoothScreen.kt:82:44 'centerAlignedTopAppBarColors(Color = ..., Color = ..., Color = ..., Color = ..., Color = ...): TopAppBarColors' is deprecated. Use topAppBarColors instead
w: file:///D:/RemoteLamp/app/src/main/java/com/remotelamp/app/BluetoothScreen.kt:208:53 'BluetoothSearching: ImageVector' is deprecated. Use the AutoMirrored version at Icons.AutoMirrored.Filled.BluetoothSearching
w: file:///D:/RemoteLamp/app/src/main/java/com/remotelamp/app/BluetoothScreen.kt:234:53 'ExitToApp: ImageVector' is deprecated. Use the AutoMirrored version at Icons.AutoMirrored.Filled.ExitToApp
w: file:///D:/RemoteLamp/app/src/main/java/com/remotelamp/app/ControlScreenModern.kt:78:57 'ArrowBack: ImageVector' is deprecated. Use the AutoMirrored version at Icons.AutoMirrored.Filled.ArrowBack
w: file:///D:/RemoteLamp/app/src/main/java/com/remotelamp/app/ControlScreenModern.kt:98:44 'centerAlignedTopAppBarColors(Color = ..., Color = ..., Color = ..., Color = ..., Color = ...): TopAppBarColors' is deprecated. Use topAppBarColors instead
w: file:///D:/RemoteLamp/app/src/main/java/com/remotelamp/app/EnhancedBluetoothController.kt:157:29 Unnecessary safe call on a non-null receiver of type BluetoothAdapter?
w: file:///D:/RemoteLamp/app/src/main/java/com/remotelamp/app/EnhancedConnectScreen.kt:159:107 'BluetoothSearching: ImageVector' is deprecated. Use the AutoMirrored version at Icons.AutoMirrored.Filled.BluetoothSearching
w: file:///D:/RemoteLamp/app/src/main/java/com/remotelamp/app/EnhancedConnectScreen.kt:223:52 'ArrowForward: ImageVector' is deprecated. Use the AutoMirrored version at Icons.AutoMirrored.Filled.ArrowForward
w: file:///D:/RemoteLamp/app/src/main/java/com/remotelamp/app/EnhancedConnectScreen.kt:513:48 'ArrowForward: ImageVector' is deprecated. Use the AutoMirrored version at Icons.AutoMirrored.Filled.ArrowForward
w: file:///D:/RemoteLamp/app/src/main/java/com/remotelamp/app/EnhancedControlScreen.kt:270:36 'centerAlignedTopAppBarColors(Color = ..., Color = ..., Color = ..., Color = ..., Color = ...): TopAppBarColors' is deprecated. Use topAppBarColors instead
w: file:///D:/RemoteLamp/app/src/main/java/com/remotelamp/app/MainActivityEnhanced.kt:155:5 Parameter 'activity' is never used
w: file:///D:/RemoteLamp/app/src/main/java/com/remotelamp/app/UltraModernConnectScreen.kt:185:36 'centerAlignedTopAppBarColors(Color = ..., Color = ..., Color = ..., Color = ..., Color = ...): TopAppBarColors' is deprecated. Use topAppBarColors instead
w: file:///D:/RemoteLamp/app/src/main/java/com/remotelamp/app/UltraModernConnectScreen.kt:223:49 'BluetoothSearching: ImageVector' is deprecated. Use the AutoMirrored version at Icons.AutoMirrored.Rounded.BluetoothSearching
w: file:///D:/RemoteLamp/app/src/main/java/com/remotelamp/app/UltraModernConnectScreen.kt:306:53 'BluetoothSearching: ImageVector' is deprecated. Use the AutoMirrored version at Icons.AutoMirrored.Rounded.BluetoothSearching
w: file:///D:/RemoteLamp/app/src/main/java/com/remotelamp/app/UltraModernConnectScreen.kt:608:45 'BluetoothSearching: ImageVector' is deprecated. Use the AutoMirrored version at Icons.AutoMirrored.Rounded.BluetoothSearching
w: file:///D:/RemoteLamp/app/src/main/java/com/remotelamp/app/UltraModernControlScreen.kt:297:49 'ArrowBack: ImageVector' is deprecated. Use the AutoMirrored version at Icons.AutoMirrored.Rounded.ArrowBack
w: file:///D:/RemoteLamp/app/src/main/java/com/remotelamp/app/UltraModernControlScreen.kt:319:36 'centerAlignedTopAppBarColors(Color = ..., Color = ..., Color = ..., Color = ..., Color = ...): TopAppBarColors' is deprecated. Use topAppBarColors instead

BUILD SUCCESSFUL in 29s
36 actionable tasks: 9 executed, 27 up-to-date
2025-12-03T23:12:45.405+0700 [DEBUG] [org.gradle.launcher.daemon.server.exec.ExecuteBuild] The daemon has finished executing the build.
2025-12-03T23:12:45.422+0700 [DEBUG] [org.gradle.launcher.daemon.server.DaemonStateCoordinator] daemon is running. Sleeping until state changes.
2025-12-03T23:12:45.423+0700 [DEBUG] [org.gradle.launcher.daemon.server.DaemonStateCoordinator] Command execution: finished waiting for DaemonCommandExecution[command = Build{id=1d687731-de3f-499b-8b45-998d3d2a6a74, currentDir=D:\RemoteLamp}, connection = DefaultDaemonConnection: socket connection from /127.0.0.1:54574 to /127.0.0.1:52319]. Result org.gradle.launcher.daemon.server.DaemonStateCoordinator@31b0e048 with state Busy
2025-12-03T23:12:45.423+0700 [DEBUG] [org.gradle.launcher.daemon.server.DaemonStateCoordinator] Command execution: completed DaemonCommandExecution[command = Build{id=1d687731-de3f-499b-8b45-998d3d2a6a74, currentDir=D:\RemoteLamp}, connection = DefaultDaemonConnection: socket connection from /127.0.0.1:54574 to /127.0.0.1:52319]
2025-12-03T23:12:45.423+0700 [DEBUG] [org.gradle.launcher.daemon.server.DaemonStateCoordinator] resetting idle timer
2025-12-03T23:12:45.423+0700 [INFO] [org.gradle.launcher.daemon.server.DaemonRegistryUpdater] Marking the daemon as idle, address: [7714e9e6-fef7-4d31-a1e2-ebb0d063ec69 port:54574, addresses:[localhost/127.0.0.1]]
2025-12-03T23:12:45.423+0700 [DEBUG] [org.gradle.launcher.daemon.registry.PersistentDaemonRegistry] Marking busy by address: [7714e9e6-fef7-4d31-a1e2-ebb0d063ec69 port:54574, addresses:[localhost/127.0.0.1]]
2025-12-03T23:12:45.424+0700 [DEBUG] [org.gradle.cache.internal.DefaultFileLockManager] Waiting to acquire exclusive lock on daemon addresses registry.
2025-12-03T23:12:45.424+0700 [DEBUG] [org.gradle.cache.internal.DefaultFileLockManager] Lock acquired on daemon addresses registry.
2025-12-03T23:12:45.426+0700 [DEBUG] [org.gradle.cache.internal.DefaultFileLockManager] Releasing lock on daemon addresses registry.
2025-12-03T23:12:45.426+0700 [DEBUG] [org.gradle.launcher.daemon.server.DaemonStateCoordinator] daemon is running. Sleeping until state changes.
2025-12-03T23:12:45.426+0700 [DEBUG] [org.gradle.launcher.daemon.server.exec.ReturnResult] Daemon is dispatching the build result: Success[value=org.gradle.launcher.exec.BuildActionResult@746291aa]
2025-12-03T23:12:45.426+0700 [DEBUG] [org.gradle.launcher.daemon.server.SynchronizedDispatchConnection] thread 395: dispatching Success[value=org.gradle.launcher.exec.BuildActionResult@746291aa]
2025-12-03T23:12:45.427+0700 [DEBUG] [org.gradle.launcher.daemon.server.exec.CleanUpVirtualFileSystemAfterBuild] Cleaning virtual file system after build finished
2025-12-03T23:12:45.427+0700 [DEBUG] [org.gradle.launcher.daemon.server.DefaultIncomingConnectionHandler] Finishing executing command: Build{id=1d687731-de3f-499b-8b45-998d3d2a6a74, currentDir=D:\RemoteLamp}
2025-12-03T23:12:45.429+0700 [DEBUG] [org.gradle.launcher.daemon.server.SynchronizedDispatchConnection] thread 396: received class org.gradle.launcher.daemon.protocol.CloseInput
2025-12-03T23:12:45.429+0700 [DEBUG] [org.gradle.launcher.daemon.server.DefaultDaemonConnection] thread 396: Received IO message from client: org.gradle.launcher.daemon.protocol.CloseInput@1a61157e
2025-12-03T23:12:45.430+0700 [DEBUG] [org.gradle.launcher.daemon.server.SynchronizedDispatchConnection] thread 396: received class org.gradle.launcher.daemon.protocol.Finished
2025-12-03T23:12:45.430+0700 [DEBUG] [org.gradle.launcher.daemon.server.DefaultDaemonConnection] thread 396: Received non-IO message from client: org.gradle.launcher.daemon.protocol.Finished@14a6f842
2025-12-03T23:12:45.430+0700 [DEBUG] [org.gradle.launcher.daemon.server.DefaultIncomingConnectionHandler] Received finished message: org.gradle.launcher.daemon.protocol.Finished@14a6f842
2025-12-03T23:12:45.430+0700 [DEBUG] [org.gradle.launcher.daemon.server.SynchronizedDispatchConnection] thread 395: stopping connection
2025-12-03T23:12:45.430+0700 [DEBUG] [org.gradle.internal.remote.internal.inet.SocketConnection] Discarding EOFException: java.io.EOFException
2025-12-03T23:12:45.430+0700 [DEBUG] [org.gradle.launcher.daemon.server.SynchronizedDispatchConnection] thread 396: received null
2025-12-03T23:12:45.430+0700 [DEBUG] [org.gradle.launcher.daemon.server.DefaultDaemonConnection] thread 396: Received end-of-input from client.
2025-12-03T23:12:45.433+0700 [DEBUG] [org.gradle.launcher.daemon.server.SynchronizedDispatchConnection] thread 395: stopping connection
2025-12-03T23:12:46.498+0700 [DEBUG] [org.gradle.cache.internal.DefaultFileLockManager] Waiting to acquire shared lock on daemon addresses registry.
2025-12-03T23:12:46.499+0700 [DEBUG] [org.gradle.cache.internal.DefaultFileLockManager] Lock acquired on daemon addresses registry.
2025-12-03T23:12:46.500+0700 [DEBUG] [org.gradle.cache.internal.DefaultFileLockManager] Releasing lock on daemon addresses registry.
2025-12-03T23:12:46.504+0700 [DEBUG] [org.gradle.cache.internal.DefaultFileLockManager] Waiting to acquire shared lock on daemon addresses registry.
2025-12-03T23:12:46.504+0700 [DEBUG] [org.gradle.cache.internal.DefaultFileLockManager] Lock acquired on daemon addresses registry.
2025-12-03T23:12:46.505+0700 [DEBUG] [org.gradle.cache.internal.DefaultFileLockManager] Releasing lock on daemon addresses registry.
2025-12-03T23:12:48.057+0700 [DEBUG] [org.gradle.process.internal.health.memory.DefaultMemoryManager] 794965606 physical memory requested, 499736576 free
2025-12-03T23:12:48.058+0700 [DEBUG] [org.gradle.workers.internal.WorkerDaemonExpiration] Will attempt to release 758 of memory
2025-12-03T23:12:48.058+0700 [DEBUG] [org.gradle.process.internal.health.memory.DefaultMemoryManager] 794965606 physical memory requested, 0 released, 499736576 free
2025-12-03T23:12:48.058+0700 [DEBUG] [org.gradle.process.internal.health.memory.DefaultMemoryManager] 1894134579 virtual memory requested, 1788317696 free
2025-12-03T23:12:48.058+0700 [DEBUG] [org.gradle.workers.internal.WorkerDaemonExpiration] Will attempt to release 1806 of memory
2025-12-03T23:12:48.058+0700 [DEBUG] [org.gradle.process.internal.health.memory.DefaultMemoryManager] 1894134579 virtual memory requested, 0 released, 1788317696 free
2025-12-03T23:12:52.070+0700 [DEBUG] [sun.rmi.transport.tcp] RMI Scheduler(0): close connection, socket: Socket[addr=localhost/127.0.0.1,port=17518,localport=55296]
2025-12-03T23:12:53.059+0700 [DEBUG] [org.gradle.process.internal.health.memory.DefaultMemoryManager] 1894134579 virtual memory requested, 1745022976 free
2025-12-03T23:12:53.059+0700 [DEBUG] [org.gradle.workers.internal.WorkerDaemonExpiration] Will attempt to release 1806 of memory
2025-12-03T23:12:53.059+0700 [DEBUG] [org.gradle.process.internal.health.memory.DefaultMemoryManager] 1894134579 virtual memory requested, 0 released, 1745022976 free
2025-12-03T23:12:56.483+0700 [DEBUG] [org.gradle.cache.internal.DefaultFileLockManager] Waiting to acquire shared lock on daemon addresses registry.
2025-12-03T23:12:56.483+0700 [DEBUG] [org.gradle.cache.internal.DefaultFileLockManager] Lock acquired on daemon addresses registry.
2025-12-03T23:12:56.484+0700 [DEBUG] [org.gradle.cache.internal.DefaultFileLockManager] Releasing lock on daemon addresses registry.
2025-12-03T23:12:56.485+0700 [DEBUG] [org.gradle.cache.internal.DefaultFileLockManager] Waiting to acquire shared lock on daemon addresses registry.
2025-12-03T23:12:56.485+0700 [DEBUG] [org.gradle.cache.internal.DefaultFileLockManager] Lock acquired on daemon addresses registry.
2025-12-03T23:12:56.486+0700 [DEBUG] [org.gradle.cache.internal.DefaultFileLockManager] Releasing lock on daemon addresses registry.
2025-12-03T23:12:56.486+0700 [DEBUG] [org.gradle.cache.internal.DefaultFileLockManager] Waiting to acquire shared lock on daemon addresses registry.
2025-12-03T23:12:56.486+0700 [DEBUG] [org.gradle.cache.internal.DefaultFileLockManager] Lock acquired on daemon addresses registry.
2025-12-03T23:12:56.487+0700 [DEBUG] [org.gradle.cache.internal.DefaultFileLockManager] Releasing lock on daemon addresses registry.
2025-12-03T23:12:58.075+0700 [DEBUG] [org.gradle.process.internal.health.memory.DefaultMemoryManager] 1894134579 virtual memory requested, 1788051456 free
2025-12-03T23:12:58.075+0700 [DEBUG] [org.gradle.workers.internal.WorkerDaemonExpiration] Will attempt to release 1806 of memory
2025-12-03T23:12:58.075+0700 [DEBUG] [org.gradle.process.internal.health.memory.DefaultMemoryManager] 1894134579 virtual memory requested, 0 released, 1788051456 free
2025-12-03T23:13:03.061+0700 [DEBUG] [org.gradle.process.internal.health.memory.DefaultMemoryManager] 1894134579 virtual memory requested, 1826598912 free
2025-12-03T23:13:03.061+0700 [DEBUG] [org.gradle.workers.internal.WorkerDaemonExpiration] Will attempt to release 1806 of memory
2025-12-03T23:13:03.061+0700 [DEBUG] [org.gradle.process.internal.health.memory.DefaultMemoryManager] 1894134579 virtual memory requested, 0 released, 1826598912 free
2025-12-03T23:13:03.335+0700 [DEBUG] [sun.rmi.transport.tcp] RMI TCP Connection(5)-127.0.0.1: (port 54599) connection closed
2025-12-03T23:13:03.335+0700 [DEBUG] [sun.rmi.transport.tcp] RMI TCP Connection(5)-127.0.0.1: close connection, socket: Socket[addr=/127.0.0.1,port=55294,localport=54599]
2025-12-03T23:13:03.335+0700 [DEBUG] [sun.rmi.transport.tcp] RMI TCP Connection(5)-127.0.0.1: socket close: Socket[addr=/127.0.0.1,port=55294,localport=54599]
2025-12-03T23:13:04.090+0700 [DEBUG] [sun.rmi.transport.tcp] RMI Scheduler(0): close connection, socket: Socket[addr=localhost/127.0.0.1,port=17518,localport=55295]
2025-12-03T23:13:06.482+0700 [DEBUG] [org.gradle.cache.internal.DefaultFileLockManager] Waiting to acquire shared lock on daemon addresses registry.
2025-12-03T23:13:06.483+0700 [DEBUG] [org.gradle.cache.internal.DefaultFileLockManager] Lock acquired on daemon addresses registry.
2025-12-03T23:13:06.483+0700 [DEBUG] [org.gradle.cache.internal.DefaultFileLockManager] Releasing lock on daemon addresses registry.
2025-12-03T23:13:06.484+0700 [DEBUG] [org.gradle.cache.internal.DefaultFileLockManager] Waiting to acquire shared lock on daemon addresses registry.
2025-12-03T23:13:06.484+0700 [DEBUG] [org.gradle.cache.internal.DefaultFileLockManager] Lock acquired on daemon addresses registry.
2025-12-03T23:13:06.484+0700 [DEBUG] [org.gradle.cache.internal.DefaultFileLockManager] Releasing lock on daemon addresses registry.
2025-12-03T23:13:06.485+0700 [DEBUG] [org.gradle.cache.internal.DefaultFileLockManager] Waiting to acquire shared lock on daemon addresses registry.
2025-12-03T23:13:06.485+0700 [DEBUG] [org.gradle.cache.internal.DefaultFileLockManager] Lock acquired on daemon addresses registry.
2025-12-03T23:13:06.485+0700 [DEBUG] [org.gradle.cache.internal.DefaultFileLockManager] Releasing lock on daemon addresses registry.
2025-12-03T23:13:08.060+0700 [DEBUG] [org.gradle.process.internal.health.memory.DefaultMemoryManager] 1894134579 virtual memory requested, 1829122048 free
2025-12-03T23:13:08.060+0700 [DEBUG] [org.gradle.workers.internal.WorkerDaemonExpiration] Will attempt to release 1806 of memory
2025-12-03T23:13:08.060+0700 [DEBUG] [org.gradle.process.internal.health.memory.DefaultMemoryManager] 1894134579 virtual memory requested, 0 released, 1829122048 free
2025-12-03T23:13:13.060+0700 [DEBUG] [org.gradle.process.internal.health.memory.DefaultMemoryManager] 1894134579 virtual memory requested, 1841909760 free
2025-12-03T23:13:13.060+0700 [DEBUG] [org.gradle.workers.internal.WorkerDaemonExpiration] Will attempt to release 1806 of memory
2025-12-03T23:13:13.060+0700 [DEBUG] [org.gradle.process.internal.health.memory.DefaultMemoryManager] 1894134579 virtual memory requested, 0 released, 1841909760 free
2025-12-03T23:13:16.483+0700 [DEBUG] [org.gradle.cache.internal.DefaultFileLockManager] Waiting to acquire shared lock on daemon addresses registry.
2025-12-03T23:13:16.484+0700 [DEBUG] [org.gradle.cache.internal.DefaultFileLockManager] Lock acquired on daemon addresses registry.
2025-12-03T23:13:16.484+0700 [DEBUG] [org.gradle.cache.internal.DefaultFileLockManager] Releasing lock on daemon addresses registry.
2025-12-03T23:13:16.485+0700 [DEBUG] [org.gradle.cache.internal.DefaultFileLockManager] Waiting to acquire shared lock on daemon addresses registry.
2025-12-03T23:13:16.485+0700 [DEBUG] [org.gradle.cache.internal.DefaultFileLockManager] Lock acquired on daemon addresses registry.
2025-12-03T23:13:16.485+0700 [DEBUG] [org.gradle.cache.internal.DefaultFileLockManager] Releasing lock on daemon addresses registry.
2025-12-03T23:13:16.486+0700 [DEBUG] [org.gradle.cache.internal.DefaultFileLockManager] Waiting to acquire shared lock on daemon addresses registry.
2025-12-03T23:13:16.486+0700 [DEBUG] [org.gradle.cache.internal.DefaultFileLockManager] Lock acquired on daemon addresses registry.
2025-12-03T23:13:16.486+0700 [DEBUG] [org.gradle.cache.internal.DefaultFileLockManager] Releasing lock on daemon addresses registry.
2025-12-03T23:13:18.069+0700 [DEBUG] [org.gradle.process.internal.health.memory.DefaultMemoryManager] 1894134579 virtual memory requested, 1842778112 free
2025-12-03T23:13:18.069+0700 [DEBUG] [org.gradle.workers.internal.WorkerDaemonExpiration] Will attempt to release 1806 of memory
2025-12-03T23:13:18.070+0700 [DEBUG] [org.gradle.process.internal.health.memory.DefaultMemoryManager] 1894134579 virtual memory requested, 0 released, 1842778112 free
2025-12-03T23:13:23.063+0700 [DEBUG] [org.gradle.process.internal.health.memory.DefaultMemoryManager] 1894134579 virtual memory requested, 1843064832 free
2025-12-03T23:13:23.063+0700 [DEBUG] [org.gradle.workers.internal.WorkerDaemonExpiration] Will attempt to release 1806 of memory
2025-12-03T23:13:23.063+0700 [DEBUG] [org.gradle.process.internal.health.memory.DefaultMemoryManager] 1894134579 virtual memory requested, 0 released, 1843064832 free
2025-12-03T23:13:26.485+0700 [DEBUG] [org.gradle.cache.internal.DefaultFileLockManager] Waiting to acquire shared lock on daemon addresses registry.
2025-12-03T23:13:26.485+0700 [DEBUG] [org.gradle.cache.internal.DefaultFileLockManager] Lock acquired on daemon addresses registry.
2025-12-03T23:13:26.486+0700 [DEBUG] [org.gradle.cache.internal.DefaultFileLockManager] Releasing lock on daemon addresses registry.
2025-12-03T23:13:26.487+0700 [DEBUG] [org.gradle.cache.internal.DefaultFileLockManager] Waiting to acquire shared lock on daemon addresses registry.
2025-12-03T23:13:26.487+0700 [DEBUG] [org.gradle.cache.internal.DefaultFileLockManager] Lock acquired on daemon addresses registry.
2025-12-03T23:13:26.487+0700 [DEBUG] [org.gradle.cache.internal.DefaultFileLockManager] Releasing lock on daemon addresses registry.
2025-12-03T23:13:26.488+0700 [DEBUG] [org.gradle.cache.internal.DefaultFileLockManager] Waiting to acquire shared lock on daemon addresses registry.
2025-12-03T23:13:26.488+0700 [DEBUG] [org.gradle.cache.internal.DefaultFileLockManager] Lock acquired on daemon addresses registry.
2025-12-03T23:13:26.488+0700 [DEBUG] [org.gradle.cache.internal.DefaultFileLockManager] Releasing lock on daemon addresses registry.
2025-12-03T23:13:28.060+0700 [DEBUG] [org.gradle.process.internal.health.memory.DefaultMemoryManager] 1894134579 virtual memory requested, 1829711872 free
2025-12-03T23:13:28.060+0700 [DEBUG] [org.gradle.workers.internal.WorkerDaemonExpiration] Will attempt to release 1806 of memory
2025-12-03T23:13:28.061+0700 [DEBUG] [org.gradle.process.internal.health.memory.DefaultMemoryManager] 1894134579 virtual memory requested, 0 released, 1829711872 free
2025-12-03T23:13:33.060+0700 [DEBUG] [org.gradle.process.internal.health.memory.DefaultMemoryManager] 1894134579 virtual memory requested, 1843294208 free
2025-12-03T23:13:33.060+0700 [DEBUG] [org.gradle.workers.internal.WorkerDaemonExpiration] Will attempt to release 1806 of memory
2025-12-03T23:13:33.060+0700 [DEBUG] [org.gradle.process.internal.health.memory.DefaultMemoryManager] 1894134579 virtual memory requested, 0 released, 1843294208 free
2025-12-03T23:13:36.483+0700 [DEBUG] [org.gradle.cache.internal.DefaultFileLockManager] Waiting to acquire shared lock on daemon addresses registry.
2025-12-03T23:13:36.483+0700 [DEBUG] [org.gradle.cache.internal.DefaultFileLockManager] Lock acquired on daemon addresses registry.
2025-12-03T23:13:36.484+0700 [DEBUG] [org.gradle.cache.internal.DefaultFileLockManager] Releasing lock on daemon addresses registry.
2025-12-03T23:13:36.485+0700 [DEBUG] [org.gradle.cache.internal.DefaultFileLockManager] Waiting to acquire shared lock on daemon addresses registry.
2025-12-03T23:13:36.485+0700 [DEBUG] [org.gradle.cache.internal.DefaultFileLockManager] Lock acquired on daemon addresses registry.
2025-12-03T23:13:36.485+0700 [DEBUG] [org.gradle.cache.internal.DefaultFileLockManager] Releasing lock on daemon addresses registry.
2025-12-03T23:13:36.485+0700 [DEBUG] [org.gradle.cache.internal.DefaultFileLockManager] Waiting to acquire shared lock on daemon addresses registry.
2025-12-03T23:13:36.485+0700 [DEBUG] [org.gradle.cache.internal.DefaultFileLockManager] Lock acquired on daemon addresses registry.
2025-12-03T23:13:36.485+0700 [DEBUG] [org.gradle.cache.internal.DefaultFileLockManager] Releasing lock on daemon addresses registry.
2025-12-03T23:13:38.060+0700 [DEBUG] [org.gradle.process.internal.health.memory.DefaultMemoryManager] 1894134579 virtual memory requested, 1846312960 free
2025-12-03T23:13:38.060+0700 [DEBUG] [org.gradle.workers.internal.WorkerDaemonExpiration] Will attempt to release 1806 of memory
2025-12-03T23:13:38.060+0700 [DEBUG] [org.gradle.process.internal.health.memory.DefaultMemoryManager] 1894134579 virtual memory requested, 0 released, 1846312960 free
2025-12-03T23:13:43.061+0700 [DEBUG] [org.gradle.process.internal.health.memory.DefaultMemoryManager] 1894134579 virtual memory requested, 1845420032 free
2025-12-03T23:13:43.062+0700 [DEBUG] [org.gradle.workers.internal.WorkerDaemonExpiration] Will attempt to release 1806 of memory
2025-12-03T23:13:43.062+0700 [DEBUG] [org.gradle.process.internal.health.memory.DefaultMemoryManager] 1894134579 virtual memory requested, 0 released, 1845420032 free
2025-12-03T23:13:46.484+0700 [DEBUG] [org.gradle.cache.internal.DefaultFileLockManager] Waiting to acquire shared lock on daemon addresses registry.
2025-12-03T23:13:46.484+0700 [DEBUG] [org.gradle.cache.internal.DefaultFileLockManager] Lock acquired on daemon addresses registry.
2025-12-03T23:13:46.484+0700 [DEBUG] [org.gradle.cache.internal.DefaultFileLockManager] Releasing lock on daemon addresses registry.
2025-12-03T23:13:46.485+0700 [DEBUG] [org.gradle.cache.internal.DefaultFileLockManager] Waiting to acquire shared lock on daemon addresses registry.
2025-12-03T23:13:46.485+0700 [DEBUG] [org.gradle.cache.internal.DefaultFileLockManager] Lock acquired on daemon addresses registry.
2025-12-03T23:13:46.485+0700 [DEBUG] [org.gradle.cache.internal.DefaultFileLockManager] Releasing lock on daemon addresses registry.
2025-12-03T23:13:46.485+0700 [DEBUG] [org.gradle.cache.internal.DefaultFileLockManager] Waiting to acquire shared lock on daemon addresses registry.
2025-12-03T23:13:46.485+0700 [DEBUG] [org.gradle.cache.internal.DefaultFileLockManager] Lock acquired on daemon addresses registry.
2025-12-03T23:13:46.485+0700 [DEBUG] [org.gradle.cache.internal.DefaultFileLockManager] Releasing lock on daemon addresses registry.
2025-12-03T23:13:48.061+0700 [DEBUG] [org.gradle.process.internal.health.memory.DefaultMemoryManager] 1894134579 virtual memory requested, 1852039168 free
2025-12-03T23:13:48.061+0700 [DEBUG] [org.gradle.workers.internal.WorkerDaemonExpiration] Will attempt to release 1806 of memory
2025-12-03T23:13:48.061+0700 [DEBUG] [org.gradle.process.internal.health.memory.DefaultMemoryManager] 1894134579 virtual memory requested, 0 released, 1852039168 free
2025-12-03T23:13:56.482+0700 [DEBUG] [org.gradle.cache.internal.DefaultFileLockManager] Waiting to acquire shared lock on daemon addresses registry.
2025-12-03T23:13:56.482+0700 [DEBUG] [org.gradle.cache.internal.DefaultFileLockManager] Lock acquired on daemon addresses registry.
2025-12-03T23:13:56.483+0700 [DEBUG] [org.gradle.cache.internal.DefaultFileLockManager] Releasing lock on daemon addresses registry.
2025-12-03T23:13:56.483+0700 [DEBUG] [org.gradle.cache.internal.DefaultFileLockManager] Waiting to acquire shared lock on daemon addresses registry.
2025-12-03T23:13:56.483+0700 [DEBUG] [org.gradle.cache.internal.DefaultFileLockManager] Lock acquired on daemon addresses registry.
2025-12-03T23:13:56.483+0700 [DEBUG] [org.gradle.cache.internal.DefaultFileLockManager] Releasing lock on daemon addresses registry.
2025-12-03T23:13:56.484+0700 [DEBUG] [org.gradle.cache.internal.DefaultFileLockManager] Waiting to acquire shared lock on daemon addresses registry.
2025-12-03T23:13:56.484+0700 [DEBUG] [org.gradle.cache.internal.DefaultFileLockManager] Lock acquired on daemon addresses registry.
2025-12-03T23:13:56.484+0700 [DEBUG] [org.gradle.cache.internal.DefaultFileLockManager] Releasing lock on daemon addresses registry.
2025-12-03T23:13:58.061+0700 [DEBUG] [org.gradle.process.internal.health.memory.DefaultMemoryManager] 1894134579 virtual memory requested, 1889091584 free
2025-12-03T23:13:58.061+0700 [DEBUG] [org.gradle.workers.internal.WorkerDaemonExpiration] Will attempt to release 1806 of memory
2025-12-03T23:13:58.061+0700 [DEBUG] [org.gradle.process.internal.health.memory.DefaultMemoryManager] 1894134579 virtual memory requested, 0 released, 1889091584 free
2025-12-03T23:14:03.061+0700 [DEBUG] [org.gradle.process.internal.health.memory.DefaultMemoryManager] 1894134579 virtual memory requested, 1857683456 free
2025-12-03T23:14:03.062+0700 [DEBUG] [org.gradle.workers.internal.WorkerDaemonExpiration] Will attempt to release 1806 of memory
2025-12-03T23:14:03.062+0700 [DEBUG] [org.gradle.process.internal.health.memory.DefaultMemoryManager] 1894134579 virtual memory requested, 0 released, 1857683456 free
2025-12-03T23:14:06.483+0700 [DEBUG] [org.gradle.cache.internal.DefaultFileLockManager] Waiting to acquire shared lock on daemon addresses registry.
2025-12-03T23:14:06.483+0700 [DEBUG] [org.gradle.cache.internal.DefaultFileLockManager] Lock acquired on daemon addresses registry.
2025-12-03T23:14:06.483+0700 [DEBUG] [org.gradle.cache.internal.DefaultFileLockManager] Releasing lock on daemon addresses registry.
2025-12-03T23:14:06.484+0700 [DEBUG] [org.gradle.cache.internal.DefaultFileLockManager] Waiting to acquire shared lock on daemon addresses registry.
2025-12-03T23:14:06.484+0700 [DEBUG] [org.gradle.cache.internal.DefaultFileLockManager] Lock acquired on daemon addresses registry.
2025-12-03T23:14:06.484+0700 [DEBUG] [org.gradle.cache.internal.DefaultFileLockManager] Releasing lock on daemon addresses registry.
2025-12-03T23:14:06.485+0700 [DEBUG] [org.gradle.cache.internal.DefaultFileLockManager] Waiting to acquire shared lock on daemon addresses registry.
2025-12-03T23:14:06.485+0700 [DEBUG] [org.gradle.cache.internal.DefaultFileLockManager] Lock acquired on daemon addresses registry.
2025-12-03T23:14:06.485+0700 [DEBUG] [org.gradle.cache.internal.DefaultFileLockManager] Releasing lock on daemon addresses registry.
2025-12-03T23:14:08.060+0700 [DEBUG] [org.gradle.process.internal.health.memory.DefaultMemoryManager] 1894134579 virtual memory requested, 1881882624 free
2025-12-03T23:14:08.060+0700 [DEBUG] [org.gradle.workers.internal.WorkerDaemonExpiration] Will attempt to release 1806 of memory
2025-12-03T23:14:08.060+0700 [DEBUG] [org.gradle.process.internal.health.memory.DefaultMemoryManager] 1894134579 virtual memory requested, 0 released, 1881882624 free
2025-12-03T23:14:13.065+0700 [DEBUG] [org.gradle.process.internal.health.memory.DefaultMemoryManager] 1894134579 virtual memory requested, 1766141952 free
2025-12-03T23:14:13.065+0700 [DEBUG] [org.gradle.workers.internal.WorkerDaemonExpiration] Will attempt to release 1806 of memory
2025-12-03T23:14:13.065+0700 [DEBUG] [org.gradle.process.internal.health.memory.DefaultMemoryManager] 1894134579 virtual memory requested, 0 released, 1766141952 free
2025-12-03T23:14:16.494+0700 [DEBUG] [org.gradle.cache.internal.DefaultFileLockManager] Waiting to acquire shared lock on daemon addresses registry.
2025-12-03T23:14:16.495+0700 [DEBUG] [org.gradle.cache.internal.DefaultFileLockManager] Lock acquired on daemon addresses registry.
2025-12-03T23:14:16.495+0700 [DEBUG] [org.gradle.cache.internal.DefaultFileLockManager] Releasing lock on daemon addresses registry.
2025-12-03T23:14:16.495+0700 [DEBUG] [org.gradle.cache.internal.DefaultFileLockManager] Waiting to acquire shared lock on daemon addresses registry.
2025-12-03T23:14:16.496+0700 [DEBUG] [org.gradle.cache.internal.DefaultFileLockManager] Lock acquired on daemon addresses registry.
2025-12-03T23:14:16.496+0700 [DEBUG] [org.gradle.cache.internal.DefaultFileLockManager] Releasing lock on daemon addresses registry.
2025-12-03T23:14:16.496+0700 [DEBUG] [org.gradle.cache.internal.DefaultFileLockManager] Waiting to acquire shared lock on daemon addresses registry.
2025-12-03T23:14:16.496+0700 [DEBUG] [org.gradle.cache.internal.DefaultFileLockManager] Lock acquired on daemon addresses registry.
2025-12-03T23:14:16.496+0700 [DEBUG] [org.gradle.cache.internal.DefaultFileLockManager] Releasing lock on daemon addresses registry.
2025-12-03T23:14:18.062+0700 [DEBUG] [org.gradle.process.internal.health.memory.DefaultMemoryManager] 1894134579 virtual memory requested, 1810251776 free
2025-12-03T23:14:18.062+0700 [DEBUG] [org.gradle.workers.internal.WorkerDaemonExpiration] Will attempt to release 1806 of memory
2025-12-03T23:14:18.062+0700 [DEBUG] [org.gradle.process.internal.health.memory.DefaultMemoryManager] 1894134579 virtual memory requested, 0 released, 1810251776 free
2025-12-03T23:14:23.061+0700 [DEBUG] [org.gradle.process.internal.health.memory.DefaultMemoryManager] 1894134579 virtual memory requested, 1871523840 free
2025-12-03T23:14:23.061+0700 [DEBUG] [org.gradle.workers.internal.WorkerDaemonExpiration] Will attempt to release 1806 of memory
2025-12-03T23:14:23.061+0700 [DEBUG] [org.gradle.process.internal.health.memory.DefaultMemoryManager] 1894134579 virtual memory requested, 0 released, 1871523840 free
2025-12-03T23:14:26.497+0700 [DEBUG] [org.gradle.cache.internal.DefaultFileLockManager] Waiting to acquire shared lock on daemon addresses registry.
2025-12-03T23:14:26.498+0700 [DEBUG] [org.gradle.cache.internal.DefaultFileLockManager] Lock acquired on daemon addresses registry.
2025-12-03T23:14:26.498+0700 [DEBUG] [org.gradle.cache.internal.DefaultFileLockManager] Releasing lock on daemon addresses registry.
2025-12-03T23:14:26.498+0700 [DEBUG] [org.gradle.cache.internal.DefaultFileLockManager] Waiting to acquire shared lock on daemon addresses registry.
2025-12-03T23:14:26.499+0700 [DEBUG] [org.gradle.cache.internal.DefaultFileLockManager] Lock acquired on daemon addresses registry.
2025-12-03T23:14:26.499+0700 [DEBUG] [org.gradle.cache.internal.DefaultFileLockManager] Releasing lock on daemon addresses registry.
2025-12-03T23:14:26.499+0700 [DEBUG] [org.gradle.cache.internal.DefaultFileLockManager] Waiting to acquire shared lock on daemon addresses registry.
2025-12-03T23:14:26.499+0700 [DEBUG] [org.gradle.cache.internal.DefaultFileLockManager] Lock acquired on daemon addresses registry.
2025-12-03T23:14:26.499+0700 [DEBUG] [org.gradle.cache.internal.DefaultFileLockManager] Releasing lock on daemon addresses registry.
2025-12-03T23:14:28.061+0700 [DEBUG] [org.gradle.process.internal.health.memory.DefaultMemoryManager] 1894134579 virtual memory requested, 1866760192 free
2025-12-03T23:14:28.061+0700 [DEBUG] [org.gradle.workers.internal.WorkerDaemonExpiration] Will attempt to release 1806 of memory
2025-12-03T23:14:28.061+0700 [DEBUG] [org.gradle.process.internal.health.memory.DefaultMemoryManager] 1894134579 virtual memory requested, 0 released, 1866760192 free
2025-12-03T23:14:33.055+0700 [DEBUG] [org.gradle.process.internal.health.memory.DefaultMemoryManager] 1894134579 virtual memory requested, 1857220608 free
2025-12-03T23:14:33.055+0700 [DEBUG] [org.gradle.workers.internal.WorkerDaemonExpiration] Will attempt to release 1806 of memory
2025-12-03T23:14:33.057+0700 [DEBUG] [org.gradle.process.internal.health.memory.DefaultMemoryManager] 1894134579 virtual memory requested, 0 released, 1857220608 free
2025-12-03T23:14:36.490+0700 [DEBUG] [org.gradle.cache.internal.DefaultFileLockManager] Waiting to acquire shared lock on daemon addresses registry.
2025-12-03T23:14:36.490+0700 [DEBUG] [org.gradle.cache.internal.DefaultFileLockManager] Lock acquired on daemon addresses registry.
2025-12-03T23:14:36.491+0700 [DEBUG] [org.gradle.cache.internal.DefaultFileLockManager] Releasing lock on daemon addresses registry.
2025-12-03T23:14:36.494+0700 [DEBUG] [org.gradle.cache.internal.DefaultFileLockManager] Waiting to acquire shared lock on daemon addresses registry.
2025-12-03T23:14:36.494+0700 [DEBUG] [org.gradle.cache.internal.DefaultFileLockManager] Lock acquired on daemon addresses registry.
2025-12-03T23:14:36.495+0700 [DEBUG] [org.gradle.cache.internal.DefaultFileLockManager] Releasing lock on daemon addresses registry.
2025-12-03T23:14:36.495+0700 [DEBUG] [org.gradle.cache.internal.DefaultFileLockManager] Waiting to acquire shared lock on daemon addresses registry.
2025-12-03T23:14:36.495+0700 [DEBUG] [org.gradle.cache.internal.DefaultFileLockManager] Lock acquired on daemon addresses registry.
2025-12-03T23:14:36.496+0700 [DEBUG] [org.gradle.cache.internal.DefaultFileLockManager] Releasing lock on daemon addresses registry.
2025-12-03T23:14:38.054+0700 [DEBUG] [org.gradle.process.internal.health.memory.DefaultMemoryManager] 1894134579 virtual memory requested, 1883910144 free
2025-12-03T23:14:38.055+0700 [DEBUG] [org.gradle.workers.internal.WorkerDaemonExpiration] Will attempt to release 1806 of memory
2025-12-03T23:14:38.055+0700 [DEBUG] [org.gradle.process.internal.health.memory.DefaultMemoryManager] 1894134579 virtual memory requested, 0 released, 1883910144 free
2025-12-03T23:14:43.055+0700 [DEBUG] [org.gradle.process.internal.health.memory.DefaultMemoryManager] 1894134579 virtual memory requested, 1885638656 free
2025-12-03T23:14:43.055+0700 [DEBUG] [org.gradle.workers.internal.WorkerDaemonExpiration] Will attempt to release 1806 of memory
2025-12-03T23:14:43.055+0700 [DEBUG] [org.gradle.process.internal.health.memory.DefaultMemoryManager] 1894134579 virtual memory requested, 0 released, 1885638656 free
2025-12-03T23:14:46.483+0700 [DEBUG] [org.gradle.cache.internal.DefaultFileLockManager] Waiting to acquire shared lock on daemon addresses registry.
2025-12-03T23:14:46.483+0700 [DEBUG] [org.gradle.cache.internal.DefaultFileLockManager] Lock acquired on daemon addresses registry.
2025-12-03T23:14:46.483+0700 [DEBUG] [org.gradle.cache.internal.DefaultFileLockManager] Releasing lock on daemon addresses registry.
2025-12-03T23:14:46.484+0700 [DEBUG] [org.gradle.cache.internal.DefaultFileLockManager] Waiting to acquire shared lock on daemon addresses registry.
2025-12-03T23:14:46.484+0700 [DEBUG] [org.gradle.cache.internal.DefaultFileLockManager] Lock acquired on daemon addresses registry.
2025-12-03T23:14:46.484+0700 [DEBUG] [org.gradle.cache.internal.DefaultFileLockManager] Releasing lock on daemon addresses registry.
2025-12-03T23:14:46.485+0700 [DEBUG] [org.gradle.cache.internal.DefaultFileLockManager] Waiting to acquire shared lock on daemon addresses registry.
2025-12-03T23:14:46.485+0700 [DEBUG] [org.gradle.cache.internal.DefaultFileLockManager] Lock acquired on daemon addresses registry.
2025-12-03T23:14:46.485+0700 [DEBUG] [org.gradle.cache.internal.DefaultFileLockManager] Releasing lock on daemon addresses registry.
2025-12-03T23:14:48.057+0700 [DEBUG] [org.gradle.process.internal.health.memory.DefaultMemoryManager] 1894134579 virtual memory requested, 1872396288 free
2025-12-03T23:14:48.057+0700 [DEBUG] [org.gradle.workers.internal.WorkerDaemonExpiration] Will attempt to release 1806 of memory
2025-12-03T23:14:48.057+0700 [DEBUG] [org.gradle.process.internal.health.memory.DefaultMemoryManager] 1894134579 virtual memory requested, 0 released, 1872396288 free
2025-12-03T23:14:53.055+0700 [DEBUG] [org.gradle.process.internal.health.memory.DefaultMemoryManager] 1894134579 virtual memory requested, 1861005312 free
2025-12-03T23:14:53.056+0700 [DEBUG] [org.gradle.workers.internal.WorkerDaemonExpiration] Will attempt to release 1806 of memory
2025-12-03T23:14:53.056+0700 [DEBUG] [org.gradle.process.internal.health.memory.DefaultMemoryManager] 1894134579 virtual memory requested, 0 released, 1861005312 free
2025-12-03T23:14:56.483+0700 [DEBUG] [org.gradle.cache.internal.DefaultFileLockManager] Waiting to acquire shared lock on daemon addresses registry.
2025-12-03T23:14:56.483+0700 [DEBUG] [org.gradle.cache.internal.DefaultFileLockManager] Lock acquired on daemon addresses registry.
2025-12-03T23:14:56.483+0700 [DEBUG] [org.gradle.cache.internal.DefaultFileLockManager] Releasing lock on daemon addresses registry.
2025-12-03T23:14:56.484+0700 [DEBUG] [org.gradle.cache.internal.DefaultFileLockManager] Waiting to acquire shared lock on daemon addresses registry.
2025-12-03T23:14:56.484+0700 [DEBUG] [org.gradle.cache.internal.DefaultFileLockManager] Lock acquired on daemon addresses registry.
2025-12-03T23:14:56.484+0700 [DEBUG] [org.gradle.cache.internal.DefaultFileLockManager] Releasing lock on daemon addresses registry.
2025-12-03T23:14:56.484+0700 [DEBUG] [org.gradle.cache.internal.DefaultFileLockManager] Waiting to acquire shared lock on daemon addresses registry.
2025-12-03T23:14:56.485+0700 [DEBUG] [org.gradle.cache.internal.DefaultFileLockManager] Lock acquired on daemon addresses registry.
2025-12-03T23:14:56.485+0700 [DEBUG] [org.gradle.cache.internal.DefaultFileLockManager] Releasing lock on daemon addresses registry.
2025-12-03T23:14:58.055+0700 [DEBUG] [org.gradle.process.internal.health.memory.DefaultMemoryManager] 1894134579 virtual memory requested, 1867816960 free
2025-12-03T23:14:58.055+0700 [DEBUG] [org.gradle.workers.internal.WorkerDaemonExpiration] Will attempt to release 1806 of memory
2025-12-03T23:14:58.055+0700 [DEBUG] [org.gradle.process.internal.health.memory.DefaultMemoryManager] 1894134579 virtual memory requested, 0 released, 1867816960 free
2025-12-03T23:15:03.055+0700 [DEBUG] [org.gradle.process.internal.health.memory.DefaultMemoryManager] 1894134579 virtual memory requested, 1856729088 free
2025-12-03T23:15:03.055+0700 [DEBUG] [org.gradle.workers.internal.WorkerDaemonExpiration] Will attempt to release 1806 of memory
2025-12-03T23:15:03.055+0700 [DEBUG] [org.gradle.process.internal.health.memory.DefaultMemoryManager] 1894134579 virtual memory requested, 0 released, 1856729088 free
2025-12-03T23:15:06.483+0700 [DEBUG] [org.gradle.cache.internal.DefaultFileLockManager] Waiting to acquire shared lock on daemon addresses registry.
2025-12-03T23:15:06.483+0700 [DEBUG] [org.gradle.cache.internal.DefaultFileLockManager] Lock acquired on daemon addresses registry.
2025-12-03T23:15:06.483+0700 [DEBUG] [org.gradle.cache.internal.DefaultFileLockManager] Releasing lock on daemon addresses registry.
2025-12-03T23:15:06.484+0700 [DEBUG] [org.gradle.cache.internal.DefaultFileLockManager] Waiting to acquire shared lock on daemon addresses registry.
2025-12-03T23:15:06.484+0700 [DEBUG] [org.gradle.cache.internal.DefaultFileLockManager] Lock acquired on daemon addresses registry.
2025-12-03T23:15:06.485+0700 [DEBUG] [org.gradle.cache.internal.DefaultFileLockManager] Releasing lock on daemon addresses registry.
2025-12-03T23:15:06.485+0700 [DEBUG] [org.gradle.cache.internal.DefaultFileLockManager] Waiting to acquire shared lock on daemon addresses registry.
2025-12-03T23:15:06.485+0700 [DEBUG] [org.gradle.cache.internal.DefaultFileLockManager] Lock acquired on daemon addresses registry.
2025-12-03T23:15:06.485+0700 [DEBUG] [org.gradle.cache.internal.DefaultFileLockManager] Releasing lock on daemon addresses registry.
2025-12-03T23:15:16.483+0700 [DEBUG] [org.gradle.cache.internal.DefaultFileLockManager] Waiting to acquire shared lock on daemon addresses registry.
2025-12-03T23:15:16.483+0700 [DEBUG] [org.gradle.cache.internal.DefaultFileLockManager] Lock acquired on daemon addresses registry.
2025-12-03T23:15:16.483+0700 [DEBUG] [org.gradle.cache.internal.DefaultFileLockManager] Releasing lock on daemon addresses registry.
2025-12-03T23:15:16.483+0700 [DEBUG] [org.gradle.cache.internal.DefaultFileLockManager] Waiting to acquire shared lock on daemon addresses registry.
2025-12-03T23:15:16.484+0700 [DEBUG] [org.gradle.cache.internal.DefaultFileLockManager] Lock acquired on daemon addresses registry.
2025-12-03T23:15:16.484+0700 [DEBUG] [org.gradle.cache.internal.DefaultFileLockManager] Releasing lock on daemon addresses registry.
2025-12-03T23:15:16.484+0700 [DEBUG] [org.gradle.cache.internal.DefaultFileLockManager] Waiting to acquire shared lock on daemon addresses registry.
2025-12-03T23:15:16.484+0700 [DEBUG] [org.gradle.cache.internal.DefaultFileLockManager] Lock acquired on daemon addresses registry.
2025-12-03T23:15:16.484+0700 [DEBUG] [org.gradle.cache.internal.DefaultFileLockManager] Releasing lock on daemon addresses registry.
2025-12-03T23:15:18.055+0700 [DEBUG] [org.gradle.process.internal.health.memory.DefaultMemoryManager] 1894134579 virtual memory requested, 1777631232 free
2025-12-03T23:15:18.055+0700 [DEBUG] [org.gradle.workers.internal.WorkerDaemonExpiration] Will attempt to release 1806 of memory
2025-12-03T23:15:18.055+0700 [DEBUG] [org.gradle.process.internal.health.memory.DefaultMemoryManager] 1894134579 virtual memory requested, 0 released, 1777631232 free
2025-12-03T23:15:23.056+0700 [DEBUG] [org.gradle.process.internal.health.memory.DefaultMemoryManager] 1894134579 virtual memory requested, 1805684736 free
2025-12-03T23:15:23.056+0700 [DEBUG] [org.gradle.workers.internal.WorkerDaemonExpiration] Will attempt to release 1806 of memory
2025-12-03T23:15:23.056+0700 [DEBUG] [org.gradle.process.internal.health.memory.DefaultMemoryManager] 1894134579 virtual memory requested, 0 released, 1805684736 free
2025-12-03T23:15:26.482+0700 [DEBUG] [org.gradle.cache.internal.DefaultFileLockManager] Waiting to acquire shared lock on daemon addresses registry.
2025-12-03T23:15:26.482+0700 [DEBUG] [org.gradle.cache.internal.DefaultFileLockManager] Lock acquired on daemon addresses registry.
2025-12-03T23:15:26.482+0700 [DEBUG] [org.gradle.cache.internal.DefaultFileLockManager] Releasing lock on daemon addresses registry.
2025-12-03T23:15:26.483+0700 [DEBUG] [org.gradle.cache.internal.DefaultFileLockManager] Waiting to acquire shared lock on daemon addresses registry.
2025-12-03T23:15:26.483+0700 [DEBUG] [org.gradle.cache.internal.DefaultFileLockManager] Lock acquired on daemon addresses registry.
2025-12-03T23:15:26.483+0700 [DEBUG] [org.gradle.cache.internal.DefaultFileLockManager] Releasing lock on daemon addresses registry.
2025-12-03T23:15:26.484+0700 [DEBUG] [org.gradle.cache.internal.DefaultFileLockManager] Waiting to acquire shared lock on daemon addresses registry.
2025-12-03T23:15:26.484+0700 [DEBUG] [org.gradle.cache.internal.DefaultFileLockManager] Lock acquired on daemon addresses registry.
2025-12-03T23:15:26.484+0700 [DEBUG] [org.gradle.cache.internal.DefaultFileLockManager] Releasing lock on daemon addresses registry.
2025-12-03T23:15:28.055+0700 [DEBUG] [org.gradle.process.internal.health.memory.DefaultMemoryManager] 1894134579 virtual memory requested, 1778241536 free
2025-12-03T23:15:28.055+0700 [DEBUG] [org.gradle.workers.internal.WorkerDaemonExpiration] Will attempt to release 1806 of memory
2025-12-03T23:15:28.055+0700 [DEBUG] [org.gradle.process.internal.health.memory.DefaultMemoryManager] 1894134579 virtual memory requested, 0 released, 1778241536 free
2025-12-03T23:15:33.054+0700 [DEBUG] [org.gradle.process.internal.health.memory.DefaultMemoryManager] 1894134579 virtual memory requested, 1806585856 free
2025-12-03T23:15:33.055+0700 [DEBUG] [org.gradle.workers.internal.WorkerDaemonExpiration] Will attempt to release 1806 of memory
2025-12-03T23:15:33.055+0700 [DEBUG] [org.gradle.process.internal.health.memory.DefaultMemoryManager] 1894134579 virtual memory requested, 0 released, 1806585856 free
2025-12-03T23:15:36.483+0700 [DEBUG] [org.gradle.cache.internal.DefaultFileLockManager] Waiting to acquire shared lock on daemon addresses registry.
2025-12-03T23:15:36.483+0700 [DEBUG] [org.gradle.cache.internal.DefaultFileLockManager] Lock acquired on daemon addresses registry.
2025-12-03T23:15:36.483+0700 [DEBUG] [org.gradle.cache.internal.DefaultFileLockManager] Releasing lock on daemon addresses registry.
2025-12-03T23:15:36.483+0700 [DEBUG] [org.gradle.cache.internal.DefaultFileLockManager] Waiting to acquire shared lock on daemon addresses registry.
2025-12-03T23:15:36.484+0700 [DEBUG] [org.gradle.cache.internal.DefaultFileLockManager] Lock acquired on daemon addresses registry.
2025-12-03T23:15:36.484+0700 [DEBUG] [org.gradle.cache.internal.DefaultFileLockManager] Releasing lock on daemon addresses registry.
2025-12-03T23:15:36.484+0700 [DEBUG] [org.gradle.cache.internal.DefaultFileLockManager] Waiting to acquire shared lock on daemon addresses registry.
2025-12-03T23:15:36.484+0700 [DEBUG] [org.gradle.cache.internal.DefaultFileLockManager] Lock acquired on daemon addresses registry.
2025-12-03T23:15:36.484+0700 [DEBUG] [org.gradle.cache.internal.DefaultFileLockManager] Releasing lock on daemon addresses registry.
2025-12-03T23:15:38.055+0700 [DEBUG] [org.gradle.process.internal.health.memory.DefaultMemoryManager] 1894134579 virtual memory requested, 1793810432 free
2025-12-03T23:15:38.055+0700 [DEBUG] [org.gradle.workers.internal.WorkerDaemonExpiration] Will attempt to release 1806 of memory
2025-12-03T23:15:38.056+0700 [DEBUG] [org.gradle.process.internal.health.memory.DefaultMemoryManager] 1894134579 virtual memory requested, 0 released, 1793810432 free
2025-12-03T23:15:43.056+0700 [DEBUG] [org.gradle.process.internal.health.memory.DefaultMemoryManager] 1894134579 virtual memory requested, 1789005824 free
2025-12-03T23:15:43.056+0700 [DEBUG] [org.gradle.workers.internal.WorkerDaemonExpiration] Will attempt to release 1806 of memory
2025-12-03T23:15:43.056+0700 [DEBUG] [org.gradle.process.internal.health.memory.DefaultMemoryManager] 1894134579 virtual memory requested, 0 released, 1789005824 free
2025-12-03T23:15:46.483+0700 [DEBUG] [org.gradle.cache.internal.DefaultFileLockManager] Waiting to acquire shared lock on daemon addresses registry.
2025-12-03T23:15:46.483+0700 [DEBUG] [org.gradle.cache.internal.DefaultFileLockManager] Lock acquired on daemon addresses registry.
2025-12-03T23:15:46.483+0700 [DEBUG] [org.gradle.cache.internal.DefaultFileLockManager] Releasing lock on daemon addresses registry.
2025-12-03T23:15:46.484+0700 [DEBUG] [org.gradle.cache.internal.DefaultFileLockManager] Waiting to acquire shared lock on daemon addresses registry.
2025-12-03T23:15:46.484+0700 [DEBUG] [org.gradle.cache.internal.DefaultFileLockManager] Lock acquired on daemon addresses registry.
2025-12-03T23:15:46.484+0700 [DEBUG] [org.gradle.cache.internal.DefaultFileLockManager] Releasing lock on daemon addresses registry.
2025-12-03T23:15:46.485+0700 [DEBUG] [org.gradle.cache.internal.DefaultFileLockManager] Waiting to acquire shared lock on daemon addresses registry.
2025-12-03T23:15:46.485+0700 [DEBUG] [org.gradle.cache.internal.DefaultFileLockManager] Lock acquired on daemon addresses registry.
2025-12-03T23:15:46.485+0700 [DEBUG] [org.gradle.cache.internal.DefaultFileLockManager] Releasing lock on daemon addresses registry.
2025-12-03T23:15:53.055+0700 [DEBUG] [org.gradle.process.internal.health.memory.DefaultMemoryManager] 1894134579 virtual memory requested, 1714487296 free
2025-12-03T23:15:53.055+0700 [DEBUG] [org.gradle.workers.internal.WorkerDaemonExpiration] Will attempt to release 1806 of memory
2025-12-03T23:15:53.055+0700 [DEBUG] [org.gradle.process.internal.health.memory.DefaultMemoryManager] 1894134579 virtual memory requested, 0 released, 1714487296 free
2025-12-03T23:15:56.482+0700 [DEBUG] [org.gradle.cache.internal.DefaultFileLockManager] Waiting to acquire shared lock on daemon addresses registry.
2025-12-03T23:15:56.482+0700 [DEBUG] [org.gradle.cache.internal.DefaultFileLockManager] Lock acquired on daemon addresses registry.
2025-12-03T23:15:56.483+0700 [DEBUG] [org.gradle.cache.internal.DefaultFileLockManager] Releasing lock on daemon addresses registry.
2025-12-03T23:15:56.483+0700 [DEBUG] [org.gradle.cache.internal.DefaultFileLockManager] Waiting to acquire shared lock on daemon addresses registry.
2025-12-03T23:15:56.483+0700 [DEBUG] [org.gradle.cache.internal.DefaultFileLockManager] Lock acquired on daemon addresses registry.
2025-12-03T23:15:56.483+0700 [DEBUG] [org.gradle.cache.internal.DefaultFileLockManager] Releasing lock on daemon addresses registry.
2025-12-03T23:15:56.484+0700 [DEBUG] [org.gradle.cache.internal.DefaultFileLockManager] Waiting to acquire shared lock on daemon addresses registry.
2025-12-03T23:15:56.484+0700 [DEBUG] [org.gradle.cache.internal.DefaultFileLockManager] Lock acquired on daemon addresses registry.
2025-12-03T23:15:56.484+0700 [DEBUG] [org.gradle.cache.internal.DefaultFileLockManager] Releasing lock on daemon addresses registry.
2025-12-03T23:15:58.055+0700 [DEBUG] [org.gradle.process.internal.health.memory.DefaultMemoryManager] 1894134579 virtual memory requested, 1734881280 free
2025-12-03T23:15:58.055+0700 [DEBUG] [org.gradle.workers.internal.WorkerDaemonExpiration] Will attempt to release 1806 of memory
2025-12-03T23:15:58.055+0700 [DEBUG] [org.gradle.process.internal.health.memory.DefaultMemoryManager] 1894134579 virtual memory requested, 0 released, 1734881280 free
2025-12-03T23:16:03.054+0700 [DEBUG] [org.gradle.process.internal.health.memory.DefaultMemoryManager] 1894134579 virtual memory requested, 1736658944 free
2025-12-03T23:16:03.055+0700 [DEBUG] [org.gradle.workers.internal.WorkerDaemonExpiration] Will attempt to release 1806 of memory
2025-12-03T23:16:03.055+0700 [DEBUG] [org.gradle.process.internal.health.memory.DefaultMemoryManager] 1894134579 virtual memory requested, 0 released, 1736658944 free
2025-12-03T23:16:06.482+0700 [DEBUG] [org.gradle.cache.internal.DefaultFileLockManager] Waiting to acquire shared lock on daemon addresses registry.
2025-12-03T23:16:06.483+0700 [DEBUG] [org.gradle.cache.internal.DefaultFileLockManager] Lock acquired on daemon addresses registry.
2025-12-03T23:16:06.483+0700 [DEBUG] [org.gradle.cache.internal.DefaultFileLockManager] Releasing lock on daemon addresses registry.
2025-12-03T23:16:06.483+0700 [DEBUG] [org.gradle.cache.internal.DefaultFileLockManager] Waiting to acquire shared lock on daemon addresses registry.
2025-12-03T23:16:06.483+0700 [DEBUG] [org.gradle.cache.internal.DefaultFileLockManager] Lock acquired on daemon addresses registry.
2025-12-03T23:16:06.483+0700 [DEBUG] [org.gradle.cache.internal.DefaultFileLockManager] Releasing lock on daemon addresses registry.
2025-12-03T23:16:06.484+0700 [DEBUG] [org.gradle.cache.internal.DefaultFileLockManager] Waiting to acquire shared lock on daemon addresses registry.
2025-12-03T23:16:06.484+0700 [DEBUG] [org.gradle.cache.internal.DefaultFileLockManager] Lock acquired on daemon addresses registry.
2025-12-03T23:16:06.484+0700 [DEBUG] [org.gradle.cache.internal.DefaultFileLockManager] Releasing lock on daemon addresses registry.
2025-12-03T23:16:08.055+0700 [DEBUG] [org.gradle.process.internal.health.memory.DefaultMemoryManager] 1894134579 virtual memory requested, 1738235904 free
2025-12-03T23:16:08.055+0700 [DEBUG] [org.gradle.workers.internal.WorkerDaemonExpiration] Will attempt to release 1806 of memory
2025-12-03T23:16:08.055+0700 [DEBUG] [org.gradle.process.internal.health.memory.DefaultMemoryManager] 1894134579 virtual memory requested, 0 released, 1738235904 free
2025-12-03T23:16:13.056+0700 [DEBUG] [org.gradle.process.internal.health.memory.DefaultMemoryManager] 1894134579 virtual memory requested, 1746595840 free
2025-12-03T23:16:13.056+0700 [DEBUG] [org.gradle.workers.internal.WorkerDaemonExpiration] Will attempt to release 1806 of memory
2025-12-03T23:16:13.056+0700 [DEBUG] [org.gradle.process.internal.health.memory.DefaultMemoryManager] 1894134579 virtual memory requested, 0 released, 1746595840 free
2025-12-03T23:16:16.482+0700 [DEBUG] [org.gradle.cache.internal.DefaultFileLockManager] Waiting to acquire shared lock on daemon addresses registry.
2025-12-03T23:16:16.483+0700 [DEBUG] [org.gradle.cache.internal.DefaultFileLockManager] Lock acquired on daemon addresses registry.
2025-12-03T23:16:16.483+0700 [DEBUG] [org.gradle.cache.internal.DefaultFileLockManager] Releasing lock on daemon addresses registry.
2025-12-03T23:16:16.483+0700 [DEBUG] [org.gradle.cache.internal.DefaultFileLockManager] Waiting to acquire shared lock on daemon addresses registry.
2025-12-03T23:16:16.483+0700 [DEBUG] [org.gradle.cache.internal.DefaultFileLockManager] Lock acquired on daemon addresses registry.
2025-12-03T23:16:16.484+0700 [DEBUG] [org.gradle.cache.internal.DefaultFileLockManager] Releasing lock on daemon addresses registry.
2025-12-03T23:16:16.484+0700 [DEBUG] [org.gradle.cache.internal.DefaultFileLockManager] Waiting to acquire shared lock on daemon addresses registry.
2025-12-03T23:16:16.484+0700 [DEBUG] [org.gradle.cache.internal.DefaultFileLockManager] Lock acquired on daemon addresses registry.
2025-12-03T23:16:16.484+0700 [DEBUG] [org.gradle.cache.internal.DefaultFileLockManager] Releasing lock on daemon addresses registry.
2025-12-03T23:16:18.056+0700 [DEBUG] [org.gradle.process.internal.health.memory.DefaultMemoryManager] 1894134579 virtual memory requested, 1719676928 free
2025-12-03T23:16:18.056+0700 [DEBUG] [org.gradle.workers.internal.WorkerDaemonExpiration] Will attempt to release 1806 of memory
2025-12-03T23:16:18.056+0700 [DEBUG] [org.gradle.process.internal.health.memory.DefaultMemoryManager] 1894134579 virtual memory requested, 0 released, 1719676928 free
2025-12-03T23:16:23.056+0700 [DEBUG] [org.gradle.process.internal.health.memory.DefaultMemoryManager] 1894134579 virtual memory requested, 1747329024 free
2025-12-03T23:16:23.056+0700 [DEBUG] [org.gradle.workers.internal.WorkerDaemonExpiration] Will attempt to release 1806 of memory
2025-12-03T23:16:23.056+0700 [DEBUG] [org.gradle.process.internal.health.memory.DefaultMemoryManager] 1894134579 virtual memory requested, 0 released, 1747329024 free
2025-12-03T23:16:26.482+0700 [DEBUG] [org.gradle.cache.internal.DefaultFileLockManager] Waiting to acquire shared lock on daemon addresses registry.
2025-12-03T23:16:26.482+0700 [DEBUG] [org.gradle.cache.internal.DefaultFileLockManager] Lock acquired on daemon addresses registry.
2025-12-03T23:16:26.483+0700 [DEBUG] [org.gradle.cache.internal.DefaultFileLockManager] Releasing lock on daemon addresses registry.
2025-12-03T23:16:26.483+0700 [DEBUG] [org.gradle.cache.internal.DefaultFileLockManager] Waiting to acquire shared lock on daemon addresses registry.
2025-12-03T23:16:26.483+0700 [DEBUG] [org.gradle.cache.internal.DefaultFileLockManager] Lock acquired on daemon addresses registry.
2025-12-03T23:16:26.483+0700 [DEBUG] [org.gradle.cache.internal.DefaultFileLockManager] Releasing lock on daemon addresses registry.
2025-12-03T23:16:26.484+0700 [DEBUG] [org.gradle.cache.internal.DefaultFileLockManager] Waiting to acquire shared lock on daemon addresses registry.
2025-12-03T23:16:26.484+0700 [DEBUG] [org.gradle.cache.internal.DefaultFileLockManager] Lock acquired on daemon addresses registry.
2025-12-03T23:16:26.484+0700 [DEBUG] [org.gradle.cache.internal.DefaultFileLockManager] Releasing lock on daemon addresses registry.
2025-12-03T23:16:28.055+0700 [DEBUG] [org.gradle.process.internal.health.memory.DefaultMemoryManager] 1894134579 virtual memory requested, 1682403328 free
2025-12-03T23:16:28.055+0700 [DEBUG] [org.gradle.workers.internal.WorkerDaemonExpiration] Will attempt to release 1806 of memory
2025-12-03T23:16:28.055+0700 [DEBUG] [org.gradle.process.internal.health.memory.DefaultMemoryManager] 1894134579 virtual memory requested, 0 released, 1682403328 free
2025-12-03T23:16:33.056+0700 [DEBUG] [org.gradle.process.internal.health.memory.DefaultMemoryManager] 1894134579 virtual memory requested, 1683677184 free
2025-12-03T23:16:33.056+0700 [DEBUG] [org.gradle.workers.internal.WorkerDaemonExpiration] Will attempt to release 1806 of memory
2025-12-03T23:16:33.056+0700 [DEBUG] [org.gradle.process.internal.health.memory.DefaultMemoryManager] 1894134579 virtual memory requested, 0 released, 1683677184 free
2025-12-03T23:16:36.482+0700 [DEBUG] [org.gradle.cache.internal.DefaultFileLockManager] Waiting to acquire shared lock on daemon addresses registry.
2025-12-03T23:16:36.483+0700 [DEBUG] [org.gradle.cache.internal.DefaultFileLockManager] Lock acquired on daemon addresses registry.
2025-12-03T23:16:36.483+0700 [DEBUG] [org.gradle.cache.internal.DefaultFileLockManager] Releasing lock on daemon addresses registry.
2025-12-03T23:16:36.483+0700 [DEBUG] [org.gradle.cache.internal.DefaultFileLockManager] Waiting to acquire shared lock on daemon addresses registry.
2025-12-03T23:16:36.483+0700 [DEBUG] [org.gradle.cache.internal.DefaultFileLockManager] Lock acquired on daemon addresses registry.
2025-12-03T23:16:36.484+0700 [DEBUG] [org.gradle.cache.internal.DefaultFileLockManager] Releasing lock on daemon addresses registry.
2025-12-03T23:16:36.484+0700 [DEBUG] [org.gradle.cache.internal.DefaultFileLockManager] Waiting to acquire shared lock on daemon addresses registry.
2025-12-03T23:16:36.484+0700 [DEBUG] [org.gradle.cache.internal.DefaultFileLockManager] Lock acquired on daemon addresses registry.
2025-12-03T23:16:36.484+0700 [DEBUG] [org.gradle.cache.internal.DefaultFileLockManager] Releasing lock on daemon addresses registry.
2025-12-03T23:16:38.055+0700 [DEBUG] [org.gradle.process.internal.health.memory.DefaultMemoryManager] 1894134579 virtual memory requested, 1704357888 free
2025-12-03T23:16:38.055+0700 [DEBUG] [org.gradle.workers.internal.WorkerDaemonExpiration] Will attempt to release 1806 of memory
2025-12-03T23:16:38.055+0700 [DEBUG] [org.gradle.process.internal.health.memory.DefaultMemoryManager] 1894134579 virtual memory requested, 0 released, 1704357888 free
2025-12-03T23:16:43.056+0700 [DEBUG] [org.gradle.process.internal.health.memory.DefaultMemoryManager] 1894134579 virtual memory requested, 1679069184 free
2025-12-03T23:16:43.056+0700 [DEBUG] [org.gradle.workers.internal.WorkerDaemonExpiration] Will attempt to release 1806 of memory
2025-12-03T23:16:43.056+0700 [DEBUG] [org.gradle.process.internal.health.memory.DefaultMemoryManager] 1894134579 virtual memory requested, 0 released, 1679069184 free
2025-12-03T23:16:46.482+0700 [DEBUG] [org.gradle.cache.internal.DefaultFileLockManager] Waiting to acquire shared lock on daemon addresses registry.
2025-12-03T23:16:46.482+0700 [DEBUG] [org.gradle.cache.internal.DefaultFileLockManager] Lock acquired on daemon addresses registry.
2025-12-03T23:16:46.483+0700 [DEBUG] [org.gradle.cache.internal.DefaultFileLockManager] Releasing lock on daemon addresses registry.
2025-12-03T23:16:46.483+0700 [DEBUG] [org.gradle.cache.internal.DefaultFileLockManager] Waiting to acquire shared lock on daemon addresses registry.
2025-12-03T23:16:46.483+0700 [DEBUG] [org.gradle.cache.internal.DefaultFileLockManager] Lock acquired on daemon addresses registry.
2025-12-03T23:16:46.484+0700 [DEBUG] [org.gradle.cache.internal.DefaultFileLockManager] Releasing lock on daemon addresses registry.
2025-12-03T23:16:46.484+0700 [DEBUG] [org.gradle.cache.internal.DefaultFileLockManager] Waiting to acquire shared lock on daemon addresses registry.
2025-12-03T23:16:46.484+0700 [DEBUG] [org.gradle.cache.internal.DefaultFileLockManager] Lock acquired on daemon addresses registry.
2025-12-03T23:16:46.484+0700 [DEBUG] [org.gradle.cache.internal.DefaultFileLockManager] Releasing lock on daemon addresses registry.
2025-12-03T23:16:48.055+0700 [DEBUG] [org.gradle.process.internal.health.memory.DefaultMemoryManager] 1894134579 virtual memory requested, 1705238528 free
2025-12-03T23:16:48.055+0700 [DEBUG] [org.gradle.workers.internal.WorkerDaemonExpiration] Will attempt to release 1806 of memory
2025-12-03T23:16:48.055+0700 [DEBUG] [org.gradle.process.internal.health.memory.DefaultMemoryManager] 1894134579 virtual memory requested, 0 released, 1705238528 free
2025-12-03T23:16:53.056+0700 [DEBUG] [org.gradle.process.internal.health.memory.DefaultMemoryManager] 1894134579 virtual memory requested, 1693622272 free
2025-12-03T23:16:53.056+0700 [DEBUG] [org.gradle.workers.internal.WorkerDaemonExpiration] Will attempt to release 1806 of memory
2025-12-03T23:16:53.056+0700 [DEBUG] [org.gradle.process.internal.health.memory.DefaultMemoryManager] 1894134579 virtual memory requested, 0 released, 1693622272 free
2025-12-03T23:16:56.482+0700 [DEBUG] [org.gradle.cache.internal.DefaultFileLockManager] Waiting to acquire shared lock on daemon addresses registry.
2025-12-03T23:16:56.482+0700 [DEBUG] [org.gradle.cache.internal.DefaultFileLockManager] Lock acquired on daemon addresses registry.
2025-12-03T23:16:56.482+0700 [DEBUG] [org.gradle.cache.internal.DefaultFileLockManager] Releasing lock on daemon addresses registry.
2025-12-03T23:16:56.483+0700 [DEBUG] [org.gradle.cache.internal.DefaultFileLockManager] Waiting to acquire shared lock on daemon addresses registry.
2025-12-03T23:16:56.483+0700 [DEBUG] [org.gradle.cache.internal.DefaultFileLockManager] Lock acquired on daemon addresses registry.
2025-12-03T23:16:56.483+0700 [DEBUG] [org.gradle.cache.internal.DefaultFileLockManager] Releasing lock on daemon addresses registry.
2025-12-03T23:16:56.483+0700 [DEBUG] [org.gradle.cache.internal.DefaultFileLockManager] Waiting to acquire shared lock on daemon addresses registry.
2025-12-03T23:16:56.484+0700 [DEBUG] [org.gradle.cache.internal.DefaultFileLockManager] Lock acquired on daemon addresses registry.
2025-12-03T23:16:56.484+0700 [DEBUG] [org.gradle.cache.internal.DefaultFileLockManager] Releasing lock on daemon addresses registry.
2025-12-03T23:16:58.055+0700 [DEBUG] [org.gradle.process.internal.health.memory.DefaultMemoryManager] 1894134579 virtual memory requested, 1803939840 free
2025-12-03T23:16:58.055+0700 [DEBUG] [org.gradle.workers.internal.WorkerDaemonExpiration] Will attempt to release 1806 of memory
2025-12-03T23:16:58.055+0700 [DEBUG] [org.gradle.process.internal.health.memory.DefaultMemoryManager] 1894134579 virtual memory requested, 0 released, 1803939840 free
2025-12-03T23:17:03.056+0700 [DEBUG] [org.gradle.process.internal.health.memory.DefaultMemoryManager] 1894134579 virtual memory requested, 1645621248 free
2025-12-03T23:17:03.056+0700 [DEBUG] [org.gradle.workers.internal.WorkerDaemonExpiration] Will attempt to release 1806 of memory
2025-12-03T23:17:03.057+0700 [DEBUG] [org.gradle.process.internal.health.memory.DefaultMemoryManager] 1894134579 virtual memory requested, 0 released, 1645621248 free
2025-12-03T23:17:06.482+0700 [DEBUG] [org.gradle.cache.internal.DefaultFileLockManager] Waiting to acquire shared lock on daemon addresses registry.
2025-12-03T23:17:06.482+0700 [DEBUG] [org.gradle.cache.internal.DefaultFileLockManager] Lock acquired on daemon addresses registry.
2025-12-03T23:17:06.483+0700 [DEBUG] [org.gradle.cache.internal.DefaultFileLockManager] Releasing lock on daemon addresses registry.
2025-12-03T23:17:06.483+0700 [DEBUG] [org.gradle.cache.internal.DefaultFileLockManager] Waiting to acquire shared lock on daemon addresses registry.
2025-12-03T23:17:06.483+0700 [DEBUG] [org.gradle.cache.internal.DefaultFileLockManager] Lock acquired on daemon addresses registry.
2025-12-03T23:17:06.483+0700 [DEBUG] [org.gradle.cache.internal.DefaultFileLockManager] Releasing lock on daemon addresses registry.
2025-12-03T23:17:06.484+0700 [DEBUG] [org.gradle.cache.internal.DefaultFileLockManager] Waiting to acquire shared lock on daemon addresses registry.
2025-12-03T23:17:06.484+0700 [DEBUG] [org.gradle.cache.internal.DefaultFileLockManager] Lock acquired on daemon addresses registry.
2025-12-03T23:17:06.484+0700 [DEBUG] [org.gradle.cache.internal.DefaultFileLockManager] Releasing lock on daemon addresses registry.
2025-12-03T23:17:08.055+0700 [DEBUG] [org.gradle.process.internal.health.memory.DefaultMemoryManager] 1894134579 virtual memory requested, 1591627776 free
2025-12-03T23:17:08.055+0700 [DEBUG] [org.gradle.workers.internal.WorkerDaemonExpiration] Will attempt to release 1806 of memory
2025-12-03T23:17:08.055+0700 [DEBUG] [org.gradle.process.internal.health.memory.DefaultMemoryManager] 1894134579 virtual memory requested, 0 released, 1591627776 free
2025-12-03T23:17:13.055+0700 [DEBUG] [org.gradle.process.internal.health.memory.DefaultMemoryManager] 1894134579 virtual memory requested, 1592442880 free
2025-12-03T23:17:13.055+0700 [DEBUG] [org.gradle.workers.internal.WorkerDaemonExpiration] Will attempt to release 1806 of memory
2025-12-03T23:17:13.055+0700 [DEBUG] [org.gradle.process.internal.health.memory.DefaultMemoryManager] 1894134579 virtual memory requested, 0 released, 1592442880 free
2025-12-03T23:17:16.482+0700 [DEBUG] [org.gradle.cache.internal.DefaultFileLockManager] Waiting to acquire shared lock on daemon addresses registry.
2025-12-03T23:17:16.482+0700 [DEBUG] [org.gradle.cache.internal.DefaultFileLockManager] Lock acquired on daemon addresses registry.
2025-12-03T23:17:16.482+0700 [DEBUG] [org.gradle.cache.internal.DefaultFileLockManager] Releasing lock on daemon addresses registry.
2025-12-03T23:17:16.483+0700 [DEBUG] [org.gradle.cache.internal.DefaultFileLockManager] Waiting to acquire shared lock on daemon addresses registry.
2025-12-03T23:17:16.483+0700 [DEBUG] [org.gradle.cache.internal.DefaultFileLockManager] Lock acquired on daemon addresses registry.
2025-12-03T23:17:16.483+0700 [DEBUG] [org.gradle.cache.internal.DefaultFileLockManager] Releasing lock on daemon addresses registry.
2025-12-03T23:17:16.484+0700 [DEBUG] [org.gradle.cache.internal.DefaultFileLockManager] Waiting to acquire shared lock on daemon addresses registry.
2025-12-03T23:17:16.484+0700 [DEBUG] [org.gradle.cache.internal.DefaultFileLockManager] Lock acquired on daemon addresses registry.
2025-12-03T23:17:16.484+0700 [DEBUG] [org.gradle.cache.internal.DefaultFileLockManager] Releasing lock on daemon addresses registry.
2025-12-03T23:17:17.444+0700 [DEBUG] [sun.rmi.transport.tcp] RMI TCP Connection(6)-127.0.0.1: accepted socket from [127.0.0.1:56278]
2025-12-03T23:17:17.468+0700 [DEBUG] [sun.rmi.transport.tcp] RMI TCP Connection(6)-127.0.0.1: (port 54599) op = 80
2025-12-03T23:17:17.476+0700 [DEBUG] [sun.rmi.loader] RMI TCP Connection(6)-127.0.0.1: name = "[Ljava.rmi.server.ObjID;", codebase = "", defaultLoader = jdk.internal.loader.ClassLoaders$PlatformClassLoader@13701091
2025-12-03T23:17:17.477+0700 [DEBUG] [sun.rmi.loader] RMI TCP Connection(6)-127.0.0.1: name = "java.rmi.dgc.Lease", codebase = "", defaultLoader = jdk.internal.loader.ClassLoaders$PlatformClassLoader@13701091
2025-12-03T23:17:17.478+0700 [DEBUG] [sun.rmi.loader] RMI TCP Connection(6)-127.0.0.1: name = "java.rmi.dgc.VMID", codebase = "", defaultLoader = jdk.internal.loader.ClassLoaders$PlatformClassLoader@13701091
2025-12-03T23:17:17.478+0700 [DEBUG] [sun.rmi.loader] RMI TCP Connection(6)-127.0.0.1: name = "[B", codebase = "", defaultLoader = jdk.internal.loader.ClassLoaders$PlatformClassLoader@13701091
2025-12-03T23:17:17.479+0700 [DEBUG] [sun.rmi.loader] RMI TCP Connection(6)-127.0.0.1: name = "java.rmi.server.UID", codebase = "", defaultLoader = jdk.internal.loader.ClassLoaders$PlatformClassLoader@13701091
2025-12-03T23:17:18.056+0700 [DEBUG] [org.gradle.process.internal.health.memory.DefaultMemoryManager] 1894134579 virtual memory requested, 1610289152 free
2025-12-03T23:17:18.056+0700 [DEBUG] [org.gradle.workers.internal.WorkerDaemonExpiration] Will attempt to release 1806 of memory
2025-12-03T23:17:18.056+0700 [DEBUG] [org.gradle.process.internal.health.memory.DefaultMemoryManager] 1894134579 virtual memory requested, 0 released, 1610289152 free
2025-12-03T23:17:23.055+0700 [DEBUG] [org.gradle.process.internal.health.memory.DefaultMemoryManager] 1894134579 virtual memory requested, 1601216512 free
2025-12-03T23:17:23.055+0700 [DEBUG] [org.gradle.workers.internal.WorkerDaemonExpiration] Will attempt to release 1806 of memory
2025-12-03T23:17:23.055+0700 [DEBUG] [org.gradle.process.internal.health.memory.DefaultMemoryManager] 1894134579 virtual memory requested, 0 released, 1601216512 free
2025-12-03T23:17:26.483+0700 [DEBUG] [org.gradle.cache.internal.DefaultFileLockManager] Waiting to acquire shared lock on daemon addresses registry.
2025-12-03T23:17:26.483+0700 [DEBUG] [org.gradle.cache.internal.DefaultFileLockManager] Lock acquired on daemon addresses registry.
2025-12-03T23:17:26.483+0700 [DEBUG] [org.gradle.cache.internal.DefaultFileLockManager] Releasing lock on daemon addresses registry.
2025-12-03T23:17:26.483+0700 [DEBUG] [org.gradle.cache.internal.DefaultFileLockManager] Waiting to acquire shared lock on daemon addresses registry.
2025-12-03T23:17:26.483+0700 [DEBUG] [org.gradle.cache.internal.DefaultFileLockManager] Lock acquired on daemon addresses registry.
2025-12-03T23:17:26.484+0700 [DEBUG] [org.gradle.cache.internal.DefaultFileLockManager] Releasing lock on daemon addresses registry.
2025-12-03T23:17:26.484+0700 [DEBUG] [org.gradle.cache.internal.DefaultFileLockManager] Waiting to acquire shared lock on daemon addresses registry.
2025-12-03T23:17:26.484+0700 [DEBUG] [org.gradle.cache.internal.DefaultFileLockManager] Lock acquired on daemon addresses registry.
2025-12-03T23:17:26.484+0700 [DEBUG] [org.gradle.cache.internal.DefaultFileLockManager] Releasing lock on daemon addresses registry.
2025-12-03T23:17:28.055+0700 [DEBUG] [org.gradle.process.internal.health.memory.DefaultMemoryManager] 1894134579 virtual memory requested, 1610297344 free
2025-12-03T23:17:28.056+0700 [DEBUG] [org.gradle.workers.internal.WorkerDaemonExpiration] Will attempt to release 1806 of memory
2025-12-03T23:17:28.056+0700 [DEBUG] [org.gradle.process.internal.health.memory.DefaultMemoryManager] 1894134579 virtual memory requested, 0 released, 1610297344 free
2025-12-03T23:17:32.487+0700 [DEBUG] [sun.rmi.transport.tcp] RMI TCP Connection(6)-127.0.0.1: (port 54599) connection closed
2025-12-03T23:17:32.487+0700 [DEBUG] [sun.rmi.transport.tcp] RMI TCP Connection(6)-127.0.0.1: close connection, socket: Socket[addr=/127.0.0.1,port=56278,localport=54599]
2025-12-03T23:17:32.487+0700 [DEBUG] [sun.rmi.transport.tcp] RMI TCP Connection(6)-127.0.0.1: socket close: Socket[addr=/127.0.0.1,port=56278,localport=54599]
2025-12-03T23:17:33.054+0700 [DEBUG] [org.gradle.process.internal.health.memory.DefaultMemoryManager] 1894134579 virtual memory requested, 1634975744 free
2025-12-03T23:17:33.054+0700 [DEBUG] [org.gradle.workers.internal.WorkerDaemonExpiration] Will attempt to release 1806 of memory
2025-12-03T23:17:33.054+0700 [DEBUG] [org.gradle.process.internal.health.memory.DefaultMemoryManager] 1894134579 virtual memory requested, 0 released, 1634975744 free
2025-12-03T23:17:36.482+0700 [DEBUG] [org.gradle.cache.internal.DefaultFileLockManager] Waiting to acquire shared lock on daemon addresses registry.
2025-12-03T23:17:36.482+0700 [DEBUG] [org.gradle.cache.internal.DefaultFileLockManager] Lock acquired on daemon addresses registry.
2025-12-03T23:17:36.482+0700 [DEBUG] [org.gradle.cache.internal.DefaultFileLockManager] Releasing lock on daemon addresses registry.
2025-12-03T23:17:36.483+0700 [DEBUG] [org.gradle.cache.internal.DefaultFileLockManager] Waiting to acquire shared lock on daemon addresses registry.
2025-12-03T23:17:36.483+0700 [DEBUG] [org.gradle.cache.internal.DefaultFileLockManager] Lock acquired on daemon addresses registry.
2025-12-03T23:17:36.483+0700 [DEBUG] [org.gradle.cache.internal.DefaultFileLockManager] Releasing lock on daemon addresses registry.
2025-12-03T23:17:36.483+0700 [DEBUG] [org.gradle.cache.internal.DefaultFileLockManager] Waiting to acquire shared lock on daemon addresses registry.
2025-12-03T23:17:36.483+0700 [DEBUG] [org.gradle.cache.internal.DefaultFileLockManager] Lock acquired on daemon addresses registry.
2025-12-03T23:17:36.484+0700 [DEBUG] [org.gradle.cache.internal.DefaultFileLockManager] Releasing lock on daemon addresses registry.
2025-12-03T23:17:38.056+0700 [DEBUG] [org.gradle.process.internal.health.memory.DefaultMemoryManager] 1894134579 virtual memory requested, 1638789120 free
2025-12-03T23:17:38.056+0700 [DEBUG] [org.gradle.workers.internal.WorkerDaemonExpiration] Will attempt to release 1806 of memory
2025-12-03T23:17:38.056+0700 [DEBUG] [org.gradle.process.internal.health.memory.DefaultMemoryManager] 1894134579 virtual memory requested, 0 released, 1638789120 free
2025-12-03T23:17:43.055+0700 [DEBUG] [org.gradle.process.internal.health.memory.DefaultMemoryManager] 1894134579 virtual memory requested, 1636618240 free
2025-12-03T23:17:43.055+0700 [DEBUG] [org.gradle.workers.internal.WorkerDaemonExpiration] Will attempt to release 1806 of memory
2025-12-03T23:17:43.055+0700 [DEBUG] [org.gradle.process.internal.health.memory.DefaultMemoryManager] 1894134579 virtual memory requested, 0 released, 1636618240 free
2025-12-03T23:17:46.483+0700 [DEBUG] [org.gradle.cache.internal.DefaultFileLockManager] Waiting to acquire shared lock on daemon addresses registry.
2025-12-03T23:17:46.483+0700 [DEBUG] [org.gradle.cache.internal.DefaultFileLockManager] Lock acquired on daemon addresses registry.
2025-12-03T23:17:46.483+0700 [DEBUG] [org.gradle.cache.internal.DefaultFileLockManager] Releasing lock on daemon addresses registry.
2025-12-03T23:17:46.484+0700 [DEBUG] [org.gradle.cache.internal.DefaultFileLockManager] Waiting to acquire shared lock on daemon addresses registry.
2025-12-03T23:17:46.484+0700 [DEBUG] [org.gradle.cache.internal.DefaultFileLockManager] Lock acquired on daemon addresses registry.
2025-12-03T23:17:46.484+0700 [DEBUG] [org.gradle.cache.internal.DefaultFileLockManager] Releasing lock on daemon addresses registry.
2025-12-03T23:17:46.485+0700 [DEBUG] [org.gradle.cache.internal.DefaultFileLockManager] Waiting to acquire shared lock on daemon addresses registry.
2025-12-03T23:17:46.485+0700 [DEBUG] [org.gradle.cache.internal.DefaultFileLockManager] Lock acquired on daemon addresses registry.
2025-12-03T23:17:46.485+0700 [DEBUG] [org.gradle.cache.internal.DefaultFileLockManager] Releasing lock on daemon addresses registry.
2025-12-03T23:17:48.055+0700 [DEBUG] [org.gradle.process.internal.health.memory.DefaultMemoryManager] 1894134579 virtual memory requested, 1627566080 free
2025-12-03T23:17:48.055+0700 [DEBUG] [org.gradle.workers.internal.WorkerDaemonExpiration] Will attempt to release 1806 of memory
2025-12-03T23:17:48.055+0700 [DEBUG] [org.gradle.process.internal.health.memory.DefaultMemoryManager] 1894134579 virtual memory requested, 0 released, 1627566080 free
2025-12-03T23:17:53.055+0700 [DEBUG] [org.gradle.process.internal.health.memory.DefaultMemoryManager] 1894134579 virtual memory requested, 1629765632 free
2025-12-03T23:17:53.056+0700 [DEBUG] [org.gradle.workers.internal.WorkerDaemonExpiration] Will attempt to release 1806 of memory
2025-12-03T23:17:53.056+0700 [DEBUG] [org.gradle.process.internal.health.memory.DefaultMemoryManager] 1894134579 virtual memory requested, 0 released, 1629765632 free
2025-12-03T23:17:56.482+0700 [DEBUG] [org.gradle.cache.internal.DefaultFileLockManager] Waiting to acquire shared lock on daemon addresses registry.
2025-12-03T23:17:56.482+0700 [DEBUG] [org.gradle.cache.internal.DefaultFileLockManager] Lock acquired on daemon addresses registry.
2025-12-03T23:17:56.483+0700 [DEBUG] [org.gradle.cache.internal.DefaultFileLockManager] Releasing lock on daemon addresses registry.
2025-12-03T23:17:56.483+0700 [DEBUG] [org.gradle.cache.internal.DefaultFileLockManager] Waiting to acquire shared lock on daemon addresses registry.
2025-12-03T23:17:56.483+0700 [DEBUG] [org.gradle.cache.internal.DefaultFileLockManager] Lock acquired on daemon addresses registry.
2025-12-03T23:17:56.483+0700 [DEBUG] [org.gradle.cache.internal.DefaultFileLockManager] Releasing lock on daemon addresses registry.
2025-12-03T23:17:56.484+0700 [DEBUG] [org.gradle.cache.internal.DefaultFileLockManager] Waiting to acquire shared lock on daemon addresses registry.
2025-12-03T23:17:56.484+0700 [DEBUG] [org.gradle.cache.internal.DefaultFileLockManager] Lock acquired on daemon addresses registry.
2025-12-03T23:17:56.484+0700 [DEBUG] [org.gradle.cache.internal.DefaultFileLockManager] Releasing lock on daemon addresses registry.
2025-12-03T23:17:58.055+0700 [DEBUG] [org.gradle.process.internal.health.memory.DefaultMemoryManager] 1894134579 virtual memory requested, 1618903040 free
2025-12-03T23:17:58.055+0700 [DEBUG] [org.gradle.workers.internal.WorkerDaemonExpiration] Will attempt to release 1806 of memory
2025-12-03T23:17:58.055+0700 [DEBUG] [org.gradle.process.internal.health.memory.DefaultMemoryManager] 1894134579 virtual memory requested, 0 released, 1618903040 free
2025-12-03T23:18:03.055+0700 [DEBUG] [org.gradle.process.internal.health.memory.DefaultMemoryManager] 1894134579 virtual memory requested, 1607872512 free
2025-12-03T23:18:03.055+0700 [DEBUG] [org.gradle.workers.internal.WorkerDaemonExpiration] Will attempt to release 1806 of memory
2025-12-03T23:18:03.055+0700 [DEBUG] [org.gradle.process.internal.health.memory.DefaultMemoryManager] 1894134579 virtual memory requested, 0 released, 1607872512 free
2025-12-03T23:18:06.482+0700 [DEBUG] [org.gradle.cache.internal.DefaultFileLockManager] Waiting to acquire shared lock on daemon addresses registry.
2025-12-03T23:18:06.482+0700 [DEBUG] [org.gradle.cache.internal.DefaultFileLockManager] Lock acquired on daemon addresses registry.
2025-12-03T23:18:06.482+0700 [DEBUG] [org.gradle.cache.internal.DefaultFileLockManager] Releasing lock on daemon addresses registry.
2025-12-03T23:18:06.483+0700 [DEBUG] [org.gradle.cache.internal.DefaultFileLockManager] Waiting to acquire shared lock on daemon addresses registry.
2025-12-03T23:18:06.483+0700 [DEBUG] [org.gradle.cache.internal.DefaultFileLockManager] Lock acquired on daemon addresses registry.
2025-12-03T23:18:06.483+0700 [DEBUG] [org.gradle.cache.internal.DefaultFileLockManager] Releasing lock on daemon addresses registry.
2025-12-03T23:18:06.483+0700 [DEBUG] [org.gradle.cache.internal.DefaultFileLockManager] Waiting to acquire shared lock on daemon addresses registry.
2025-12-03T23:18:06.484+0700 [DEBUG] [org.gradle.cache.internal.DefaultFileLockManager] Lock acquired on daemon addresses registry.
2025-12-03T23:18:06.484+0700 [DEBUG] [org.gradle.cache.internal.DefaultFileLockManager] Releasing lock on daemon addresses registry.
2025-12-03T23:18:08.055+0700 [DEBUG] [org.gradle.process.internal.health.memory.DefaultMemoryManager] 1894134579 virtual memory requested, 1637167104 free
2025-12-03T23:18:08.055+0700 [DEBUG] [org.gradle.workers.internal.WorkerDaemonExpiration] Will attempt to release 1806 of memory
2025-12-03T23:18:08.055+0700 [DEBUG] [org.gradle.process.internal.health.memory.DefaultMemoryManager] 1894134579 virtual memory requested, 0 released, 1637167104 free
2025-12-03T23:18:13.055+0700 [DEBUG] [org.gradle.process.internal.health.memory.DefaultMemoryManager] 1894134579 virtual memory requested, 1627889664 free
2025-12-03T23:18:13.055+0700 [DEBUG] [org.gradle.workers.internal.WorkerDaemonExpiration] Will attempt to release 1806 of memory
2025-12-03T23:18:13.055+0700 [DEBUG] [org.gradle.process.internal.health.memory.DefaultMemoryManager] 1894134579 virtual memory requested, 0 released, 1627889664 free
2025-12-03T23:18:16.483+0700 [DEBUG] [org.gradle.cache.internal.DefaultFileLockManager] Waiting to acquire shared lock on daemon addresses registry.
2025-12-03T23:18:16.483+0700 [DEBUG] [org.gradle.cache.internal.DefaultFileLockManager] Lock acquired on daemon addresses registry.
2025-12-03T23:18:16.483+0700 [DEBUG] [org.gradle.cache.internal.DefaultFileLockManager] Releasing lock on daemon addresses registry.
2025-12-03T23:18:16.484+0700 [DEBUG] [org.gradle.cache.internal.DefaultFileLockManager] Waiting to acquire shared lock on daemon addresses registry.
2025-12-03T23:18:16.484+0700 [DEBUG] [org.gradle.cache.internal.DefaultFileLockManager] Lock acquired on daemon addresses registry.
2025-12-03T23:18:16.484+0700 [DEBUG] [org.gradle.cache.internal.DefaultFileLockManager] Releasing lock on daemon addresses registry.
2025-12-03T23:18:16.485+0700 [DEBUG] [org.gradle.cache.internal.DefaultFileLockManager] Waiting to acquire shared lock on daemon addresses registry.
2025-12-03T23:18:16.485+0700 [DEBUG] [org.gradle.cache.internal.DefaultFileLockManager] Lock acquired on daemon addresses registry.
2025-12-03T23:18:16.485+0700 [DEBUG] [org.gradle.cache.internal.DefaultFileLockManager] Releasing lock on daemon addresses registry.
2025-12-03T23:18:18.056+0700 [DEBUG] [org.gradle.process.internal.health.memory.DefaultMemoryManager] 1894134579 virtual memory requested, 1635160064 free
2025-12-03T23:18:18.056+0700 [DEBUG] [org.gradle.workers.internal.WorkerDaemonExpiration] Will attempt to release 1806 of memory
2025-12-03T23:18:18.056+0700 [DEBUG] [org.gradle.process.internal.health.memory.DefaultMemoryManager] 1894134579 virtual memory requested, 0 released, 1635160064 free
2025-12-03T23:18:23.055+0700 [DEBUG] [org.gradle.process.internal.health.memory.DefaultMemoryManager] 1894134579 virtual memory requested, 1636655104 free
2025-12-03T23:18:23.056+0700 [DEBUG] [org.gradle.workers.internal.WorkerDaemonExpiration] Will attempt to release 1806 of memory
2025-12-03T23:18:23.056+0700 [DEBUG] [org.gradle.process.internal.health.memory.DefaultMemoryManager] 1894134579 virtual memory requested, 0 released, 1636655104 free
2025-12-03T23:18:26.482+0700 [DEBUG] [org.gradle.cache.internal.DefaultFileLockManager] Waiting to acquire shared lock on daemon addresses registry.
2025-12-03T23:18:26.483+0700 [DEBUG] [org.gradle.cache.internal.DefaultFileLockManager] Lock acquired on daemon addresses registry.
2025-12-03T23:18:26.483+0700 [DEBUG] [org.gradle.cache.internal.DefaultFileLockManager] Releasing lock on daemon addresses registry.
2025-12-03T23:18:26.483+0700 [DEBUG] [org.gradle.cache.internal.DefaultFileLockManager] Waiting to acquire shared lock on daemon addresses registry.
2025-12-03T23:18:26.483+0700 [DEBUG] [org.gradle.cache.internal.DefaultFileLockManager] Lock acquired on daemon addresses registry.
2025-12-03T23:18:26.484+0700 [DEBUG] [org.gradle.cache.internal.DefaultFileLockManager] Releasing lock on daemon addresses registry.
2025-12-03T23:18:26.484+0700 [DEBUG] [org.gradle.cache.internal.DefaultFileLockManager] Waiting to acquire shared lock on daemon addresses registry.
2025-12-03T23:18:26.484+0700 [DEBUG] [org.gradle.cache.internal.DefaultFileLockManager] Lock acquired on daemon addresses registry.
2025-12-03T23:18:26.484+0700 [DEBUG] [org.gradle.cache.internal.DefaultFileLockManager] Releasing lock on daemon addresses registry.
2025-12-03T23:18:28.055+0700 [DEBUG] [org.gradle.process.internal.health.memory.DefaultMemoryManager] 1894134579 virtual memory requested, 1772527616 free
2025-12-03T23:18:28.055+0700 [DEBUG] [org.gradle.workers.internal.WorkerDaemonExpiration] Will attempt to release 1806 of memory
2025-12-03T23:18:28.055+0700 [DEBUG] [org.gradle.process.internal.health.memory.DefaultMemoryManager] 1894134579 virtual memory requested, 0 released, 1772527616 free
2025-12-03T23:18:33.055+0700 [DEBUG] [org.gradle.process.internal.health.memory.DefaultMemoryManager] 1894134579 virtual memory requested, 1772171264 free
2025-12-03T23:18:33.055+0700 [DEBUG] [org.gradle.workers.internal.WorkerDaemonExpiration] Will attempt to release 1806 of memory
2025-12-03T23:18:33.055+0700 [DEBUG] [org.gradle.process.internal.health.memory.DefaultMemoryManager] 1894134579 virtual memory requested, 0 released, 1772171264 free
2025-12-03T23:18:36.483+0700 [DEBUG] [org.gradle.cache.internal.DefaultFileLockManager] Waiting to acquire shared lock on daemon addresses registry.
2025-12-03T23:18:36.483+0700 [DEBUG] [org.gradle.cache.internal.DefaultFileLockManager] Lock acquired on daemon addresses registry.
2025-12-03T23:18:36.483+0700 [DEBUG] [org.gradle.cache.internal.DefaultFileLockManager] Releasing lock on daemon addresses registry.
2025-12-03T23:18:36.483+0700 [DEBUG] [org.gradle.cache.internal.DefaultFileLockManager] Waiting to acquire shared lock on daemon addresses registry.
2025-12-03T23:18:36.484+0700 [DEBUG] [org.gradle.cache.internal.DefaultFileLockManager] Lock acquired on daemon addresses registry.
2025-12-03T23:18:36.484+0700 [DEBUG] [org.gradle.cache.internal.DefaultFileLockManager] Releasing lock on daemon addresses registry.
2025-12-03T23:18:36.484+0700 [DEBUG] [org.gradle.cache.internal.DefaultFileLockManager] Waiting to acquire shared lock on daemon addresses registry.
2025-12-03T23:18:36.484+0700 [DEBUG] [org.gradle.cache.internal.DefaultFileLockManager] Lock acquired on daemon addresses registry.
2025-12-03T23:18:36.484+0700 [DEBUG] [org.gradle.cache.internal.DefaultFileLockManager] Releasing lock on daemon addresses registry.
2025-12-03T23:18:38.055+0700 [DEBUG] [org.gradle.process.internal.health.memory.DefaultMemoryManager] 1894134579 virtual memory requested, 1772707840 free
2025-12-03T23:18:38.055+0700 [DEBUG] [org.gradle.workers.internal.WorkerDaemonExpiration] Will attempt to release 1806 of memory
2025-12-03T23:18:38.055+0700 [DEBUG] [org.gradle.process.internal.health.memory.DefaultMemoryManager] 1894134579 virtual memory requested, 0 released, 1772707840 free
2025-12-03T23:18:40.032+0700 [DEBUG] [org.gradle.internal.watch.vfs.impl.WatchingVirtualFileSystem] Handling VFS change CREATED D:\RemoteLamp\app\src\main\java\com\remotelamp\app\EnhancedConnectScreen.kt~
2025-12-03T23:18:40.046+0700 [DEBUG] [org.gradle.internal.watch.vfs.impl.WatchingVirtualFileSystem] Handling VFS change MODIFIED D:\RemoteLamp\app\src\main\java\com\remotelamp\app\EnhancedConnectScreen.kt
2025-12-03T23:18:40.046+0700 [DEBUG] [org.gradle.internal.watch.vfs.impl.WatchingVirtualFileSystem] Handling VFS change MODIFIED D:\RemoteLamp\app\src\main\java\com\remotelamp\app\MainActivityEnhanced.kt
2025-12-03T23:18:40.051+0700 [DEBUG] [org.gradle.internal.watch.vfs.impl.WatchingVirtualFileSystem] Handling VFS change MODIFIED D:\RemoteLamp\app\src\main\java\com\remotelamp\app\UltraModernConnectScreen.kt
2025-12-03T23:18:40.061+0700 [DEBUG] [org.gradle.internal.watch.vfs.impl.WatchingVirtualFileSystem] Handling VFS change MODIFIED D:\RemoteLamp\app\src\main\java\com\remotelamp\app\EnhancedControlScreen.kt
2025-12-03T23:18:40.121+0700 [DEBUG] [org.gradle.internal.remote.internal.inet.TcpIncomingConnector] Accepted connection from /127.0.0.1:56280 to /127.0.0.1:54574.
2025-12-03T23:18:40.139+0700 [DEBUG] [org.gradle.launcher.daemon.server.SynchronizedDispatchConnection] thread 533: received class org.gradle.launcher.daemon.protocol.Build
2025-12-03T23:18:40.139+0700 [DEBUG] [org.gradle.launcher.daemon.server.DefaultDaemonConnection] thread 533: Received non-IO message from client: Build{id=3fd80ffc-8859-4c8a-80d0-bebd040ae5ca, currentDir=D:\RemoteLamp}
2025-12-03T23:18:40.139+0700 [INFO] [org.gradle.launcher.daemon.server.DefaultIncomingConnectionHandler] Received command: Build{id=3fd80ffc-8859-4c8a-80d0-bebd040ae5ca, currentDir=D:\RemoteLamp}.
2025-12-03T23:18:40.139+0700 [DEBUG] [org.gradle.launcher.daemon.server.DefaultIncomingConnectionHandler] Starting executing command: Build{id=3fd80ffc-8859-4c8a-80d0-bebd040ae5ca, currentDir=D:\RemoteLamp} with connection: socket connection from /127.0.0.1:54574 to /127.0.0.1:56280.
2025-12-03T23:18:40.140+0700 [DEBUG] [org.gradle.launcher.daemon.server.DaemonStateCoordinator] Command execution: started DaemonCommandExecution[command = Build{id=3fd80ffc-8859-4c8a-80d0-bebd040ae5ca, currentDir=D:\RemoteLamp}, connection = DefaultDaemonConnection: socket connection from /127.0.0.1:54574 to /127.0.0.1:56280] after 5.91195 minutes of idle
2025-12-03T23:18:40.141+0700 [INFO] [org.gradle.launcher.daemon.server.DaemonRegistryUpdater] Marking the daemon as busy, address: [7714e9e6-fef7-4d31-a1e2-ebb0d063ec69 port:54574, addresses:[localhost/127.0.0.1]]
2025-12-03T23:18:40.141+0700 [DEBUG] [org.gradle.launcher.daemon.registry.PersistentDaemonRegistry] Marking busy by address: [7714e9e6-fef7-4d31-a1e2-ebb0d063ec69 port:54574, addresses:[localhost/127.0.0.1]]
2025-12-03T23:18:40.141+0700 [DEBUG] [org.gradle.cache.internal.DefaultFileLockManager] Waiting to acquire exclusive lock on daemon addresses registry.
2025-12-03T23:18:40.142+0700 [DEBUG] [org.gradle.cache.internal.DefaultFileLockManager] Lock acquired on daemon addresses registry.
2025-12-03T23:18:40.143+0700 [DEBUG] [org.gradle.cache.internal.DefaultFileLockManager] Releasing lock on daemon addresses registry.
2025-12-03T23:18:40.143+0700 [DEBUG] [org.gradle.launcher.daemon.server.DaemonStateCoordinator] resetting idle timer
2025-12-03T23:18:40.143+0700 [DEBUG] [org.gradle.launcher.daemon.server.DaemonStateCoordinator] daemon is running. Sleeping until state changes.
2025-12-03T23:18:40.144+0700 [INFO] [org.gradle.launcher.daemon.server.exec.StartBuildOrRespondWithBusy] Daemon is about to start building Build{id=3fd80ffc-8859-4c8a-80d0-bebd040ae5ca, currentDir=D:\RemoteLamp}. Dispatching build started information...
2025-12-03T23:18:40.144+0700 [DEBUG] [org.gradle.launcher.daemon.server.SynchronizedDispatchConnection] thread 535: dispatching org.gradle.launcher.daemon.protocol.BuildStarted@43bd923
2025-12-03T23:18:40.145+0700 [DEBUG] [org.gradle.launcher.daemon.server.exec.EstablishBuildEnvironment] Configuring env variables: [USERDOMAIN_ROAMINGPROFILE, LOCALAPPDATA, NVM_SYMLINK, PROCESSOR_LEVEL, USERDOMAIN, LOGONSERVER, JAVA_HOME, SESSIONNAME, ALLUSERSPROFILE, PROCESSOR_ARCHITECTURE, EFC_14128_1592913036, PSModulePath, SystemDrive, OneDrive, PT8HOME, APPDATA, USERNAME, ProgramFiles(x86), VBOX_MSI_INSTALL_PATH, CommonProgramFiles, Path, PATHEXT, DriverData, OS, COMPUTERNAME, IntelliJ IDEA Community Edition, NVM_HOME, PROCESSOR_REVISION, CommonProgramW6432, ComSpec, ProgramData, ProgramW6432, TEMP, HOMEPATH, SystemRoot, PROCESSOR_IDENTIFIER, HOMEDRIVE, USERPROFILE, TMP, POWERSHELL_DISTRIBUTION_CHANNEL, CommonProgramFiles(x86), ProgramFiles, PUBLIC, windir, NUMBER_OF_PROCESSORS, =::]
2025-12-03T23:18:40.148+0700 [DEBUG] [org.gradle.launcher.daemon.server.exec.LogToClient] About to start relaying all logs to the client via the connection.
2025-12-03T23:18:40.148+0700 [INFO] [org.gradle.launcher.daemon.server.exec.LogToClient] The client will now receive all logging from the daemon (pid: 18756). The daemon log file: D:\RemoteLamp\daemon\8.10.2\daemon-18756.out.log
2025-12-03T23:18:40.153+0700 [INFO] [org.gradle.launcher.daemon.server.exec.LogAndCheckHealth] Starting 4th build in daemon [uptime: 11 mins 23.864 secs, performance: 98%, GC rate: 0.00/s, heap usage: 1% of 1.5 GiB]
2025-12-03T23:18:40.154+0700 [DEBUG] [org.gradle.launcher.daemon.server.exec.ExecuteBuild] The daemon has started executing the build.
2025-12-03T23:18:40.155+0700 [DEBUG] [org.gradle.launcher.daemon.server.exec.ExecuteBuild] Executing build with daemon context: DefaultDaemonContext[uid=66c12390-f998-4156-9118-506455305028,javaHome=D:\DARI C\Documents\Android Studio\jbr,javaVersion=21,javaVendor=JetBrains s.r.o.,daemonRegistryDir=D:\RemoteLamp\daemon,pid=18756,idleTimeout=10800000,priority=NORMAL,applyInstrumentationAgent=true,nativeServicesMode=ENABLED,daemonOpts=--add-opens=java.base/java.util=ALL-UNNAMED,--add-opens=java.base/java.lang=ALL-UNNAMED,--add-opens=java.base/java.lang.invoke=ALL-UNNAMED,--add-opens=java.prefs/java.util.prefs=ALL-UNNAMED,--add-exports=jdk.compiler/com.sun.tools.javac.api=ALL-UNNAMED,--add-exports=jdk.compiler/com.sun.tools.javac.util=ALL-UNNAMED,--add-opens=java.base/java.nio.charset=ALL-UNNAMED,--add-opens=java.base/java.net=ALL-UNNAMED,--add-opens=java.base/java.util.concurrent.atomic=ALL-UNNAMED,-Xmx1536m,-Dfile.encoding=UTF-8,-Duser.country=ID,-Duser.language=en,-Duser.variant]
w: file:///D:/RemoteLamp/app/src/main/java/com/remotelamp/app/MainActivityEnhanced.kt:144:5 Parameter 'activity' is never used
w: file:///D:/RemoteLamp/app/src/main/java/com/remotelamp/app/UltraModernConnectScreen.kt:175:36 'centerAlignedTopAppBarColors(Color = ..., Color = ..., Color = ..., Color = ..., Color = ...): TopAppBarColors' is deprecated. Use topAppBarColors instead
w: file:///D:/RemoteLamp/app/src/main/java/com/remotelamp/app/UltraModernConnectScreen.kt:213:49 'BluetoothSearching: ImageVector' is deprecated. Use the AutoMirrored version at Icons.AutoMirrored.Rounded.BluetoothSearching
w: file:///D:/RemoteLamp/app/src/main/java/com/remotelamp/app/UltraModernConnectScreen.kt:296:53 'BluetoothSearching: ImageVector' is deprecated. Use the AutoMirrored version at Icons.AutoMirrored.Rounded.BluetoothSearching
w: file:///D:/RemoteLamp/app/src/main/java/com/remotelamp/app/UltraModernConnectScreen.kt:598:45 'BluetoothSearching: ImageVector' is deprecated. Use the AutoMirrored version at Icons.AutoMirrored.Rounded.BluetoothSearching

BUILD SUCCESSFUL in 12s
36 actionable tasks: 5 executed, 31 up-to-date
2025-12-03T23:18:52.601+0700 [DEBUG] [org.gradle.launcher.daemon.server.exec.ExecuteBuild] The daemon has finished executing the build.
2025-12-03T23:18:52.614+0700 [DEBUG] [org.gradle.launcher.daemon.server.DaemonStateCoordinator] daemon is running. Sleeping until state changes.
2025-12-03T23:18:52.614+0700 [DEBUG] [org.gradle.launcher.daemon.server.DaemonStateCoordinator] Command execution: finished waiting for DaemonCommandExecution[command = Build{id=3fd80ffc-8859-4c8a-80d0-bebd040ae5ca, currentDir=D:\RemoteLamp}, connection = DefaultDaemonConnection: socket connection from /127.0.0.1:54574 to /127.0.0.1:56280]. Result org.gradle.launcher.daemon.server.DaemonStateCoordinator@31b0e048 with state Busy
2025-12-03T23:18:52.614+0700 [DEBUG] [org.gradle.launcher.daemon.server.DaemonStateCoordinator] Command execution: completed DaemonCommandExecution[command = Build{id=3fd80ffc-8859-4c8a-80d0-bebd040ae5ca, currentDir=D:\RemoteLamp}, connection = DefaultDaemonConnection: socket connection from /127.0.0.1:54574 to /127.0.0.1:56280]
2025-12-03T23:18:52.614+0700 [DEBUG] [org.gradle.launcher.daemon.server.DaemonStateCoordinator] resetting idle timer
2025-12-03T23:18:52.614+0700 [INFO] [org.gradle.launcher.daemon.server.DaemonRegistryUpdater] Marking the daemon as idle, address: [7714e9e6-fef7-4d31-a1e2-ebb0d063ec69 port:54574, addresses:[localhost/127.0.0.1]]
2025-12-03T23:18:52.614+0700 [DEBUG] [org.gradle.launcher.daemon.registry.PersistentDaemonRegistry] Marking busy by address: [7714e9e6-fef7-4d31-a1e2-ebb0d063ec69 port:54574, addresses:[localhost/127.0.0.1]]
2025-12-03T23:18:52.615+0700 [DEBUG] [org.gradle.cache.internal.DefaultFileLockManager] Waiting to acquire exclusive lock on daemon addresses registry.
2025-12-03T23:18:52.616+0700 [DEBUG] [org.gradle.cache.internal.DefaultFileLockManager] Lock acquired on daemon addresses registry.
2025-12-03T23:18:52.617+0700 [DEBUG] [org.gradle.cache.internal.DefaultFileLockManager] Releasing lock on daemon addresses registry.
2025-12-03T23:18:52.618+0700 [DEBUG] [org.gradle.launcher.daemon.server.DaemonStateCoordinator] daemon is running. Sleeping until state changes.
2025-12-03T23:18:52.618+0700 [DEBUG] [org.gradle.launcher.daemon.server.exec.ReturnResult] Daemon is dispatching the build result: Success[value=org.gradle.launcher.exec.BuildActionResult@47ec2098]
2025-12-03T23:18:52.618+0700 [DEBUG] [org.gradle.launcher.daemon.server.SynchronizedDispatchConnection] thread 532: dispatching Success[value=org.gradle.launcher.exec.BuildActionResult@47ec2098]
2025-12-03T23:18:52.620+0700 [DEBUG] [org.gradle.launcher.daemon.server.DefaultIncomingConnectionHandler] Finishing executing command: Build{id=3fd80ffc-8859-4c8a-80d0-bebd040ae5ca, currentDir=D:\RemoteLamp}
2025-12-03T23:18:52.621+0700 [DEBUG] [org.gradle.launcher.daemon.server.exec.CleanUpVirtualFileSystemAfterBuild] Cleaning virtual file system after build finished
2025-12-03T23:18:52.621+0700 [DEBUG] [org.gradle.launcher.daemon.server.SynchronizedDispatchConnection] thread 533: received class org.gradle.launcher.daemon.protocol.CloseInput
2025-12-03T23:18:52.621+0700 [DEBUG] [org.gradle.launcher.daemon.server.DefaultDaemonConnection] thread 533: Received IO message from client: org.gradle.launcher.daemon.protocol.CloseInput@4c5df8cc
2025-12-03T23:18:52.622+0700 [DEBUG] [org.gradle.launcher.daemon.server.SynchronizedDispatchConnection] thread 533: received class org.gradle.launcher.daemon.protocol.Finished
2025-12-03T23:18:52.622+0700 [DEBUG] [org.gradle.launcher.daemon.server.DefaultDaemonConnection] thread 533: Received non-IO message from client: org.gradle.launcher.daemon.protocol.Finished@429a0f37
2025-12-03T23:18:52.622+0700 [DEBUG] [org.gradle.launcher.daemon.server.DefaultIncomingConnectionHandler] Received finished message: org.gradle.launcher.daemon.protocol.Finished@429a0f37
2025-12-03T23:18:52.622+0700 [DEBUG] [org.gradle.launcher.daemon.server.SynchronizedDispatchConnection] thread 532: stopping connection
2025-12-03T23:18:52.622+0700 [DEBUG] [org.gradle.internal.remote.internal.inet.SocketConnection] Discarding EOFException: java.io.EOFException
2025-12-03T23:18:52.622+0700 [DEBUG] [org.gradle.launcher.daemon.server.SynchronizedDispatchConnection] thread 533: received null
2025-12-03T23:18:52.622+0700 [DEBUG] [org.gradle.launcher.daemon.server.DefaultDaemonConnection] thread 533: Received end-of-input from client.
2025-12-03T23:18:52.623+0700 [DEBUG] [org.gradle.launcher.daemon.server.SynchronizedDispatchConnection] thread 532: stopping connection
2025-12-03T23:18:53.058+0700 [DEBUG] [org.gradle.process.internal.health.memory.DefaultMemoryManager] 794965606 physical memory requested, 481333248 free
2025-12-03T23:18:53.058+0700 [DEBUG] [org.gradle.workers.internal.WorkerDaemonExpiration] Will attempt to release 758 of memory
2025-12-03T23:18:53.059+0700 [DEBUG] [org.gradle.process.internal.health.memory.DefaultMemoryManager] 794965606 physical memory requested, 0 released, 481333248 free
2025-12-03T23:18:53.059+0700 [DEBUG] [org.gradle.process.internal.health.memory.DefaultMemoryManager] 1894134579 virtual memory requested, 1444294656 free
2025-12-03T23:18:53.059+0700 [DEBUG] [org.gradle.workers.internal.WorkerDaemonExpiration] Will attempt to release 1806 of memory
2025-12-03T23:18:53.059+0700 [DEBUG] [org.gradle.process.internal.health.memory.DefaultMemoryManager] 1894134579 virtual memory requested, 0 released, 1444294656 free
2025-12-03T23:18:56.482+0700 [DEBUG] [org.gradle.cache.internal.DefaultFileLockManager] Waiting to acquire shared lock on daemon addresses registry.
2025-12-03T23:18:56.482+0700 [DEBUG] [org.gradle.cache.internal.DefaultFileLockManager] Lock acquired on daemon addresses registry.
2025-12-03T23:18:56.482+0700 [DEBUG] [org.gradle.cache.internal.DefaultFileLockManager] Releasing lock on daemon addresses registry.
2025-12-03T23:18:56.483+0700 [DEBUG] [org.gradle.cache.internal.DefaultFileLockManager] Waiting to acquire shared lock on daemon addresses registry.
2025-12-03T23:18:56.483+0700 [DEBUG] [org.gradle.cache.internal.DefaultFileLockManager] Lock acquired on daemon addresses registry.
2025-12-03T23:18:56.483+0700 [DEBUG] [org.gradle.cache.internal.DefaultFileLockManager] Releasing lock on daemon addresses registry.
2025-12-03T23:18:58.055+0700 [DEBUG] [org.gradle.process.internal.health.memory.DefaultMemoryManager] 794965606 physical memory requested, 779993088 free
2025-12-03T23:18:58.055+0700 [DEBUG] [org.gradle.workers.internal.WorkerDaemonExpiration] Will attempt to release 758 of memory
2025-12-03T23:18:58.055+0700 [DEBUG] [org.gradle.process.internal.health.memory.DefaultMemoryManager] 794965606 physical memory requested, 0 released, 779993088 free
2025-12-03T23:18:58.055+0700 [DEBUG] [org.gradle.process.internal.health.memory.DefaultMemoryManager] 1894134579 virtual memory requested, 1480142848 free
2025-12-03T23:18:58.055+0700 [DEBUG] [org.gradle.workers.internal.WorkerDaemonExpiration] Will attempt to release 1806 of memory
2025-12-03T23:18:58.055+0700 [DEBUG] [org.gradle.process.internal.health.memory.DefaultMemoryManager] 1894134579 virtual memory requested, 0 released, 1480142848 free
2025-12-03T23:19:00.733+0700 [DEBUG] [sun.rmi.transport.tcp] RMI TCP Connection(8)-127.0.0.1: (port 54599) connection closed
2025-12-03T23:19:00.733+0700 [DEBUG] [sun.rmi.transport.tcp] RMI TCP Connection(8)-127.0.0.1: close connection, socket: Socket[addr=/127.0.0.1,port=56284,localport=54599]
2025-12-03T23:19:00.734+0700 [DEBUG] [sun.rmi.transport.tcp] RMI TCP Connection(8)-127.0.0.1: socket close: Socket[addr=/127.0.0.1,port=56284,localport=54599]
2025-12-03T23:19:03.055+0700 [DEBUG] [org.gradle.process.internal.health.memory.DefaultMemoryManager] 1894134579 virtual memory requested, 1501138944 free
2025-12-03T23:19:03.055+0700 [DEBUG] [org.gradle.workers.internal.WorkerDaemonExpiration] Will attempt to release 1806 of memory
2025-12-03T23:19:03.055+0700 [DEBUG] [org.gradle.process.internal.health.memory.DefaultMemoryManager] 1894134579 virtual memory requested, 0 released, 1501138944 free
2025-12-03T23:19:06.482+0700 [DEBUG] [org.gradle.cache.internal.DefaultFileLockManager] Waiting to acquire shared lock on daemon addresses registry.
2025-12-03T23:19:06.482+0700 [DEBUG] [org.gradle.cache.internal.DefaultFileLockManager] Lock acquired on daemon addresses registry.
2025-12-03T23:19:06.482+0700 [DEBUG] [org.gradle.cache.internal.DefaultFileLockManager] Releasing lock on daemon addresses registry.
2025-12-03T23:19:06.482+0700 [DEBUG] [org.gradle.cache.internal.DefaultFileLockManager] Waiting to acquire shared lock on daemon addresses registry.
2025-12-03T23:19:06.482+0700 [DEBUG] [org.gradle.cache.internal.DefaultFileLockManager] Lock acquired on daemon addresses registry.
2025-12-03T23:19:06.483+0700 [DEBUG] [org.gradle.cache.internal.DefaultFileLockManager] Releasing lock on daemon addresses registry.
2025-12-03T23:19:06.483+0700 [DEBUG] [org.gradle.cache.internal.DefaultFileLockManager] Waiting to acquire shared lock on daemon addresses registry.
2025-12-03T23:19:06.483+0700 [DEBUG] [org.gradle.cache.internal.DefaultFileLockManager] Lock acquired on daemon addresses registry.
2025-12-03T23:19:06.483+0700 [DEBUG] [org.gradle.cache.internal.DefaultFileLockManager] Releasing lock on daemon addresses registry.
2025-12-03T23:19:08.056+0700 [DEBUG] [org.gradle.process.internal.health.memory.DefaultMemoryManager] 1894134579 virtual memory requested, 1372921856 free
2025-12-03T23:19:08.056+0700 [DEBUG] [org.gradle.workers.internal.WorkerDaemonExpiration] Will attempt to release 1806 of memory
2025-12-03T23:19:08.056+0700 [DEBUG] [org.gradle.process.internal.health.memory.DefaultMemoryManager] 1894134579 virtual memory requested, 0 released, 1372921856 free
2025-12-03T23:19:12.103+0700 [DEBUG] [sun.rmi.transport.tcp] RMI Scheduler(0): close connection, socket: Socket[addr=localhost/127.0.0.1,port=17518,localport=56281]
2025-12-03T23:19:12.114+0700 [DEBUG] [sun.rmi.transport.tcp] RMI Scheduler(0): close connection, socket: Socket[addr=localhost/127.0.0.1,port=17518,localport=49680]
2025-12-03T23:19:12.334+0700 [DEBUG] [sun.rmi.transport.tcp] RMI TCP Connection(7)-127.0.0.1: (port 54599) connection closed
2025-12-03T23:19:12.335+0700 [DEBUG] [sun.rmi.transport.tcp] RMI TCP Connection(7)-127.0.0.1: close connection, socket: Socket[addr=/127.0.0.1,port=56283,localport=54599]
2025-12-03T23:19:12.335+0700 [DEBUG] [sun.rmi.transport.tcp] RMI TCP Connection(7)-127.0.0.1: socket close: Socket[addr=/127.0.0.1,port=56283,localport=54599]
2025-12-03T23:19:13.055+0700 [DEBUG] [org.gradle.process.internal.health.memory.DefaultMemoryManager] 794965606 physical memory requested, 700612608 free
2025-12-03T23:19:13.055+0700 [DEBUG] [org.gradle.workers.internal.WorkerDaemonExpiration] Will attempt to release 758 of memory
2025-12-03T23:19:13.055+0700 [DEBUG] [org.gradle.process.internal.health.memory.DefaultMemoryManager] 794965606 physical memory requested, 0 released, 700612608 free
2025-12-03T23:19:13.055+0700 [DEBUG] [org.gradle.process.internal.health.memory.DefaultMemoryManager] 1894134579 virtual memory requested, 1276723200 free
2025-12-03T23:19:13.055+0700 [DEBUG] [org.gradle.workers.internal.WorkerDaemonExpiration] Will attempt to release 1806 of memory
2025-12-03T23:19:13.055+0700 [DEBUG] [org.gradle.process.internal.health.memory.DefaultMemoryManager] 1894134579 virtual memory requested, 0 released, 1276723200 free
2025-12-03T23:19:16.482+0700 [DEBUG] [org.gradle.cache.internal.DefaultFileLockManager] Waiting to acquire shared lock on daemon addresses registry.
2025-12-03T23:19:16.483+0700 [DEBUG] [org.gradle.cache.internal.DefaultFileLockManager] Lock acquired on daemon addresses registry.
2025-12-03T23:19:16.483+0700 [DEBUG] [org.gradle.cache.internal.DefaultFileLockManager] Releasing lock on daemon addresses registry.
2025-12-03T23:19:16.484+0700 [DEBUG] [org.gradle.cache.internal.DefaultFileLockManager] Waiting to acquire shared lock on daemon addresses registry.
2025-12-03T23:19:16.484+0700 [DEBUG] [org.gradle.cache.internal.DefaultFileLockManager] Lock acquired on daemon addresses registry.
2025-12-03T23:19:16.486+0700 [DEBUG] [org.gradle.cache.internal.DefaultFileLockManager] Releasing lock on daemon addresses registry.
2025-12-03T23:19:16.486+0700 [DEBUG] [org.gradle.cache.internal.DefaultFileLockManager] Waiting to acquire shared lock on daemon addresses registry.
2025-12-03T23:19:16.486+0700 [DEBUG] [org.gradle.cache.internal.DefaultFileLockManager] Lock acquired on daemon addresses registry.
2025-12-03T23:19:16.486+0700 [DEBUG] [org.gradle.cache.internal.DefaultFileLockManager] Releasing lock on daemon addresses registry.
2025-12-03T23:19:18.056+0700 [DEBUG] [org.gradle.process.internal.health.memory.DefaultMemoryManager] 794965606 physical memory requested, 638685184 free
2025-12-03T23:19:18.056+0700 [DEBUG] [org.gradle.workers.internal.WorkerDaemonExpiration] Will attempt to release 758 of memory
2025-12-03T23:19:18.056+0700 [DEBUG] [org.gradle.process.internal.health.memory.DefaultMemoryManager] 794965606 physical memory requested, 0 released, 638685184 free
2025-12-03T23:19:18.056+0700 [DEBUG] [org.gradle.process.internal.health.memory.DefaultMemoryManager] 1894134579 virtual memory requested, 1070919680 free
2025-12-03T23:19:18.056+0700 [DEBUG] [org.gradle.workers.internal.WorkerDaemonExpiration] Will attempt to release 1806 of memory
2025-12-03T23:19:18.056+0700 [DEBUG] [org.gradle.process.internal.health.memory.DefaultMemoryManager] 1894134579 virtual memory requested, 0 released, 1070919680 free
2025-12-03T23:19:23.055+0700 [DEBUG] [org.gradle.process.internal.health.memory.DefaultMemoryManager] 1894134579 virtual memory requested, 1036144640 free
2025-12-03T23:19:23.055+0700 [DEBUG] [org.gradle.workers.internal.WorkerDaemonExpiration] Will attempt to release 1806 of memory
2025-12-03T23:19:23.055+0700 [DEBUG] [org.gradle.process.internal.health.memory.DefaultMemoryManager] 1894134579 virtual memory requested, 0 released, 1036144640 free
2025-12-03T23:19:26.483+0700 [DEBUG] [org.gradle.cache.internal.DefaultFileLockManager] Waiting to acquire shared lock on daemon addresses registry.
2025-12-03T23:19:26.483+0700 [DEBUG] [org.gradle.cache.internal.DefaultFileLockManager] Lock acquired on daemon addresses registry.
2025-12-03T23:19:26.483+0700 [DEBUG] [org.gradle.cache.internal.DefaultFileLockManager] Releasing lock on daemon addresses registry.
2025-12-03T23:19:26.484+0700 [DEBUG] [org.gradle.cache.internal.DefaultFileLockManager] Waiting to acquire shared lock on daemon addresses registry.
2025-12-03T23:19:26.484+0700 [DEBUG] [org.gradle.cache.internal.DefaultFileLockManager] Lock acquired on daemon addresses registry.
2025-12-03T23:19:26.484+0700 [DEBUG] [org.gradle.cache.internal.DefaultFileLockManager] Releasing lock on daemon addresses registry.
2025-12-03T23:19:26.485+0700 [DEBUG] [org.gradle.cache.internal.DefaultFileLockManager] Waiting to acquire shared lock on daemon addresses registry.
2025-12-03T23:19:26.485+0700 [DEBUG] [org.gradle.cache.internal.DefaultFileLockManager] Lock acquired on daemon addresses registry.
2025-12-03T23:19:26.485+0700 [DEBUG] [org.gradle.cache.internal.DefaultFileLockManager] Releasing lock on daemon addresses registry.
2025-12-03T23:19:28.055+0700 [DEBUG] [org.gradle.process.internal.health.memory.DefaultMemoryManager] 1894134579 virtual memory requested, 1133658112 free
2025-12-03T23:19:28.055+0700 [DEBUG] [org.gradle.workers.internal.WorkerDaemonExpiration] Will attempt to release 1806 of memory
2025-12-03T23:19:28.055+0700 [DEBUG] [org.gradle.process.internal.health.memory.DefaultMemoryManager] 1894134579 virtual memory requested, 0 released, 1133658112 free
2025-12-03T23:19:33.055+0700 [DEBUG] [org.gradle.process.internal.health.memory.DefaultMemoryManager] 1894134579 virtual memory requested, 1126027264 free
2025-12-03T23:19:33.055+0700 [DEBUG] [org.gradle.workers.internal.WorkerDaemonExpiration] Will attempt to release 1806 of memory
2025-12-03T23:19:33.056+0700 [DEBUG] [org.gradle.process.internal.health.memory.DefaultMemoryManager] 1894134579 virtual memory requested, 0 released, 1126027264 free
2025-12-03T23:19:36.482+0700 [DEBUG] [org.gradle.cache.internal.DefaultFileLockManager] Waiting to acquire shared lock on daemon addresses registry.
2025-12-03T23:19:36.482+0700 [DEBUG] [org.gradle.cache.internal.DefaultFileLockManager] Lock acquired on daemon addresses registry.
2025-12-03T23:19:36.483+0700 [DEBUG] [org.gradle.cache.internal.DefaultFileLockManager] Releasing lock on daemon addresses registry.
2025-12-03T23:19:36.483+0700 [DEBUG] [org.gradle.cache.internal.DefaultFileLockManager] Waiting to acquire shared lock on daemon addresses registry.
2025-12-03T23:19:36.483+0700 [DEBUG] [org.gradle.cache.internal.DefaultFileLockManager] Lock acquired on daemon addresses registry.
2025-12-03T23:19:36.484+0700 [DEBUG] [org.gradle.cache.internal.DefaultFileLockManager] Releasing lock on daemon addresses registry.
2025-12-03T23:19:36.484+0700 [DEBUG] [org.gradle.cache.internal.DefaultFileLockManager] Waiting to acquire shared lock on daemon addresses registry.
2025-12-03T23:19:36.484+0700 [DEBUG] [org.gradle.cache.internal.DefaultFileLockManager] Lock acquired on daemon addresses registry.
2025-12-03T23:19:36.484+0700 [DEBUG] [org.gradle.cache.internal.DefaultFileLockManager] Releasing lock on daemon addresses registry.
2025-12-03T23:19:38.055+0700 [DEBUG] [org.gradle.process.internal.health.memory.DefaultMemoryManager] 1894134579 virtual memory requested, 1130459136 free
2025-12-03T23:19:38.055+0700 [DEBUG] [org.gradle.workers.internal.WorkerDaemonExpiration] Will attempt to release 1806 of memory
2025-12-03T23:19:38.055+0700 [DEBUG] [org.gradle.process.internal.health.memory.DefaultMemoryManager] 1894134579 virtual memory requested, 0 released, 1130459136 free
2025-12-03T23:19:43.055+0700 [DEBUG] [org.gradle.process.internal.health.memory.DefaultMemoryManager] 1894134579 virtual memory requested, 1135505408 free
2025-12-03T23:19:43.055+0700 [DEBUG] [org.gradle.workers.internal.WorkerDaemonExpiration] Will attempt to release 1806 of memory
2025-12-03T23:19:43.055+0700 [DEBUG] [org.gradle.process.internal.health.memory.DefaultMemoryManager] 1894134579 virtual memory requested, 0 released, 1135505408 free
2025-12-03T23:19:46.482+0700 [DEBUG] [org.gradle.cache.internal.DefaultFileLockManager] Waiting to acquire shared lock on daemon addresses registry.
2025-12-03T23:19:46.482+0700 [DEBUG] [org.gradle.cache.internal.DefaultFileLockManager] Lock acquired on daemon addresses registry.
2025-12-03T23:19:46.482+0700 [DEBUG] [org.gradle.cache.internal.DefaultFileLockManager] Releasing lock on daemon addresses registry.
2025-12-03T23:19:46.483+0700 [DEBUG] [org.gradle.cache.internal.DefaultFileLockManager] Waiting to acquire shared lock on daemon addresses registry.
2025-12-03T23:19:46.483+0700 [DEBUG] [org.gradle.cache.internal.DefaultFileLockManager] Lock acquired on daemon addresses registry.
2025-12-03T23:19:46.484+0700 [DEBUG] [org.gradle.cache.internal.DefaultFileLockManager] Releasing lock on daemon addresses registry.
2025-12-03T23:19:46.484+0700 [DEBUG] [org.gradle.cache.internal.DefaultFileLockManager] Waiting to acquire shared lock on daemon addresses registry.
2025-12-03T23:19:46.484+0700 [DEBUG] [org.gradle.cache.internal.DefaultFileLockManager] Lock acquired on daemon addresses registry.
2025-12-03T23:19:46.485+0700 [DEBUG] [org.gradle.cache.internal.DefaultFileLockManager] Releasing lock on daemon addresses registry.
2025-12-03T23:19:48.054+0700 [DEBUG] [org.gradle.process.internal.health.memory.DefaultMemoryManager] 1894134579 virtual memory requested, 1138958336 free
2025-12-03T23:19:48.054+0700 [DEBUG] [org.gradle.workers.internal.WorkerDaemonExpiration] Will attempt to release 1806 of memory
2025-12-03T23:19:48.054+0700 [DEBUG] [org.gradle.process.internal.health.memory.DefaultMemoryManager] 1894134579 virtual memory requested, 0 released, 1138958336 free
2025-12-03T23:19:53.055+0700 [DEBUG] [org.gradle.process.internal.health.memory.DefaultMemoryManager] 1894134579 virtual memory requested, 1134751744 free
2025-12-03T23:19:53.055+0700 [DEBUG] [org.gradle.workers.internal.WorkerDaemonExpiration] Will attempt to release 1806 of memory
2025-12-03T23:19:53.055+0700 [DEBUG] [org.gradle.process.internal.health.memory.DefaultMemoryManager] 1894134579 virtual memory requested, 0 released, 1134751744 free
2025-12-03T23:19:56.483+0700 [DEBUG] [org.gradle.cache.internal.DefaultFileLockManager] Waiting to acquire shared lock on daemon addresses registry.
2025-12-03T23:19:56.483+0700 [DEBUG] [org.gradle.cache.internal.DefaultFileLockManager] Lock acquired on daemon addresses registry.
2025-12-03T23:19:56.483+0700 [DEBUG] [org.gradle.cache.internal.DefaultFileLockManager] Releasing lock on daemon addresses registry.
2025-12-03T23:19:56.484+0700 [DEBUG] [org.gradle.cache.internal.DefaultFileLockManager] Waiting to acquire shared lock on daemon addresses registry.
2025-12-03T23:19:56.484+0700 [DEBUG] [org.gradle.cache.internal.DefaultFileLockManager] Lock acquired on daemon addresses registry.
2025-12-03T23:19:56.484+0700 [DEBUG] [org.gradle.cache.internal.DefaultFileLockManager] Releasing lock on daemon addresses registry.
2025-12-03T23:19:56.485+0700 [DEBUG] [org.gradle.cache.internal.DefaultFileLockManager] Waiting to acquire shared lock on daemon addresses registry.
2025-12-03T23:19:56.485+0700 [DEBUG] [org.gradle.cache.internal.DefaultFileLockManager] Lock acquired on daemon addresses registry.
2025-12-03T23:19:56.485+0700 [DEBUG] [org.gradle.cache.internal.DefaultFileLockManager] Releasing lock on daemon addresses registry.
2025-12-03T23:19:58.054+0700 [DEBUG] [org.gradle.process.internal.health.memory.DefaultMemoryManager] 1894134579 virtual memory requested, 1140838400 free
2025-12-03T23:19:58.055+0700 [DEBUG] [org.gradle.workers.internal.WorkerDaemonExpiration] Will attempt to release 1806 of memory
2025-12-03T23:19:58.055+0700 [DEBUG] [org.gradle.process.internal.health.memory.DefaultMemoryManager] 1894134579 virtual memory requested, 0 released, 1140838400 free
2025-12-03T23:20:03.065+0700 [DEBUG] [org.gradle.process.internal.health.memory.DefaultMemoryManager] 1894134579 virtual memory requested, 924954624 free
2025-12-03T23:20:03.065+0700 [DEBUG] [org.gradle.workers.internal.WorkerDaemonExpiration] Will attempt to release 1806 of memory
2025-12-03T23:20:03.065+0700 [DEBUG] [org.gradle.process.internal.health.memory.DefaultMemoryManager] 1894134579 virtual memory requested, 0 released, 924954624 free
2025-12-03T23:20:06.482+0700 [DEBUG] [org.gradle.cache.internal.DefaultFileLockManager] Waiting to acquire shared lock on daemon addresses registry.
2025-12-03T23:20:06.483+0700 [DEBUG] [org.gradle.cache.internal.DefaultFileLockManager] Lock acquired on daemon addresses registry.
2025-12-03T23:20:06.483+0700 [DEBUG] [org.gradle.cache.internal.DefaultFileLockManager] Releasing lock on daemon addresses registry.
2025-12-03T23:20:06.483+0700 [DEBUG] [org.gradle.cache.internal.DefaultFileLockManager] Waiting to acquire shared lock on daemon addresses registry.
2025-12-03T23:20:06.483+0700 [DEBUG] [org.gradle.cache.internal.DefaultFileLockManager] Lock acquired on daemon addresses registry.
2025-12-03T23:20:06.484+0700 [DEBUG] [org.gradle.cache.internal.DefaultFileLockManager] Releasing lock on daemon addresses registry.
2025-12-03T23:20:06.484+0700 [DEBUG] [org.gradle.cache.internal.DefaultFileLockManager] Waiting to acquire shared lock on daemon addresses registry.
2025-12-03T23:20:06.484+0700 [DEBUG] [org.gradle.cache.internal.DefaultFileLockManager] Lock acquired on daemon addresses registry.
2025-12-03T23:20:06.485+0700 [DEBUG] [org.gradle.cache.internal.DefaultFileLockManager] Releasing lock on daemon addresses registry.
2025-12-03T23:20:08.061+0700 [DEBUG] [org.gradle.process.internal.health.memory.DefaultMemoryManager] 1894134579 virtual memory requested, 912498688 free
2025-12-03T23:20:08.061+0700 [DEBUG] [org.gradle.workers.internal.WorkerDaemonExpiration] Will attempt to release 1806 of memory
2025-12-03T23:20:08.061+0700 [DEBUG] [org.gradle.process.internal.health.memory.DefaultMemoryManager] 1894134579 virtual memory requested, 0 released, 912498688 free
2025-12-03T23:20:13.060+0700 [DEBUG] [org.gradle.process.internal.health.memory.DefaultMemoryManager] 1894134579 virtual memory requested, 879763456 free
2025-12-03T23:20:13.060+0700 [DEBUG] [org.gradle.workers.internal.WorkerDaemonExpiration] Will attempt to release 1806 of memory
2025-12-03T23:20:13.060+0700 [DEBUG] [org.gradle.process.internal.health.memory.DefaultMemoryManager] 1894134579 virtual memory requested, 0 released, 879763456 free
2025-12-03T23:20:16.484+0700 [DEBUG] [org.gradle.cache.internal.DefaultFileLockManager] Waiting to acquire shared lock on daemon addresses registry.
2025-12-03T23:20:16.485+0700 [DEBUG] [org.gradle.cache.internal.DefaultFileLockManager] Lock acquired on daemon addresses registry.
2025-12-03T23:20:16.485+0700 [DEBUG] [org.gradle.cache.internal.DefaultFileLockManager] Releasing lock on daemon addresses registry.
2025-12-03T23:20:16.486+0700 [DEBUG] [org.gradle.cache.internal.DefaultFileLockManager] Waiting to acquire shared lock on daemon addresses registry.
2025-12-03T23:20:16.486+0700 [DEBUG] [org.gradle.cache.internal.DefaultFileLockManager] Lock acquired on daemon addresses registry.
2025-12-03T23:20:16.487+0700 [DEBUG] [org.gradle.cache.internal.DefaultFileLockManager] Releasing lock on daemon addresses registry.
2025-12-03T23:20:16.487+0700 [DEBUG] [org.gradle.cache.internal.DefaultFileLockManager] Waiting to acquire shared lock on daemon addresses registry.
2025-12-03T23:20:16.487+0700 [DEBUG] [org.gradle.cache.internal.DefaultFileLockManager] Lock acquired on daemon addresses registry.
2025-12-03T23:20:16.488+0700 [DEBUG] [org.gradle.cache.internal.DefaultFileLockManager] Releasing lock on daemon addresses registry.
2025-12-03T23:20:18.066+0700 [DEBUG] [org.gradle.process.internal.health.memory.DefaultMemoryManager] 1894134579 virtual memory requested, 955904000 free
2025-12-03T23:20:18.066+0700 [DEBUG] [org.gradle.workers.internal.WorkerDaemonExpiration] Will attempt to release 1806 of memory
2025-12-03T23:20:18.066+0700 [DEBUG] [org.gradle.process.internal.health.memory.DefaultMemoryManager] 1894134579 virtual memory requested, 0 released, 955904000 free
2025-12-03T23:20:23.070+0700 [DEBUG] [org.gradle.process.internal.health.memory.DefaultMemoryManager] 794965606 physical memory requested, 777240576 free
2025-12-03T23:20:23.070+0700 [DEBUG] [org.gradle.workers.internal.WorkerDaemonExpiration] Will attempt to release 758 of memory
2025-12-03T23:20:23.070+0700 [DEBUG] [org.gradle.process.internal.health.memory.DefaultMemoryManager] 794965606 physical memory requested, 0 released, 777240576 free
2025-12-03T23:20:23.070+0700 [DEBUG] [org.gradle.process.internal.health.memory.DefaultMemoryManager] 1894134579 virtual memory requested, 886124544 free
2025-12-03T23:20:23.070+0700 [DEBUG] [org.gradle.workers.internal.WorkerDaemonExpiration] Will attempt to release 1806 of memory
2025-12-03T23:20:23.071+0700 [DEBUG] [org.gradle.process.internal.health.memory.DefaultMemoryManager] 1894134579 virtual memory requested, 0 released, 886124544 free
2025-12-03T23:20:26.492+0700 [DEBUG] [org.gradle.cache.internal.DefaultFileLockManager] Waiting to acquire shared lock on daemon addresses registry.
2025-12-03T23:20:26.492+0700 [DEBUG] [org.gradle.cache.internal.DefaultFileLockManager] Lock acquired on daemon addresses registry.
2025-12-03T23:20:26.492+0700 [DEBUG] [org.gradle.cache.internal.DefaultFileLockManager] Releasing lock on daemon addresses registry.
2025-12-03T23:20:26.493+0700 [DEBUG] [org.gradle.cache.internal.DefaultFileLockManager] Waiting to acquire shared lock on daemon addresses registry.
2025-12-03T23:20:26.493+0700 [DEBUG] [org.gradle.cache.internal.DefaultFileLockManager] Lock acquired on daemon addresses registry.
2025-12-03T23:20:26.493+0700 [DEBUG] [org.gradle.cache.internal.DefaultFileLockManager] Releasing lock on daemon addresses registry.
2025-12-03T23:20:26.494+0700 [DEBUG] [org.gradle.cache.internal.DefaultFileLockManager] Waiting to acquire shared lock on daemon addresses registry.
2025-12-03T23:20:26.494+0700 [DEBUG] [org.gradle.cache.internal.DefaultFileLockManager] Lock acquired on daemon addresses registry.
2025-12-03T23:20:26.494+0700 [DEBUG] [org.gradle.cache.internal.DefaultFileLockManager] Releasing lock on daemon addresses registry.
2025-12-03T23:20:28.067+0700 [DEBUG] [org.gradle.process.internal.health.memory.DefaultMemoryManager] 794965606 physical memory requested, 713154560 free
2025-12-03T23:20:28.067+0700 [DEBUG] [org.gradle.workers.internal.WorkerDaemonExpiration] Will attempt to release 758 of memory
2025-12-03T23:20:28.067+0700 [DEBUG] [org.gradle.process.internal.health.memory.DefaultMemoryManager] 794965606 physical memory requested, 0 released, 713154560 free
2025-12-03T23:20:28.067+0700 [DEBUG] [org.gradle.process.internal.health.memory.DefaultMemoryManager] 1894134579 virtual memory requested, 820477952 free
2025-12-03T23:20:28.067+0700 [DEBUG] [org.gradle.workers.internal.WorkerDaemonExpiration] Will attempt to release 1806 of memory
2025-12-03T23:20:28.067+0700 [DEBUG] [org.gradle.process.internal.health.memory.DefaultMemoryManager] 1894134579 virtual memory requested, 0 released, 820477952 free
2025-12-03T23:20:33.065+0700 [DEBUG] [org.gradle.process.internal.health.memory.DefaultMemoryManager] 794965606 physical memory requested, 686428160 free
2025-12-03T23:20:33.065+0700 [DEBUG] [org.gradle.workers.internal.WorkerDaemonExpiration] Will attempt to release 758 of memory
2025-12-03T23:20:33.066+0700 [DEBUG] [org.gradle.process.internal.health.memory.DefaultMemoryManager] 794965606 physical memory requested, 0 released, 686428160 free
2025-12-03T23:20:33.066+0700 [DEBUG] [org.gradle.process.internal.health.memory.DefaultMemoryManager] 1894134579 virtual memory requested, 786251776 free
2025-12-03T23:20:33.066+0700 [DEBUG] [org.gradle.workers.internal.WorkerDaemonExpiration] Will attempt to release 1806 of memory
2025-12-03T23:20:33.066+0700 [DEBUG] [org.gradle.process.internal.health.memory.DefaultMemoryManager] 1894134579 virtual memory requested, 0 released, 786251776 free
2025-12-03T23:20:36.483+0700 [DEBUG] [org.gradle.cache.internal.DefaultFileLockManager] Waiting to acquire shared lock on daemon addresses registry.
2025-12-03T23:20:36.484+0700 [DEBUG] [org.gradle.cache.internal.DefaultFileLockManager] Lock acquired on daemon addresses registry.
2025-12-03T23:20:36.484+0700 [DEBUG] [org.gradle.cache.internal.DefaultFileLockManager] Releasing lock on daemon addresses registry.
2025-12-03T23:20:36.485+0700 [DEBUG] [org.gradle.cache.internal.DefaultFileLockManager] Waiting to acquire shared lock on daemon addresses registry.
2025-12-03T23:20:36.485+0700 [DEBUG] [org.gradle.cache.internal.DefaultFileLockManager] Lock acquired on daemon addresses registry.
2025-12-03T23:20:36.485+0700 [DEBUG] [org.gradle.cache.internal.DefaultFileLockManager] Releasing lock on daemon addresses registry.
2025-12-03T23:20:36.485+0700 [DEBUG] [org.gradle.cache.internal.DefaultFileLockManager] Waiting to acquire shared lock on daemon addresses registry.
2025-12-03T23:20:36.485+0700 [DEBUG] [org.gradle.cache.internal.DefaultFileLockManager] Lock acquired on daemon addresses registry.
2025-12-03T23:20:36.486+0700 [DEBUG] [org.gradle.cache.internal.DefaultFileLockManager] Releasing lock on daemon addresses registry.
2025-12-03T23:20:38.065+0700 [DEBUG] [org.gradle.process.internal.health.memory.DefaultMemoryManager] 794965606 physical memory requested, 705884160 free
2025-12-03T23:20:38.065+0700 [DEBUG] [org.gradle.workers.internal.WorkerDaemonExpiration] Will attempt to release 758 of memory
2025-12-03T23:20:38.065+0700 [DEBUG] [org.gradle.process.internal.health.memory.DefaultMemoryManager] 794965606 physical memory requested, 0 released, 705884160 free
2025-12-03T23:20:38.065+0700 [DEBUG] [org.gradle.process.internal.health.memory.DefaultMemoryManager] 1894134579 virtual memory requested, 776269824 free
2025-12-03T23:20:38.065+0700 [DEBUG] [org.gradle.workers.internal.WorkerDaemonExpiration] Will attempt to release 1806 of memory
2025-12-03T23:20:38.065+0700 [DEBUG] [org.gradle.process.internal.health.memory.DefaultMemoryManager] 1894134579 virtual memory requested, 0 released, 776269824 free
2025-12-03T23:20:43.061+0700 [DEBUG] [org.gradle.process.internal.health.memory.DefaultMemoryManager] 794965606 physical memory requested, 686252032 free
2025-12-03T23:20:43.061+0700 [DEBUG] [org.gradle.workers.internal.WorkerDaemonExpiration] Will attempt to release 758 of memory
2025-12-03T23:20:43.061+0700 [DEBUG] [org.gradle.process.internal.health.memory.DefaultMemoryManager] 794965606 physical memory requested, 0 released, 686252032 free
2025-12-03T23:20:43.061+0700 [DEBUG] [org.gradle.process.internal.health.memory.DefaultMemoryManager] 1894134579 virtual memory requested, 728002560 free
2025-12-03T23:20:43.061+0700 [DEBUG] [org.gradle.workers.internal.WorkerDaemonExpiration] Will attempt to release 1806 of memory
2025-12-03T23:20:43.061+0700 [DEBUG] [org.gradle.process.internal.health.memory.DefaultMemoryManager] 1894134579 virtual memory requested, 0 released, 728002560 free
2025-12-03T23:20:46.490+0700 [DEBUG] [org.gradle.cache.internal.DefaultFileLockManager] Waiting to acquire shared lock on daemon addresses registry.
2025-12-03T23:20:46.491+0700 [DEBUG] [org.gradle.cache.internal.DefaultFileLockManager] Lock acquired on daemon addresses registry.
2025-12-03T23:20:46.491+0700 [DEBUG] [org.gradle.cache.internal.DefaultFileLockManager] Releasing lock on daemon addresses registry.
2025-12-03T23:20:46.493+0700 [DEBUG] [org.gradle.cache.internal.DefaultFileLockManager] Waiting to acquire shared lock on daemon addresses registry.
2025-12-03T23:20:46.494+0700 [DEBUG] [org.gradle.cache.internal.DefaultFileLockManager] Lock acquired on daemon addresses registry.
2025-12-03T23:20:46.494+0700 [DEBUG] [org.gradle.cache.internal.DefaultFileLockManager] Releasing lock on daemon addresses registry.
2025-12-03T23:20:46.496+0700 [DEBUG] [org.gradle.cache.internal.DefaultFileLockManager] Waiting to acquire shared lock on daemon addresses registry.
2025-12-03T23:20:46.496+0700 [DEBUG] [org.gradle.cache.internal.DefaultFileLockManager] Lock acquired on daemon addresses registry.
2025-12-03T23:20:46.497+0700 [DEBUG] [org.gradle.cache.internal.DefaultFileLockManager] Releasing lock on daemon addresses registry.
2025-12-03T23:20:48.062+0700 [DEBUG] [org.gradle.process.internal.health.memory.DefaultMemoryManager] 794965606 physical memory requested, 653983744 free
2025-12-03T23:20:48.062+0700 [DEBUG] [org.gradle.workers.internal.WorkerDaemonExpiration] Will attempt to release 758 of memory
2025-12-03T23:20:48.063+0700 [DEBUG] [org.gradle.process.internal.health.memory.DefaultMemoryManager] 794965606 physical memory requested, 0 released, 653983744 free
2025-12-03T23:20:48.063+0700 [DEBUG] [org.gradle.process.internal.health.memory.DefaultMemoryManager] 1894134579 virtual memory requested, 739602432 free
2025-12-03T23:20:48.063+0700 [DEBUG] [org.gradle.workers.internal.WorkerDaemonExpiration] Will attempt to release 1806 of memory
2025-12-03T23:20:48.063+0700 [DEBUG] [org.gradle.process.internal.health.memory.DefaultMemoryManager] 1894134579 virtual memory requested, 0 released, 739602432 free
2025-12-03T23:20:53.063+0700 [DEBUG] [org.gradle.process.internal.health.memory.DefaultMemoryManager] 794965606 physical memory requested, 660414464 free
2025-12-03T23:20:53.064+0700 [DEBUG] [org.gradle.workers.internal.WorkerDaemonExpiration] Will attempt to release 758 of memory
2025-12-03T23:20:53.064+0700 [DEBUG] [org.gradle.process.internal.health.memory.DefaultMemoryManager] 794965606 physical memory requested, 0 released, 660414464 free
2025-12-03T23:20:53.064+0700 [DEBUG] [org.gradle.process.internal.health.memory.DefaultMemoryManager] 1894134579 virtual memory requested, 698040320 free
2025-12-03T23:20:53.064+0700 [DEBUG] [org.gradle.workers.internal.WorkerDaemonExpiration] Will attempt to release 1806 of memory
2025-12-03T23:20:53.064+0700 [DEBUG] [org.gradle.process.internal.health.memory.DefaultMemoryManager] 1894134579 virtual memory requested, 0 released, 698040320 free
2025-12-03T23:20:56.501+0700 [DEBUG] [org.gradle.cache.internal.DefaultFileLockManager] Waiting to acquire shared lock on daemon addresses registry.
2025-12-03T23:20:56.502+0700 [DEBUG] [org.gradle.cache.internal.DefaultFileLockManager] Lock acquired on daemon addresses registry.
2025-12-03T23:20:56.502+0700 [DEBUG] [org.gradle.cache.internal.DefaultFileLockManager] Releasing lock on daemon addresses registry.
2025-12-03T23:20:56.503+0700 [DEBUG] [org.gradle.cache.internal.DefaultFileLockManager] Waiting to acquire shared lock on daemon addresses registry.
2025-12-03T23:20:56.503+0700 [DEBUG] [org.gradle.cache.internal.DefaultFileLockManager] Lock acquired on daemon addresses registry.
2025-12-03T23:20:56.509+0700 [DEBUG] [org.gradle.cache.internal.DefaultFileLockManager] Releasing lock on daemon addresses registry.
2025-12-03T23:20:56.510+0700 [DEBUG] [org.gradle.cache.internal.DefaultFileLockManager] Waiting to acquire shared lock on daemon addresses registry.
2025-12-03T23:20:56.510+0700 [DEBUG] [org.gradle.cache.internal.DefaultFileLockManager] Lock acquired on daemon addresses registry.
2025-12-03T23:20:56.510+0700 [DEBUG] [org.gradle.cache.internal.DefaultFileLockManager] Releasing lock on daemon addresses registry.
2025-12-03T23:20:58.064+0700 [DEBUG] [org.gradle.process.internal.health.memory.DefaultMemoryManager] 794965606 physical memory requested, 786599936 free
2025-12-03T23:20:58.064+0700 [DEBUG] [org.gradle.workers.internal.WorkerDaemonExpiration] Will attempt to release 758 of memory
2025-12-03T23:20:58.064+0700 [DEBUG] [org.gradle.process.internal.health.memory.DefaultMemoryManager] 794965606 physical memory requested, 0 released, 786599936 free
2025-12-03T23:20:58.064+0700 [DEBUG] [org.gradle.process.internal.health.memory.DefaultMemoryManager] 1894134579 virtual memory requested, 974647296 free
2025-12-03T23:20:58.064+0700 [DEBUG] [org.gradle.workers.internal.WorkerDaemonExpiration] Will attempt to release 1806 of memory
2025-12-03T23:20:58.064+0700 [DEBUG] [org.gradle.process.internal.health.memory.DefaultMemoryManager] 1894134579 virtual memory requested, 0 released, 974647296 free
2025-12-03T23:20:58.873+0700 [DEBUG] [org.gradle.internal.watch.vfs.impl.WatchingVirtualFileSystem] Handling VFS change CREATED D:\RemoteLamp\app\src\main\java\com\remotelamp\app\EnhancedConnectScreen.kt~
2025-12-03T23:20:58.888+0700 [DEBUG] [org.gradle.internal.watch.vfs.impl.WatchingVirtualFileSystem] Handling VFS change MODIFIED D:\RemoteLamp\app\src\main\java\com\remotelamp\app\EnhancedConnectScreen.kt
2025-12-03T23:20:58.906+0700 [DEBUG] [org.gradle.internal.remote.internal.inet.TcpIncomingConnector] Accepted connection from /127.0.0.1:55992 to /127.0.0.1:54574.
2025-12-03T23:20:59.001+0700 [DEBUG] [org.gradle.launcher.daemon.server.SynchronizedDispatchConnection] thread 647: received class org.gradle.launcher.daemon.protocol.Build
2025-12-03T23:20:59.001+0700 [DEBUG] [org.gradle.launcher.daemon.server.DefaultDaemonConnection] thread 647: Received non-IO message from client: Build{id=bdd39a7e-d9ef-4e30-bf52-88ab674eedd6, currentDir=D:\RemoteLamp}
2025-12-03T23:20:59.002+0700 [INFO] [org.gradle.launcher.daemon.server.DefaultIncomingConnectionHandler] Received command: Build{id=bdd39a7e-d9ef-4e30-bf52-88ab674eedd6, currentDir=D:\RemoteLamp}.
2025-12-03T23:20:59.002+0700 [DEBUG] [org.gradle.launcher.daemon.server.DefaultIncomingConnectionHandler] Starting executing command: Build{id=bdd39a7e-d9ef-4e30-bf52-88ab674eedd6, currentDir=D:\RemoteLamp} with connection: socket connection from /127.0.0.1:54574 to /127.0.0.1:55992.
2025-12-03T23:20:59.012+0700 [DEBUG] [org.gradle.launcher.daemon.server.DaemonStateCoordinator] Command execution: started DaemonCommandExecution[command = Build{id=bdd39a7e-d9ef-4e30-bf52-88ab674eedd6, currentDir=D:\RemoteLamp}, connection = DefaultDaemonConnection: socket connection from /127.0.0.1:54574 to /127.0.0.1:55992] after 2.1066166666666666 minutes of idle
2025-12-03T23:20:59.012+0700 [INFO] [org.gradle.launcher.daemon.server.DaemonRegistryUpdater] Marking the daemon as busy, address: [7714e9e6-fef7-4d31-a1e2-ebb0d063ec69 port:54574, addresses:[localhost/127.0.0.1]]
2025-12-03T23:20:59.012+0700 [DEBUG] [org.gradle.launcher.daemon.registry.PersistentDaemonRegistry] Marking busy by address: [7714e9e6-fef7-4d31-a1e2-ebb0d063ec69 port:54574, addresses:[localhost/127.0.0.1]]
2025-12-03T23:20:59.015+0700 [DEBUG] [org.gradle.cache.internal.DefaultFileLockManager] Waiting to acquire exclusive lock on daemon addresses registry.
2025-12-03T23:20:59.020+0700 [DEBUG] [org.gradle.cache.internal.DefaultFileLockManager] Lock acquired on daemon addresses registry.
2025-12-03T23:20:59.031+0700 [DEBUG] [org.gradle.cache.internal.DefaultFileLockManager] Releasing lock on daemon addresses registry.
2025-12-03T23:20:59.032+0700 [DEBUG] [org.gradle.launcher.daemon.server.DaemonStateCoordinator] resetting idle timer
2025-12-03T23:20:59.032+0700 [DEBUG] [org.gradle.launcher.daemon.server.DaemonStateCoordinator] daemon is running. Sleeping until state changes.
2025-12-03T23:20:59.033+0700 [INFO] [org.gradle.launcher.daemon.server.exec.StartBuildOrRespondWithBusy] Daemon is about to start building Build{id=bdd39a7e-d9ef-4e30-bf52-88ab674eedd6, currentDir=D:\RemoteLamp}. Dispatching build started information...
2025-12-03T23:20:59.034+0700 [DEBUG] [org.gradle.launcher.daemon.server.SynchronizedDispatchConnection] thread 649: dispatching org.gradle.launcher.daemon.protocol.BuildStarted@57aa80a3
2025-12-03T23:20:59.046+0700 [DEBUG] [org.gradle.launcher.daemon.server.exec.EstablishBuildEnvironment] Configuring env variables: [USERDOMAIN_ROAMINGPROFILE, LOCALAPPDATA, NVM_SYMLINK, PROCESSOR_LEVEL, USERDOMAIN, LOGONSERVER, JAVA_HOME, SESSIONNAME, ALLUSERSPROFILE, PROCESSOR_ARCHITECTURE, EFC_14128_1592913036, PSModulePath, SystemDrive, OneDrive, PT8HOME, APPDATA, USERNAME, ProgramFiles(x86), VBOX_MSI_INSTALL_PATH, CommonProgramFiles, Path, PATHEXT, DriverData, OS, COMPUTERNAME, IntelliJ IDEA Community Edition, NVM_HOME, PROCESSOR_REVISION, CommonProgramW6432, ComSpec, ProgramData, ProgramW6432, TEMP, HOMEPATH, SystemRoot, PROCESSOR_IDENTIFIER, HOMEDRIVE, USERPROFILE, TMP, POWERSHELL_DISTRIBUTION_CHANNEL, CommonProgramFiles(x86), ProgramFiles, PUBLIC, windir, NUMBER_OF_PROCESSORS, =::]
2025-12-03T23:20:59.060+0700 [DEBUG] [org.gradle.launcher.daemon.server.exec.LogToClient] About to start relaying all logs to the client via the connection.
2025-12-03T23:20:59.062+0700 [INFO] [org.gradle.launcher.daemon.server.exec.LogToClient] The client will now receive all logging from the daemon (pid: 18756). The daemon log file: D:\RemoteLamp\daemon\8.10.2\daemon-18756.out.log
2025-12-03T23:20:59.072+0700 [INFO] [org.gradle.launcher.daemon.server.exec.LogAndCheckHealth] Starting 5th build in daemon [uptime: 13 mins 42.779 secs, performance: 98%, GC rate: 0.00/s, heap usage: 1% of 1.5 GiB]
2025-12-03T23:20:59.079+0700 [DEBUG] [org.gradle.launcher.daemon.server.exec.ExecuteBuild] The daemon has started executing the build.
2025-12-03T23:20:59.080+0700 [DEBUG] [org.gradle.launcher.daemon.server.exec.ExecuteBuild] Executing build with daemon context: DefaultDaemonContext[uid=66c12390-f998-4156-9118-506455305028,javaHome=D:\DARI C\Documents\Android Studio\jbr,javaVersion=21,javaVendor=JetBrains s.r.o.,daemonRegistryDir=D:\RemoteLamp\daemon,pid=18756,idleTimeout=10800000,priority=NORMAL,applyInstrumentationAgent=true,nativeServicesMode=ENABLED,daemonOpts=--add-opens=java.base/java.util=ALL-UNNAMED,--add-opens=java.base/java.lang=ALL-UNNAMED,--add-opens=java.base/java.lang.invoke=ALL-UNNAMED,--add-opens=java.prefs/java.util.prefs=ALL-UNNAMED,--add-exports=jdk.compiler/com.sun.tools.javac.api=ALL-UNNAMED,--add-exports=jdk.compiler/com.sun.tools.javac.util=ALL-UNNAMED,--add-opens=java.base/java.nio.charset=ALL-UNNAMED,--add-opens=java.base/java.net=ALL-UNNAMED,--add-opens=java.base/java.util.concurrent.atomic=ALL-UNNAMED,-Xmx1536m,-Dfile.encoding=UTF-8,-Duser.country=ID,-Duser.language=en,-Duser.variant]
e: file:///D:/RemoteLamp/app/src/main/java/com/remotelamp/app/EnhancedConnectScreen.kt:157:35 Unresolved reference: LampUIState
e: file:///D:/RemoteLamp/app/src/main/java/com/remotelamp/app/EnhancedConnectScreen.kt:271:25 Unresolved reference: LampUIState
e: file:///D:/RemoteLamp/app/src/main/java/com/remotelamp/app/EnhancedConnectScreen.kt:275:26 Type mismatch: inferred type is Int but BluetoothDeviceInfo was expected
e: file:///D:/RemoteLamp/app/src/main/java/com/remotelamp/app/EnhancedConnectScreen.kt:277:55 Type mismatch: inferred type is Int but BluetoothDeviceInfo was expected

FAILURE: Build failed with an exception.

* What went wrong:
Execution failed for task ':app:compileDebugKotlin'.
> A failure occurred while executing org.jetbrains.kotlin.compilerRunner.GradleCompilerRunnerWithWorkers$GradleKotlinCompilerWorkAction
   > Compilation error. See log for more details

* Try:
> Run with --info or --debug option to get more log output.
> Run with --scan to get full insights.
> Get more help at https://help.gradle.org.

* Exception is:
org.gradle.api.tasks.TaskExecutionException: Execution failed for task ':app:compileDebugKotlin'.
	at org.gradle.api.internal.tasks.execution.ExecuteActionsTaskExecuter.lambda$executeIfValid$1(ExecuteActionsTaskExecuter.java:130)
	at org.gradle.internal.Try$Failure.ifSuccessfulOrElse(Try.java:293)
	at org.gradle.api.internal.tasks.execution.ExecuteActionsTaskExecuter.executeIfValid(ExecuteActionsTaskExecuter.java:128)
	at org.gradle.api.internal.tasks.execution.ExecuteActionsTaskExecuter.execute(ExecuteActionsTaskExecuter.java:116)
	at org.gradle.api.internal.tasks.execution.FinalizePropertiesTaskExecuter.execute(FinalizePropertiesTaskExecuter.java:46)
	at org.gradle.api.internal.tasks.execution.ResolveTaskExecutionModeExecuter.execute(ResolveTaskExecutionModeExecuter.java:51)
	at org.gradle.api.internal.tasks.execution.SkipTaskWithNoActionsExecuter.execute(SkipTaskWithNoActionsExecuter.java:57)
	at org.gradle.api.internal.tasks.execution.SkipOnlyIfTaskExecuter.execute(SkipOnlyIfTaskExecuter.java:74)
	at org.gradle.api.internal.tasks.execution.CatchExceptionTaskExecuter.execute(CatchExceptionTaskExecuter.java:36)
	at org.gradle.api.internal.tasks.execution.EventFiringTaskExecuter$1.executeTask(EventFiringTaskExecuter.java:77)
	at org.gradle.api.internal.tasks.execution.EventFiringTaskExecuter$1.call(EventFiringTaskExecuter.java:55)
	at org.gradle.api.internal.tasks.execution.EventFiringTaskExecuter$1.call(EventFiringTaskExecuter.java:52)
	at org.gradle.internal.operations.DefaultBuildOperationRunner$CallableBuildOperationWorker.execute(DefaultBuildOperationRunner.java:209)
	at org.gradle.internal.operations.DefaultBuildOperationRunner$CallableBuildOperationWorker.execute(DefaultBuildOperationRunner.java:204)
	at org.gradle.internal.operations.DefaultBuildOperationRunner$2.execute(DefaultBuildOperationRunner.java:66)
	at org.gradle.internal.operations.DefaultBuildOperationRunner$2.execute(DefaultBuildOperationRunner.java:59)
	at org.gradle.internal.operations.DefaultBuildOperationRunner.execute(DefaultBuildOperationRunner.java:166)
	at org.gradle.internal.operations.DefaultBuildOperationRunner.execute(DefaultBuildOperationRunner.java:59)
	at org.gradle.internal.operations.DefaultBuildOperationRunner.call(DefaultBuildOperationRunner.java:53)
	at org.gradle.api.internal.tasks.execution.EventFiringTaskExecuter.execute(EventFiringTaskExecuter.java:52)
	at org.gradle.execution.plan.LocalTaskNodeExecutor.execute(LocalTaskNodeExecutor.java:42)
	at org.gradle.execution.taskgraph.DefaultTaskExecutionGraph$InvokeNodeExecutorsAction.execute(DefaultTaskExecutionGraph.java:331)
	at org.gradle.execution.taskgraph.DefaultTaskExecutionGraph$InvokeNodeExecutorsAction.execute(DefaultTaskExecutionGraph.java:318)
	at org.gradle.execution.taskgraph.DefaultTaskExecutionGraph$BuildOperationAwareExecutionAction.lambda$execute$0(DefaultTaskExecutionGraph.java:314)
	at org.gradle.internal.operations.CurrentBuildOperationRef.with(CurrentBuildOperationRef.java:85)
	at org.gradle.execution.taskgraph.DefaultTaskExecutionGraph$BuildOperationAwareExecutionAction.execute(DefaultTaskExecutionGraph.java:314)
	at org.gradle.execution.taskgraph.DefaultTaskExecutionGraph$BuildOperationAwareExecutionAction.execute(DefaultTaskExecutionGraph.java:303)
	at org.gradle.execution.plan.DefaultPlanExecutor$ExecutorWorker.execute(DefaultPlanExecutor.java:459)
	at org.gradle.execution.plan.DefaultPlanExecutor$ExecutorWorker.run(DefaultPlanExecutor.java:376)
	at org.gradle.internal.concurrent.ExecutorPolicy$CatchAndRecordFailures.onExecute(ExecutorPolicy.java:64)
	at org.gradle.internal.concurrent.AbstractManagedExecutor$1.run(AbstractManagedExecutor.java:48)
Caused by: org.gradle.workers.internal.DefaultWorkerExecutor$WorkExecutionException: A failure occurred while executing org.jetbrains.kotlin.compilerRunner.GradleCompilerRunnerWithWorkers$GradleKotlinCompilerWorkAction
	at org.gradle.workers.internal.DefaultWorkerExecutor$WorkItemExecution.waitForCompletion(DefaultWorkerExecutor.java:287)
	at org.gradle.internal.work.DefaultAsyncWorkTracker.lambda$waitForItemsAndGatherFailures$2(DefaultAsyncWorkTracker.java:130)
	at org.gradle.internal.Factories$1.create(Factories.java:31)
	at org.gradle.internal.work.DefaultWorkerLeaseService.withoutLocks(DefaultWorkerLeaseService.java:335)
	at org.gradle.internal.work.DefaultWorkerLeaseService.withoutLocks(DefaultWorkerLeaseService.java:318)
	at org.gradle.internal.work.DefaultWorkerLeaseService.withoutLock(DefaultWorkerLeaseService.java:323)
	at org.gradle.internal.work.DefaultAsyncWorkTracker.waitForItemsAndGatherFailures(DefaultAsyncWorkTracker.java:126)
	at org.gradle.internal.work.DefaultAsyncWorkTracker.waitForItemsAndGatherFailures(DefaultAsyncWorkTracker.java:92)
	at org.gradle.internal.work.DefaultAsyncWorkTracker.waitForAll(DefaultAsyncWorkTracker.java:78)
	at org.gradle.internal.work.DefaultAsyncWorkTracker.waitForCompletion(DefaultAsyncWorkTracker.java:66)
	at org.gradle.api.internal.tasks.execution.TaskExecution$3.run(TaskExecution.java:252)
	at org.gradle.internal.operations.DefaultBuildOperationRunner$1.execute(DefaultBuildOperationRunner.java:29)
	at org.gradle.internal.operations.DefaultBuildOperationRunner$1.execute(DefaultBuildOperationRunner.java:26)
	at org.gradle.internal.operations.DefaultBuildOperationRunner$2.execute(DefaultBuildOperationRunner.java:66)
	at org.gradle.internal.operations.DefaultBuildOperationRunner$2.execute(DefaultBuildOperationRunner.java:59)
	at org.gradle.internal.operations.DefaultBuildOperationRunner.execute(DefaultBuildOperationRunner.java:166)
	at org.gradle.internal.operations.DefaultBuildOperationRunner.execute(DefaultBuildOperationRunner.java:59)
	at org.gradle.internal.operations.DefaultBuildOperationRunner.run(DefaultBuildOperationRunner.java:47)
	at org.gradle.api.internal.tasks.execution.TaskExecution.executeAction(TaskExecution.java:229)
	at org.gradle.api.internal.tasks.execution.TaskExecution.executeActions(TaskExecution.java:212)
	at org.gradle.api.internal.tasks.execution.TaskExecution.executeWithPreviousOutputFiles(TaskExecution.java:195)
	at org.gradle.api.internal.tasks.execution.TaskExecution.execute(TaskExecution.java:162)
	at org.gradle.internal.execution.steps.ExecuteStep.executeInternal(ExecuteStep.java:105)
	at org.gradle.internal.execution.steps.ExecuteStep.access$000(ExecuteStep.java:44)
	at org.gradle.internal.execution.steps.ExecuteStep$1.call(ExecuteStep.java:59)
	at org.gradle.internal.execution.steps.ExecuteStep$1.call(ExecuteStep.java:56)
	at org.gradle.internal.operations.DefaultBuildOperationRunner$CallableBuildOperationWorker.execute(DefaultBuildOperationRunner.java:209)
	at org.gradle.internal.operations.DefaultBuildOperationRunner$CallableBuildOperationWorker.execute(DefaultBuildOperationRunner.java:204)
	at org.gradle.internal.operations.DefaultBuildOperationRunner$2.execute(DefaultBuildOperationRunner.java:66)
	at org.gradle.internal.operations.DefaultBuildOperationRunner$2.execute(DefaultBuildOperationRunner.java:59)
	at org.gradle.internal.operations.DefaultBuildOperationRunner.execute(DefaultBuildOperationRunner.java:166)
	at org.gradle.internal.operations.DefaultBuildOperationRunner.execute(DefaultBuildOperationRunner.java:59)
	at org.gradle.internal.operations.DefaultBuildOperationRunner.call(DefaultBuildOperationRunner.java:53)
	at org.gradle.internal.execution.steps.ExecuteStep.execute(ExecuteStep.java:56)
	at org.gradle.internal.execution.steps.ExecuteStep.execute(ExecuteStep.java:44)
	at org.gradle.internal.execution.steps.CancelExecutionStep.execute(CancelExecutionStep.java:42)
	at org.gradle.internal.execution.steps.TimeoutStep.executeWithoutTimeout(TimeoutStep.java:75)
	at org.gradle.internal.execution.steps.TimeoutStep.execute(TimeoutStep.java:55)
	at org.gradle.internal.execution.steps.PreCreateOutputParentsStep.execute(PreCreateOutputParentsStep.java:50)
	at org.gradle.internal.execution.steps.PreCreateOutputParentsStep.execute(PreCreateOutputParentsStep.java:28)
	at org.gradle.internal.execution.steps.RemovePreviousOutputsStep.execute(RemovePreviousOutputsStep.java:67)
	at org.gradle.internal.execution.steps.RemovePreviousOutputsStep.execute(RemovePreviousOutputsStep.java:37)
	at org.gradle.internal.execution.steps.BroadcastChangingOutputsStep.execute(BroadcastChangingOutputsStep.java:61)
	at org.gradle.internal.execution.steps.BroadcastChangingOutputsStep.execute(BroadcastChangingOutputsStep.java:26)
	at org.gradle.internal.execution.steps.CaptureOutputsAfterExecutionStep.execute(CaptureOutputsAfterExecutionStep.java:69)
	at org.gradle.internal.execution.steps.CaptureOutputsAfterExecutionStep.execute(CaptureOutputsAfterExecutionStep.java:46)
	at org.gradle.internal.execution.steps.ResolveInputChangesStep.execute(ResolveInputChangesStep.java:40)
	at org.gradle.internal.execution.steps.ResolveInputChangesStep.execute(ResolveInputChangesStep.java:29)
	at org.gradle.internal.execution.steps.BuildCacheStep.executeWithoutCache(BuildCacheStep.java:189)
	at org.gradle.internal.execution.steps.BuildCacheStep.lambda$execute$1(BuildCacheStep.java:75)
	at org.gradle.internal.Either$Right.fold(Either.java:175)
	at org.gradle.internal.execution.caching.CachingState.fold(CachingState.java:62)
	at org.gradle.internal.execution.steps.BuildCacheStep.execute(BuildCacheStep.java:73)
	at org.gradle.internal.execution.steps.BuildCacheStep.execute(BuildCacheStep.java:48)
	at org.gradle.internal.execution.steps.StoreExecutionStateStep.execute(StoreExecutionStateStep.java:46)
	at org.gradle.internal.execution.steps.StoreExecutionStateStep.execute(StoreExecutionStateStep.java:35)
	at org.gradle.internal.execution.steps.SkipUpToDateStep.executeBecause(SkipUpToDateStep.java:75)
	at org.gradle.internal.execution.steps.SkipUpToDateStep.lambda$execute$2(SkipUpToDateStep.java:53)
	at org.gradle.internal.execution.steps.SkipUpToDateStep.execute(SkipUpToDateStep.java:53)
	at org.gradle.internal.execution.steps.SkipUpToDateStep.execute(SkipUpToDateStep.java:35)
	at org.gradle.internal.execution.steps.legacy.MarkSnapshottingInputsFinishedStep.execute(MarkSnapshottingInputsFinishedStep.java:37)
	at org.gradle.internal.execution.steps.legacy.MarkSnapshottingInputsFinishedStep.execute(MarkSnapshottingInputsFinishedStep.java:27)
	at org.gradle.internal.execution.steps.ResolveIncrementalCachingStateStep.executeDelegate(ResolveIncrementalCachingStateStep.java:49)
	at org.gradle.internal.execution.steps.ResolveIncrementalCachingStateStep.executeDelegate(ResolveIncrementalCachingStateStep.java:27)
	at org.gradle.internal.execution.steps.AbstractResolveCachingStateStep.execute(AbstractResolveCachingStateStep.java:71)
	at org.gradle.internal.execution.steps.AbstractResolveCachingStateStep.execute(AbstractResolveCachingStateStep.java:39)
	at org.gradle.internal.execution.steps.ResolveChangesStep.execute(ResolveChangesStep.java:65)
	at org.gradle.internal.execution.steps.ResolveChangesStep.execute(ResolveChangesStep.java:36)
	at org.gradle.internal.execution.steps.ValidateStep.execute(ValidateStep.java:107)
	at org.gradle.internal.execution.steps.ValidateStep.execute(ValidateStep.java:56)
	at org.gradle.internal.execution.steps.AbstractCaptureStateBeforeExecutionStep.execute(AbstractCaptureStateBeforeExecutionStep.java:64)
	at org.gradle.internal.execution.steps.AbstractCaptureStateBeforeExecutionStep.execute(AbstractCaptureStateBeforeExecutionStep.java:43)
	at org.gradle.internal.execution.steps.AbstractSkipEmptyWorkStep.executeWithNonEmptySources(AbstractSkipEmptyWorkStep.java:125)
	at org.gradle.internal.execution.steps.AbstractSkipEmptyWorkStep.execute(AbstractSkipEmptyWorkStep.java:61)
	at org.gradle.internal.execution.steps.AbstractSkipEmptyWorkStep.execute(AbstractSkipEmptyWorkStep.java:36)
	at org.gradle.internal.execution.steps.legacy.MarkSnapshottingInputsStartedStep.execute(MarkSnapshottingInputsStartedStep.java:38)
	at org.gradle.internal.execution.steps.LoadPreviousExecutionStateStep.execute(LoadPreviousExecutionStateStep.java:36)
	at org.gradle.internal.execution.steps.LoadPreviousExecutionStateStep.execute(LoadPreviousExecutionStateStep.java:23)
	at org.gradle.internal.execution.steps.HandleStaleOutputsStep.execute(HandleStaleOutputsStep.java:75)
	at org.gradle.internal.execution.steps.HandleStaleOutputsStep.execute(HandleStaleOutputsStep.java:41)
	at org.gradle.internal.execution.steps.AssignMutableWorkspaceStep.lambda$execute$0(AssignMutableWorkspaceStep.java:35)
	at org.gradle.api.internal.tasks.execution.TaskExecution$4.withWorkspace(TaskExecution.java:289)
	at org.gradle.internal.execution.steps.AssignMutableWorkspaceStep.execute(AssignMutableWorkspaceStep.java:31)
	at org.gradle.internal.execution.steps.AssignMutableWorkspaceStep.execute(AssignMutableWorkspaceStep.java:22)
	at org.gradle.internal.execution.steps.ChoosePipelineStep.execute(ChoosePipelineStep.java:40)
	at org.gradle.internal.execution.steps.ChoosePipelineStep.execute(ChoosePipelineStep.java:23)
	at org.gradle.internal.execution.steps.ExecuteWorkBuildOperationFiringStep.lambda$execute$2(ExecuteWorkBuildOperationFiringStep.java:67)
	at org.gradle.internal.execution.steps.ExecuteWorkBuildOperationFiringStep.execute(ExecuteWorkBuildOperationFiringStep.java:67)
	at org.gradle.internal.execution.steps.ExecuteWorkBuildOperationFiringStep.execute(ExecuteWorkBuildOperationFiringStep.java:39)
	at org.gradle.internal.execution.steps.IdentityCacheStep.execute(IdentityCacheStep.java:46)
	at org.gradle.internal.execution.steps.IdentityCacheStep.execute(IdentityCacheStep.java:34)
	at org.gradle.internal.execution.steps.IdentifyStep.execute(IdentifyStep.java:48)
	at org.gradle.internal.execution.steps.IdentifyStep.execute(IdentifyStep.java:35)
	at org.gradle.internal.execution.impl.DefaultExecutionEngine$1.execute(DefaultExecutionEngine.java:61)
	at org.gradle.api.internal.tasks.execution.ExecuteActionsTaskExecuter.executeIfValid(ExecuteActionsTaskExecuter.java:127)
	at org.gradle.api.internal.tasks.execution.ExecuteActionsTaskExecuter.execute(ExecuteActionsTaskExecuter.java:116)
	at org.gradle.api.internal.tasks.execution.FinalizePropertiesTaskExecuter.execute(FinalizePropertiesTaskExecuter.java:46)
	at org.gradle.api.internal.tasks.execution.ResolveTaskExecutionModeExecuter.execute(ResolveTaskExecutionModeExecuter.java:51)
	at org.gradle.api.internal.tasks.execution.SkipTaskWithNoActionsExecuter.execute(SkipTaskWithNoActionsExecuter.java:57)
	at org.gradle.api.internal.tasks.execution.SkipOnlyIfTaskExecuter.execute(SkipOnlyIfTaskExecuter.java:74)
	at org.gradle.api.internal.tasks.execution.CatchExceptionTaskExecuter.execute(CatchExceptionTaskExecuter.java:36)
	at org.gradle.api.internal.tasks.execution.EventFiringTaskExecuter$1.executeTask(EventFiringTaskExecuter.java:77)
	at org.gradle.api.internal.tasks.execution.EventFiringTaskExecuter$1.call(EventFiringTaskExecuter.java:55)
	at org.gradle.api.internal.tasks.execution.EventFiringTaskExecuter$1.call(EventFiringTaskExecuter.java:52)
	at org.gradle.internal.operations.DefaultBuildOperationRunner$CallableBuildOperationWorker.execute(DefaultBuildOperationRunner.java:209)
	at org.gradle.internal.operations.DefaultBuildOperationRunner$CallableBuildOperationWorker.execute(DefaultBuildOperationRunner.java:204)
	at org.gradle.internal.operations.DefaultBuildOperationRunner$2.execute(DefaultBuildOperationRunner.java:66)
	at org.gradle.internal.operations.DefaultBuildOperationRunner$2.execute(DefaultBuildOperationRunner.java:59)
	at org.gradle.internal.operations.DefaultBuildOperationRunner.execute(DefaultBuildOperationRunner.java:166)
	at org.gradle.internal.operations.DefaultBuildOperationRunner.execute(DefaultBuildOperationRunner.java:59)
	at org.gradle.internal.operations.DefaultBuildOperationRunner.call(DefaultBuildOperationRunner.java:53)
	at org.gradle.api.internal.tasks.execution.EventFiringTaskExecuter.execute(EventFiringTaskExecuter.java:52)
	at org.gradle.execution.plan.LocalTaskNodeExecutor.execute(LocalTaskNodeExecutor.java:42)
	at org.gradle.execution.taskgraph.DefaultTaskExecutionGraph$InvokeNodeExecutorsAction.execute(DefaultTaskExecutionGraph.java:331)
	at org.gradle.execution.taskgraph.DefaultTaskExecutionGraph$InvokeNodeExecutorsAction.execute(DefaultTaskExecutionGraph.java:318)
	at org.gradle.execution.taskgraph.DefaultTaskExecutionGraph$BuildOperationAwareExecutionAction.lambda$execute$0(DefaultTaskExecutionGraph.java:314)
	at org.gradle.internal.operations.CurrentBuildOperationRef.with(CurrentBuildOperationRef.java:85)
	at org.gradle.execution.taskgraph.DefaultTaskExecutionGraph$BuildOperationAwareExecutionAction.execute(DefaultTaskExecutionGraph.java:314)
	at org.gradle.execution.taskgraph.DefaultTaskExecutionGraph$BuildOperationAwareExecutionAction.execute(DefaultTaskExecutionGraph.java:303)
	at org.gradle.execution.plan.DefaultPlanExecutor$ExecutorWorker.execute(DefaultPlanExecutor.java:459)
	at org.gradle.execution.plan.DefaultPlanExecutor$ExecutorWorker.run(DefaultPlanExecutor.java:376)
	at org.gradle.internal.concurrent.ExecutorPolicy$CatchAndRecordFailures.onExecute(ExecutorPolicy.java:64)
	at org.gradle.internal.concurrent.AbstractManagedExecutor$1.run(AbstractManagedExecutor.java:48)
Caused by: org.jetbrains.kotlin.gradle.tasks.CompilationErrorException: Compilation error. See log for more details
	at org.jetbrains.kotlin.gradle.tasks.TasksUtilsKt.throwExceptionIfCompilationFailed(tasksUtils.kt:20)
	at org.jetbrains.kotlin.compilerRunner.GradleKotlinCompilerWork.run(GradleKotlinCompilerWork.kt:141)
	at org.jetbrains.kotlin.compilerRunner.GradleCompilerRunnerWithWorkers$GradleKotlinCompilerWorkAction.execute(GradleCompilerRunnerWithWorkers.kt:73)
	at org.gradle.workers.internal.DefaultWorkerServer.execute(DefaultWorkerServer.java:63)
	at org.gradle.workers.internal.NoIsolationWorkerFactory$1$1.create(NoIsolationWorkerFactory.java:66)
	at org.gradle.workers.internal.NoIsolationWorkerFactory$1$1.create(NoIsolationWorkerFactory.java:62)
	at org.gradle.internal.classloader.ClassLoaderUtils.executeInClassloader(ClassLoaderUtils.java:100)
	at org.gradle.workers.internal.NoIsolationWorkerFactory$1.lambda$execute$0(NoIsolationWorkerFactory.java:62)
	at org.gradle.workers.internal.AbstractWorker$1.call(AbstractWorker.java:44)
	at org.gradle.workers.internal.AbstractWorker$1.call(AbstractWorker.java:41)
	at org.gradle.internal.operations.DefaultBuildOperationRunner$CallableBuildOperationWorker.execute(DefaultBuildOperationRunner.java:209)
	at org.gradle.internal.operations.DefaultBuildOperationRunner$CallableBuildOperationWorker.execute(DefaultBuildOperationRunner.java:204)
	at org.gradle.internal.operations.DefaultBuildOperationRunner$2.execute(DefaultBuildOperationRunner.java:66)
	at org.gradle.internal.operations.DefaultBuildOperationRunner$2.execute(DefaultBuildOperationRunner.java:59)
	at org.gradle.internal.operations.DefaultBuildOperationRunner.execute(DefaultBuildOperationRunner.java:166)
	at org.gradle.internal.operations.DefaultBuildOperationRunner.execute(DefaultBuildOperationRunner.java:59)
	at org.gradle.internal.operations.DefaultBuildOperationRunner.call(DefaultBuildOperationRunner.java:53)
	at org.gradle.workers.internal.AbstractWorker.executeWrappedInBuildOperation(AbstractWorker.java:41)
	at org.gradle.workers.internal.NoIsolationWorkerFactory$1.execute(NoIsolationWorkerFactory.java:59)
	at org.gradle.workers.internal.DefaultWorkerExecutor.lambda$submitWork$0(DefaultWorkerExecutor.java:174)
	at org.gradle.internal.work.DefaultConditionalExecutionQueue$ExecutionRunner.runExecution(DefaultConditionalExecutionQueue.java:194)
	at org.gradle.internal.work.DefaultConditionalExecutionQueue$ExecutionRunner.access$700(DefaultConditionalExecutionQueue.java:127)
	at org.gradle.internal.work.DefaultConditionalExecutionQueue$ExecutionRunner$1.run(DefaultConditionalExecutionQueue.java:169)
	at org.gradle.internal.Factories$1.create(Factories.java:31)
	at org.gradle.internal.work.DefaultWorkerLeaseService.withLocks(DefaultWorkerLeaseService.java:263)
	at org.gradle.internal.work.DefaultWorkerLeaseService.runAsWorkerThread(DefaultWorkerLeaseService.java:127)
	at org.gradle.internal.work.DefaultWorkerLeaseService.runAsWorkerThread(DefaultWorkerLeaseService.java:132)
	at org.gradle.internal.work.DefaultConditionalExecutionQueue$ExecutionRunner.runBatch(DefaultConditionalExecutionQueue.java:164)
	at org.gradle.internal.work.DefaultConditionalExecutionQueue$ExecutionRunner.run(DefaultConditionalExecutionQueue.java:133)
	... 2 more


BUILD FAILED in 7s
29 actionable tasks: 2 executed, 27 up-to-date
2025-12-03T23:21:06.358+0700 [DEBUG] [org.gradle.launcher.daemon.server.exec.ExecuteBuild] The daemon has finished executing the build.
2025-12-03T23:21:06.371+0700 [DEBUG] [org.gradle.launcher.daemon.server.DaemonStateCoordinator] Command execution: finished waiting for DaemonCommandExecution[command = Build{id=bdd39a7e-d9ef-4e30-bf52-88ab674eedd6, currentDir=D:\RemoteLamp}, connection = DefaultDaemonConnection: socket connection from /127.0.0.1:54574 to /127.0.0.1:55992]. Result org.gradle.launcher.daemon.server.DaemonStateCoordinator@31b0e048 with state Busy
2025-12-03T23:21:06.371+0700 [DEBUG] [org.gradle.launcher.daemon.server.DaemonStateCoordinator] Command execution: completed DaemonCommandExecution[command = Build{id=bdd39a7e-d9ef-4e30-bf52-88ab674eedd6, currentDir=D:\RemoteLamp}, connection = DefaultDaemonConnection: socket connection from /127.0.0.1:54574 to /127.0.0.1:55992]
2025-12-03T23:21:06.371+0700 [DEBUG] [org.gradle.launcher.daemon.server.DaemonStateCoordinator] resetting idle timer
2025-12-03T23:21:06.371+0700 [INFO] [org.gradle.launcher.daemon.server.DaemonRegistryUpdater] Marking the daemon as idle, address: [7714e9e6-fef7-4d31-a1e2-ebb0d063ec69 port:54574, addresses:[localhost/127.0.0.1]]
2025-12-03T23:21:06.372+0700 [DEBUG] [org.gradle.launcher.daemon.registry.PersistentDaemonRegistry] Marking busy by address: [7714e9e6-fef7-4d31-a1e2-ebb0d063ec69 port:54574, addresses:[localhost/127.0.0.1]]
2025-12-03T23:21:06.372+0700 [DEBUG] [org.gradle.cache.internal.DefaultFileLockManager] Waiting to acquire exclusive lock on daemon addresses registry.
2025-12-03T23:21:06.373+0700 [DEBUG] [org.gradle.cache.internal.DefaultFileLockManager] Lock acquired on daemon addresses registry.
2025-12-03T23:21:06.374+0700 [DEBUG] [org.gradle.cache.internal.DefaultFileLockManager] Releasing lock on daemon addresses registry.
2025-12-03T23:21:06.375+0700 [DEBUG] [org.gradle.launcher.daemon.server.DaemonStateCoordinator] daemon is running. Sleeping until state changes.
2025-12-03T23:21:06.375+0700 [DEBUG] [org.gradle.launcher.daemon.server.exec.ReturnResult] Daemon is dispatching the build result: Success[value=org.gradle.launcher.exec.BuildActionResult@6fe2ff6b]
2025-12-03T23:21:06.375+0700 [DEBUG] [org.gradle.launcher.daemon.server.SynchronizedDispatchConnection] thread 646: dispatching Success[value=org.gradle.launcher.exec.BuildActionResult@6fe2ff6b]
2025-12-03T23:21:06.379+0700 [DEBUG] [org.gradle.launcher.daemon.server.DefaultIncomingConnectionHandler] Finishing executing command: Build{id=bdd39a7e-d9ef-4e30-bf52-88ab674eedd6, currentDir=D:\RemoteLamp}
2025-12-03T23:21:06.380+0700 [DEBUG] [org.gradle.launcher.daemon.server.exec.CleanUpVirtualFileSystemAfterBuild] Cleaning virtual file system after build finished
2025-12-03T23:21:06.384+0700 [DEBUG] [org.gradle.launcher.daemon.server.SynchronizedDispatchConnection] thread 647: received class org.gradle.launcher.daemon.protocol.CloseInput
2025-12-03T23:21:06.384+0700 [DEBUG] [org.gradle.launcher.daemon.server.DefaultDaemonConnection] thread 647: Received IO message from client: org.gradle.launcher.daemon.protocol.CloseInput@252ee1d7
2025-12-03T23:21:06.384+0700 [DEBUG] [org.gradle.launcher.daemon.server.SynchronizedDispatchConnection] thread 647: received class org.gradle.launcher.daemon.protocol.Finished
2025-12-03T23:21:06.384+0700 [DEBUG] [org.gradle.launcher.daemon.server.DefaultDaemonConnection] thread 647: Received non-IO message from client: org.gradle.launcher.daemon.protocol.Finished@2be91b02
2025-12-03T23:21:06.384+0700 [DEBUG] [org.gradle.launcher.daemon.server.DefaultIncomingConnectionHandler] Received finished message: org.gradle.launcher.daemon.protocol.Finished@2be91b02
2025-12-03T23:21:06.384+0700 [DEBUG] [org.gradle.internal.remote.internal.inet.SocketConnection] Discarding EOFException: java.io.EOFException
2025-12-03T23:21:06.384+0700 [DEBUG] [org.gradle.launcher.daemon.server.SynchronizedDispatchConnection] thread 646: stopping connection
2025-12-03T23:21:06.384+0700 [DEBUG] [org.gradle.launcher.daemon.server.SynchronizedDispatchConnection] thread 647: received null
2025-12-03T23:21:06.384+0700 [DEBUG] [org.gradle.launcher.daemon.server.DefaultDaemonConnection] thread 647: Received end-of-input from client.
2025-12-03T23:21:06.384+0700 [DEBUG] [org.gradle.launcher.daemon.server.SynchronizedDispatchConnection] thread 646: stopping connection
2025-12-03T23:21:06.483+0700 [DEBUG] [org.gradle.cache.internal.DefaultFileLockManager] Waiting to acquire shared lock on daemon addresses registry.
2025-12-03T23:21:06.484+0700 [DEBUG] [org.gradle.cache.internal.DefaultFileLockManager] Lock acquired on daemon addresses registry.
2025-12-03T23:21:06.484+0700 [DEBUG] [org.gradle.cache.internal.DefaultFileLockManager] Releasing lock on daemon addresses registry.
2025-12-03T23:21:06.485+0700 [DEBUG] [org.gradle.cache.internal.DefaultFileLockManager] Waiting to acquire shared lock on daemon addresses registry.
2025-12-03T23:21:06.485+0700 [DEBUG] [org.gradle.cache.internal.DefaultFileLockManager] Lock acquired on daemon addresses registry.
2025-12-03T23:21:06.487+0700 [DEBUG] [org.gradle.cache.internal.DefaultFileLockManager] Releasing lock on daemon addresses registry.
2025-12-03T23:21:08.055+0700 [DEBUG] [org.gradle.process.internal.health.memory.DefaultMemoryManager] 1894134579 virtual memory requested, 864559104 free
2025-12-03T23:21:08.055+0700 [DEBUG] [org.gradle.workers.internal.WorkerDaemonExpiration] Will attempt to release 1806 of memory
2025-12-03T23:21:08.055+0700 [DEBUG] [org.gradle.process.internal.health.memory.DefaultMemoryManager] 1894134579 virtual memory requested, 0 released, 864559104 free
2025-12-03T23:21:13.055+0700 [DEBUG] [org.gradle.process.internal.health.memory.DefaultMemoryManager] 1894134579 virtual memory requested, 874827776 free
2025-12-03T23:21:13.055+0700 [DEBUG] [org.gradle.workers.internal.WorkerDaemonExpiration] Will attempt to release 1806 of memory
2025-12-03T23:21:13.055+0700 [DEBUG] [org.gradle.process.internal.health.memory.DefaultMemoryManager] 1894134579 virtual memory requested, 0 released, 874827776 free
2025-12-03T23:21:16.482+0700 [DEBUG] [org.gradle.cache.internal.DefaultFileLockManager] Waiting to acquire shared lock on daemon addresses registry.
2025-12-03T23:21:16.483+0700 [DEBUG] [org.gradle.cache.internal.DefaultFileLockManager] Lock acquired on daemon addresses registry.
2025-12-03T23:21:16.483+0700 [DEBUG] [org.gradle.cache.internal.DefaultFileLockManager] Releasing lock on daemon addresses registry.
2025-12-03T23:21:16.483+0700 [DEBUG] [org.gradle.cache.internal.DefaultFileLockManager] Waiting to acquire shared lock on daemon addresses registry.
2025-12-03T23:21:16.483+0700 [DEBUG] [org.gradle.cache.internal.DefaultFileLockManager] Lock acquired on daemon addresses registry.
2025-12-03T23:21:16.484+0700 [DEBUG] [org.gradle.cache.internal.DefaultFileLockManager] Releasing lock on daemon addresses registry.
2025-12-03T23:21:16.484+0700 [DEBUG] [org.gradle.cache.internal.DefaultFileLockManager] Waiting to acquire shared lock on daemon addresses registry.
2025-12-03T23:21:16.484+0700 [DEBUG] [org.gradle.cache.internal.DefaultFileLockManager] Lock acquired on daemon addresses registry.
2025-12-03T23:21:16.484+0700 [DEBUG] [org.gradle.cache.internal.DefaultFileLockManager] Releasing lock on daemon addresses registry.
2025-12-03T23:21:18.055+0700 [DEBUG] [org.gradle.process.internal.health.memory.DefaultMemoryManager] 1894134579 virtual memory requested, 885641216 free
2025-12-03T23:21:18.055+0700 [DEBUG] [org.gradle.workers.internal.WorkerDaemonExpiration] Will attempt to release 1806 of memory
2025-12-03T23:21:18.055+0700 [DEBUG] [org.gradle.process.internal.health.memory.DefaultMemoryManager] 1894134579 virtual memory requested, 0 released, 885641216 free
2025-12-03T23:21:23.054+0700 [DEBUG] [org.gradle.process.internal.health.memory.DefaultMemoryManager] 1894134579 virtual memory requested, 878981120 free
2025-12-03T23:21:23.054+0700 [DEBUG] [org.gradle.workers.internal.WorkerDaemonExpiration] Will attempt to release 1806 of memory
2025-12-03T23:21:23.054+0700 [DEBUG] [org.gradle.process.internal.health.memory.DefaultMemoryManager] 1894134579 virtual memory requested, 0 released, 878981120 free
2025-12-03T23:21:26.482+0700 [DEBUG] [org.gradle.cache.internal.DefaultFileLockManager] Waiting to acquire shared lock on daemon addresses registry.
2025-12-03T23:21:26.482+0700 [DEBUG] [org.gradle.cache.internal.DefaultFileLockManager] Lock acquired on daemon addresses registry.
2025-12-03T23:21:26.483+0700 [DEBUG] [org.gradle.cache.internal.DefaultFileLockManager] Releasing lock on daemon addresses registry.
2025-12-03T23:21:26.483+0700 [DEBUG] [org.gradle.cache.internal.DefaultFileLockManager] Waiting to acquire shared lock on daemon addresses registry.
2025-12-03T23:21:26.483+0700 [DEBUG] [org.gradle.cache.internal.DefaultFileLockManager] Lock acquired on daemon addresses registry.
2025-12-03T23:21:26.483+0700 [DEBUG] [org.gradle.cache.internal.DefaultFileLockManager] Releasing lock on daemon addresses registry.
2025-12-03T23:21:26.484+0700 [DEBUG] [org.gradle.cache.internal.DefaultFileLockManager] Waiting to acquire shared lock on daemon addresses registry.
2025-12-03T23:21:26.484+0700 [DEBUG] [org.gradle.cache.internal.DefaultFileLockManager] Lock acquired on daemon addresses registry.
2025-12-03T23:21:26.484+0700 [DEBUG] [org.gradle.cache.internal.DefaultFileLockManager] Releasing lock on daemon addresses registry.
2025-12-03T23:21:28.055+0700 [DEBUG] [org.gradle.process.internal.health.memory.DefaultMemoryManager] 1894134579 virtual memory requested, 890241024 free
2025-12-03T23:21:28.055+0700 [DEBUG] [org.gradle.workers.internal.WorkerDaemonExpiration] Will attempt to release 1806 of memory
2025-12-03T23:21:28.055+0700 [DEBUG] [org.gradle.process.internal.health.memory.DefaultMemoryManager] 1894134579 virtual memory requested, 0 released, 890241024 free
2025-12-03T23:21:31.638+0700 [DEBUG] [sun.rmi.transport.tcp] RMI Scheduler(0): close connection, socket: Socket[addr=localhost/127.0.0.1,port=17518,localport=56035]
2025-12-03T23:21:31.660+0700 [DEBUG] [sun.rmi.transport.tcp] RMI Scheduler(0): close connection, socket: Socket[addr=localhost/127.0.0.1,port=17518,localport=56036]
2025-12-03T23:21:31.859+0700 [DEBUG] [sun.rmi.transport.tcp] RMI TCP Connection(9)-127.0.0.1: (port 54599) connection closed
2025-12-03T23:21:31.859+0700 [DEBUG] [sun.rmi.transport.tcp] RMI TCP Connection(9)-127.0.0.1: close connection, socket: Socket[addr=/127.0.0.1,port=56037,localport=54599]
2025-12-03T23:21:31.859+0700 [DEBUG] [sun.rmi.transport.tcp] RMI TCP Connection(9)-127.0.0.1: socket close: Socket[addr=/127.0.0.1,port=56037,localport=54599]
2025-12-03T23:21:33.055+0700 [DEBUG] [org.gradle.process.internal.health.memory.DefaultMemoryManager] 1894134579 virtual memory requested, 865624064 free
2025-12-03T23:21:33.055+0700 [DEBUG] [org.gradle.workers.internal.WorkerDaemonExpiration] Will attempt to release 1806 of memory
2025-12-03T23:21:33.056+0700 [DEBUG] [org.gradle.process.internal.health.memory.DefaultMemoryManager] 1894134579 virtual memory requested, 0 released, 865624064 free
2025-12-03T23:21:36.482+0700 [DEBUG] [org.gradle.cache.internal.DefaultFileLockManager] Waiting to acquire shared lock on daemon addresses registry.
2025-12-03T23:21:36.482+0700 [DEBUG] [org.gradle.cache.internal.DefaultFileLockManager] Lock acquired on daemon addresses registry.
2025-12-03T23:21:36.482+0700 [DEBUG] [org.gradle.cache.internal.DefaultFileLockManager] Releasing lock on daemon addresses registry.
2025-12-03T23:21:36.483+0700 [DEBUG] [org.gradle.cache.internal.DefaultFileLockManager] Waiting to acquire shared lock on daemon addresses registry.
2025-12-03T23:21:36.483+0700 [DEBUG] [org.gradle.cache.internal.DefaultFileLockManager] Lock acquired on daemon addresses registry.
2025-12-03T23:21:36.483+0700 [DEBUG] [org.gradle.cache.internal.DefaultFileLockManager] Releasing lock on daemon addresses registry.
2025-12-03T23:21:36.484+0700 [DEBUG] [org.gradle.cache.internal.DefaultFileLockManager] Waiting to acquire shared lock on daemon addresses registry.
2025-12-03T23:21:36.484+0700 [DEBUG] [org.gradle.cache.internal.DefaultFileLockManager] Lock acquired on daemon addresses registry.
2025-12-03T23:21:36.493+0700 [DEBUG] [org.gradle.cache.internal.DefaultFileLockManager] Releasing lock on daemon addresses registry.
2025-12-03T23:21:38.055+0700 [DEBUG] [org.gradle.process.internal.health.memory.DefaultMemoryManager] 1894134579 virtual memory requested, 892231680 free
2025-12-03T23:21:38.055+0700 [DEBUG] [org.gradle.workers.internal.WorkerDaemonExpiration] Will attempt to release 1806 of memory
2025-12-03T23:21:38.055+0700 [DEBUG] [org.gradle.process.internal.health.memory.DefaultMemoryManager] 1894134579 virtual memory requested, 0 released, 892231680 free
2025-12-03T23:21:43.055+0700 [DEBUG] [org.gradle.process.internal.health.memory.DefaultMemoryManager] 1894134579 virtual memory requested, 891723776 free
2025-12-03T23:21:43.055+0700 [DEBUG] [org.gradle.workers.internal.WorkerDaemonExpiration] Will attempt to release 1806 of memory
2025-12-03T23:21:43.055+0700 [DEBUG] [org.gradle.process.internal.health.memory.DefaultMemoryManager] 1894134579 virtual memory requested, 0 released, 891723776 free
2025-12-03T23:21:46.482+0700 [DEBUG] [org.gradle.cache.internal.DefaultFileLockManager] Waiting to acquire shared lock on daemon addresses registry.
2025-12-03T23:21:46.482+0700 [DEBUG] [org.gradle.cache.internal.DefaultFileLockManager] Lock acquired on daemon addresses registry.
2025-12-03T23:21:46.483+0700 [DEBUG] [org.gradle.cache.internal.DefaultFileLockManager] Releasing lock on daemon addresses registry.
2025-12-03T23:21:46.483+0700 [DEBUG] [org.gradle.cache.internal.DefaultFileLockManager] Waiting to acquire shared lock on daemon addresses registry.
2025-12-03T23:21:46.483+0700 [DEBUG] [org.gradle.cache.internal.DefaultFileLockManager] Lock acquired on daemon addresses registry.
2025-12-03T23:21:46.483+0700 [DEBUG] [org.gradle.cache.internal.DefaultFileLockManager] Releasing lock on daemon addresses registry.
2025-12-03T23:21:46.484+0700 [DEBUG] [org.gradle.cache.internal.DefaultFileLockManager] Waiting to acquire shared lock on daemon addresses registry.
2025-12-03T23:21:46.484+0700 [DEBUG] [org.gradle.cache.internal.DefaultFileLockManager] Lock acquired on daemon addresses registry.
2025-12-03T23:21:46.484+0700 [DEBUG] [org.gradle.cache.internal.DefaultFileLockManager] Releasing lock on daemon addresses registry.
2025-12-03T23:21:47.865+0700 [DEBUG] [org.gradle.internal.watch.vfs.impl.WatchingVirtualFileSystem] Handling VFS change CREATED D:\RemoteLamp\app\src\main\java\com\remotelamp\app\EnhancedConnectScreen.kt~
2025-12-03T23:21:47.867+0700 [DEBUG] [org.gradle.internal.watch.vfs.impl.WatchingVirtualFileSystem] Handling VFS change MODIFIED D:\RemoteLamp\app\src\main\java\com\remotelamp\app\EnhancedConnectScreen.kt
2025-12-03T23:21:48.056+0700 [DEBUG] [org.gradle.process.internal.health.memory.DefaultMemoryManager] 1894134579 virtual memory requested, 888983552 free
2025-12-03T23:21:48.056+0700 [DEBUG] [org.gradle.workers.internal.WorkerDaemonExpiration] Will attempt to release 1806 of memory
2025-12-03T23:21:48.056+0700 [DEBUG] [org.gradle.process.internal.health.memory.DefaultMemoryManager] 1894134579 virtual memory requested, 0 released, 888983552 free
2025-12-03T23:21:53.054+0700 [DEBUG] [org.gradle.process.internal.health.memory.DefaultMemoryManager] 794965606 physical memory requested, 704864256 free
2025-12-03T23:21:53.054+0700 [DEBUG] [org.gradle.workers.internal.WorkerDaemonExpiration] Will attempt to release 758 of memory
2025-12-03T23:21:53.055+0700 [DEBUG] [org.gradle.process.internal.health.memory.DefaultMemoryManager] 794965606 physical memory requested, 0 released, 704864256 free
2025-12-03T23:21:53.055+0700 [DEBUG] [org.gradle.process.internal.health.memory.DefaultMemoryManager] 1894134579 virtual memory requested, 773722112 free
2025-12-03T23:21:53.055+0700 [DEBUG] [org.gradle.workers.internal.WorkerDaemonExpiration] Will attempt to release 1806 of memory
2025-12-03T23:21:53.055+0700 [DEBUG] [org.gradle.process.internal.health.memory.DefaultMemoryManager] 1894134579 virtual memory requested, 0 released, 773722112 free
2025-12-03T23:21:56.492+0700 [DEBUG] [org.gradle.cache.internal.DefaultFileLockManager] Waiting to acquire shared lock on daemon addresses registry.
2025-12-03T23:21:56.493+0700 [DEBUG] [org.gradle.cache.internal.DefaultFileLockManager] Lock acquired on daemon addresses registry.
2025-12-03T23:21:56.493+0700 [DEBUG] [org.gradle.cache.internal.DefaultFileLockManager] Releasing lock on daemon addresses registry.
2025-12-03T23:21:56.493+0700 [DEBUG] [org.gradle.cache.internal.DefaultFileLockManager] Waiting to acquire shared lock on daemon addresses registry.
2025-12-03T23:21:56.493+0700 [DEBUG] [org.gradle.cache.internal.DefaultFileLockManager] Lock acquired on daemon addresses registry.
2025-12-03T23:21:56.494+0700 [DEBUG] [org.gradle.cache.internal.DefaultFileLockManager] Releasing lock on daemon addresses registry.
2025-12-03T23:21:56.497+0700 [DEBUG] [org.gradle.cache.internal.DefaultFileLockManager] Waiting to acquire shared lock on daemon addresses registry.
2025-12-03T23:21:56.497+0700 [DEBUG] [org.gradle.cache.internal.DefaultFileLockManager] Lock acquired on daemon addresses registry.
2025-12-03T23:21:56.498+0700 [DEBUG] [org.gradle.cache.internal.DefaultFileLockManager] Releasing lock on daemon addresses registry.
2025-12-03T23:21:58.060+0700 [DEBUG] [org.gradle.process.internal.health.memory.DefaultMemoryManager] 794965606 physical memory requested, 695656448 free
2025-12-03T23:21:58.060+0700 [DEBUG] [org.gradle.workers.internal.WorkerDaemonExpiration] Will attempt to release 758 of memory
2025-12-03T23:21:58.060+0700 [DEBUG] [org.gradle.process.internal.health.memory.DefaultMemoryManager] 794965606 physical memory requested, 0 released, 695656448 free
2025-12-03T23:21:58.061+0700 [DEBUG] [org.gradle.process.internal.health.memory.DefaultMemoryManager] 1894134579 virtual memory requested, 810393600 free
2025-12-03T23:21:58.061+0700 [DEBUG] [org.gradle.workers.internal.WorkerDaemonExpiration] Will attempt to release 1806 of memory
2025-12-03T23:21:58.061+0700 [DEBUG] [org.gradle.process.internal.health.memory.DefaultMemoryManager] 1894134579 virtual memory requested, 0 released, 810393600 free
2025-12-03T23:22:03.074+0700 [DEBUG] [org.gradle.process.internal.health.memory.DefaultMemoryManager] 794965606 physical memory requested, 687489024 free
2025-12-03T23:22:03.075+0700 [DEBUG] [org.gradle.workers.internal.WorkerDaemonExpiration] Will attempt to release 758 of memory
2025-12-03T23:22:03.075+0700 [DEBUG] [org.gradle.process.internal.health.memory.DefaultMemoryManager] 794965606 physical memory requested, 0 released, 687489024 free
2025-12-03T23:22:03.075+0700 [DEBUG] [org.gradle.process.internal.health.memory.DefaultMemoryManager] 1894134579 virtual memory requested, 847454208 free
2025-12-03T23:22:03.075+0700 [DEBUG] [org.gradle.workers.internal.WorkerDaemonExpiration] Will attempt to release 1806 of memory
2025-12-03T23:22:03.075+0700 [DEBUG] [org.gradle.process.internal.health.memory.DefaultMemoryManager] 1894134579 virtual memory requested, 0 released, 847454208 free
2025-12-03T23:22:06.490+0700 [DEBUG] [org.gradle.cache.internal.DefaultFileLockManager] Waiting to acquire shared lock on daemon addresses registry.
2025-12-03T23:22:06.491+0700 [DEBUG] [org.gradle.cache.internal.DefaultFileLockManager] Lock acquired on daemon addresses registry.
2025-12-03T23:22:06.491+0700 [DEBUG] [org.gradle.cache.internal.DefaultFileLockManager] Releasing lock on daemon addresses registry.
2025-12-03T23:22:06.492+0700 [DEBUG] [org.gradle.cache.internal.DefaultFileLockManager] Waiting to acquire shared lock on daemon addresses registry.
2025-12-03T23:22:06.492+0700 [DEBUG] [org.gradle.cache.internal.DefaultFileLockManager] Lock acquired on daemon addresses registry.
2025-12-03T23:22:06.492+0700 [DEBUG] [org.gradle.cache.internal.DefaultFileLockManager] Releasing lock on daemon addresses registry.
2025-12-03T23:22:06.493+0700 [DEBUG] [org.gradle.cache.internal.DefaultFileLockManager] Waiting to acquire shared lock on daemon addresses registry.
2025-12-03T23:22:06.493+0700 [DEBUG] [org.gradle.cache.internal.DefaultFileLockManager] Lock acquired on daemon addresses registry.
2025-12-03T23:22:06.493+0700 [DEBUG] [org.gradle.cache.internal.DefaultFileLockManager] Releasing lock on daemon addresses registry.
2025-12-03T23:22:08.061+0700 [DEBUG] [org.gradle.process.internal.health.memory.DefaultMemoryManager] 794965606 physical memory requested, 708460544 free
2025-12-03T23:22:08.061+0700 [DEBUG] [org.gradle.workers.internal.WorkerDaemonExpiration] Will attempt to release 758 of memory
2025-12-03T23:22:08.061+0700 [DEBUG] [org.gradle.process.internal.health.memory.DefaultMemoryManager] 794965606 physical memory requested, 0 released, 708460544 free
2025-12-03T23:22:08.061+0700 [DEBUG] [org.gradle.process.internal.health.memory.DefaultMemoryManager] 1894134579 virtual memory requested, 856748032 free
2025-12-03T23:22:08.061+0700 [DEBUG] [org.gradle.workers.internal.WorkerDaemonExpiration] Will attempt to release 1806 of memory
2025-12-03T23:22:08.061+0700 [DEBUG] [org.gradle.process.internal.health.memory.DefaultMemoryManager] 1894134579 virtual memory requested, 0 released, 856748032 free
2025-12-03T23:22:13.056+0700 [DEBUG] [org.gradle.process.internal.health.memory.DefaultMemoryManager] 794965606 physical memory requested, 691421184 free
2025-12-03T23:22:13.056+0700 [DEBUG] [org.gradle.workers.internal.WorkerDaemonExpiration] Will attempt to release 758 of memory
2025-12-03T23:22:13.056+0700 [DEBUG] [org.gradle.process.internal.health.memory.DefaultMemoryManager] 794965606 physical memory requested, 0 released, 691421184 free
2025-12-03T23:22:13.057+0700 [DEBUG] [org.gradle.process.internal.health.memory.DefaultMemoryManager] 1894134579 virtual memory requested, 849960960 free
2025-12-03T23:22:13.057+0700 [DEBUG] [org.gradle.workers.internal.WorkerDaemonExpiration] Will attempt to release 1806 of memory
2025-12-03T23:22:13.057+0700 [DEBUG] [org.gradle.process.internal.health.memory.DefaultMemoryManager] 1894134579 virtual memory requested, 0 released, 849960960 free
2025-12-03T23:22:16.490+0700 [DEBUG] [org.gradle.cache.internal.DefaultFileLockManager] Waiting to acquire shared lock on daemon addresses registry.
2025-12-03T23:22:16.490+0700 [DEBUG] [org.gradle.cache.internal.DefaultFileLockManager] Lock acquired on daemon addresses registry.
2025-12-03T23:22:16.491+0700 [DEBUG] [org.gradle.cache.internal.DefaultFileLockManager] Releasing lock on daemon addresses registry.
2025-12-03T23:22:16.492+0700 [DEBUG] [org.gradle.cache.internal.DefaultFileLockManager] Waiting to acquire shared lock on daemon addresses registry.
2025-12-03T23:22:16.492+0700 [DEBUG] [org.gradle.cache.internal.DefaultFileLockManager] Lock acquired on daemon addresses registry.
2025-12-03T23:22:16.492+0700 [DEBUG] [org.gradle.cache.internal.DefaultFileLockManager] Releasing lock on daemon addresses registry.
2025-12-03T23:22:16.493+0700 [DEBUG] [org.gradle.cache.internal.DefaultFileLockManager] Waiting to acquire shared lock on daemon addresses registry.
2025-12-03T23:22:16.493+0700 [DEBUG] [org.gradle.cache.internal.DefaultFileLockManager] Lock acquired on daemon addresses registry.
2025-12-03T23:22:16.493+0700 [DEBUG] [org.gradle.cache.internal.DefaultFileLockManager] Releasing lock on daemon addresses registry.
2025-12-03T23:22:18.057+0700 [DEBUG] [org.gradle.process.internal.health.memory.DefaultMemoryManager] 794965606 physical memory requested, 623890432 free
2025-12-03T23:22:18.057+0700 [DEBUG] [org.gradle.workers.internal.WorkerDaemonExpiration] Will attempt to release 758 of memory
2025-12-03T23:22:18.057+0700 [DEBUG] [org.gradle.process.internal.health.memory.DefaultMemoryManager] 794965606 physical memory requested, 0 released, 623890432 free
2025-12-03T23:22:18.057+0700 [DEBUG] [org.gradle.process.internal.health.memory.DefaultMemoryManager] 1894134579 virtual memory requested, 659968000 free
2025-12-03T23:22:18.058+0700 [DEBUG] [org.gradle.workers.internal.WorkerDaemonExpiration] Will attempt to release 1806 of memory
2025-12-03T23:22:18.058+0700 [DEBUG] [org.gradle.process.internal.health.memory.DefaultMemoryManager] 1894134579 virtual memory requested, 0 released, 659968000 free
2025-12-03T23:22:23.058+0700 [DEBUG] [org.gradle.process.internal.health.memory.DefaultMemoryManager] 794965606 physical memory requested, 627843072 free
2025-12-03T23:22:23.058+0700 [DEBUG] [org.gradle.workers.internal.WorkerDaemonExpiration] Will attempt to release 758 of memory
2025-12-03T23:22:23.058+0700 [DEBUG] [org.gradle.process.internal.health.memory.DefaultMemoryManager] 794965606 physical memory requested, 0 released, 627843072 free
2025-12-03T23:22:23.058+0700 [DEBUG] [org.gradle.process.internal.health.memory.DefaultMemoryManager] 1894134579 virtual memory requested, 808939520 free
2025-12-03T23:22:23.058+0700 [DEBUG] [org.gradle.workers.internal.WorkerDaemonExpiration] Will attempt to release 1806 of memory
2025-12-03T23:22:23.058+0700 [DEBUG] [org.gradle.process.internal.health.memory.DefaultMemoryManager] 1894134579 virtual memory requested, 0 released, 808939520 free
2025-12-03T23:22:26.492+0700 [DEBUG] [org.gradle.cache.internal.DefaultFileLockManager] Waiting to acquire shared lock on daemon addresses registry.
2025-12-03T23:22:26.492+0700 [DEBUG] [org.gradle.cache.internal.DefaultFileLockManager] Lock acquired on daemon addresses registry.
2025-12-03T23:22:26.493+0700 [DEBUG] [org.gradle.cache.internal.DefaultFileLockManager] Releasing lock on daemon addresses registry.
2025-12-03T23:22:26.493+0700 [DEBUG] [org.gradle.cache.internal.DefaultFileLockManager] Waiting to acquire shared lock on daemon addresses registry.
2025-12-03T23:22:26.494+0700 [DEBUG] [org.gradle.cache.internal.DefaultFileLockManager] Lock acquired on daemon addresses registry.
2025-12-03T23:22:26.495+0700 [DEBUG] [org.gradle.cache.internal.DefaultFileLockManager] Releasing lock on daemon addresses registry.
2025-12-03T23:22:26.495+0700 [DEBUG] [org.gradle.cache.internal.DefaultFileLockManager] Waiting to acquire shared lock on daemon addresses registry.
2025-12-03T23:22:26.495+0700 [DEBUG] [org.gradle.cache.internal.DefaultFileLockManager] Lock acquired on daemon addresses registry.
2025-12-03T23:22:26.496+0700 [DEBUG] [org.gradle.cache.internal.DefaultFileLockManager] Releasing lock on daemon addresses registry.
2025-12-03T23:22:28.055+0700 [DEBUG] [org.gradle.process.internal.health.memory.DefaultMemoryManager] 794965606 physical memory requested, 568033280 free
2025-12-03T23:22:28.055+0700 [DEBUG] [org.gradle.workers.internal.WorkerDaemonExpiration] Will attempt to release 758 of memory
2025-12-03T23:22:28.056+0700 [DEBUG] [org.gradle.process.internal.health.memory.DefaultMemoryManager] 794965606 physical memory requested, 0 released, 568033280 free
2025-12-03T23:22:28.056+0700 [DEBUG] [org.gradle.process.internal.health.memory.DefaultMemoryManager] 1894134579 virtual memory requested, 693739520 free
2025-12-03T23:22:28.056+0700 [DEBUG] [org.gradle.workers.internal.WorkerDaemonExpiration] Will attempt to release 1806 of memory
2025-12-03T23:22:28.056+0700 [DEBUG] [org.gradle.process.internal.health.memory.DefaultMemoryManager] 1894134579 virtual memory requested, 0 released, 693739520 free
2025-12-03T23:22:33.064+0700 [DEBUG] [org.gradle.process.internal.health.memory.DefaultMemoryManager] 794965606 physical memory requested, 611790848 free
2025-12-03T23:22:33.064+0700 [DEBUG] [org.gradle.workers.internal.WorkerDaemonExpiration] Will attempt to release 758 of memory
2025-12-03T23:22:33.064+0700 [DEBUG] [org.gradle.process.internal.health.memory.DefaultMemoryManager] 794965606 physical memory requested, 0 released, 611790848 free
2025-12-03T23:22:33.064+0700 [DEBUG] [org.gradle.process.internal.health.memory.DefaultMemoryManager] 1894134579 virtual memory requested, 657461248 free
2025-12-03T23:22:33.064+0700 [DEBUG] [org.gradle.workers.internal.WorkerDaemonExpiration] Will attempt to release 1806 of memory
2025-12-03T23:22:33.064+0700 [DEBUG] [org.gradle.process.internal.health.memory.DefaultMemoryManager] 1894134579 virtual memory requested, 0 released, 657461248 free
2025-12-03T23:22:36.490+0700 [DEBUG] [org.gradle.cache.internal.DefaultFileLockManager] Waiting to acquire shared lock on daemon addresses registry.
2025-12-03T23:22:36.491+0700 [DEBUG] [org.gradle.cache.internal.DefaultFileLockManager] Lock acquired on daemon addresses registry.
2025-12-03T23:22:36.491+0700 [DEBUG] [org.gradle.cache.internal.DefaultFileLockManager] Releasing lock on daemon addresses registry.
2025-12-03T23:22:36.492+0700 [DEBUG] [org.gradle.cache.internal.DefaultFileLockManager] Waiting to acquire shared lock on daemon addresses registry.
2025-12-03T23:22:36.492+0700 [DEBUG] [org.gradle.cache.internal.DefaultFileLockManager] Lock acquired on daemon addresses registry.
2025-12-03T23:22:36.492+0700 [DEBUG] [org.gradle.cache.internal.DefaultFileLockManager] Releasing lock on daemon addresses registry.
2025-12-03T23:22:36.493+0700 [DEBUG] [org.gradle.cache.internal.DefaultFileLockManager] Waiting to acquire shared lock on daemon addresses registry.
2025-12-03T23:22:36.493+0700 [DEBUG] [org.gradle.cache.internal.DefaultFileLockManager] Lock acquired on daemon addresses registry.
2025-12-03T23:22:36.493+0700 [DEBUG] [org.gradle.cache.internal.DefaultFileLockManager] Releasing lock on daemon addresses registry.
2025-12-03T23:22:38.059+0700 [DEBUG] [org.gradle.process.internal.health.memory.DefaultMemoryManager] 794965606 physical memory requested, 600117248 free
2025-12-03T23:22:38.059+0700 [DEBUG] [org.gradle.workers.internal.WorkerDaemonExpiration] Will attempt to release 758 of memory
2025-12-03T23:22:38.059+0700 [DEBUG] [org.gradle.process.internal.health.memory.DefaultMemoryManager] 794965606 physical memory requested, 0 released, 600117248 free
2025-12-03T23:22:38.060+0700 [DEBUG] [org.gradle.process.internal.health.memory.DefaultMemoryManager] 1894134579 virtual memory requested, 692776960 free
2025-12-03T23:22:38.060+0700 [DEBUG] [org.gradle.workers.internal.WorkerDaemonExpiration] Will attempt to release 1806 of memory
2025-12-03T23:22:38.060+0700 [DEBUG] [org.gradle.process.internal.health.memory.DefaultMemoryManager] 1894134579 virtual memory requested, 0 released, 692776960 free
2025-12-03T23:22:43.055+0700 [DEBUG] [org.gradle.process.internal.health.memory.DefaultMemoryManager] 794965606 physical memory requested, 551014400 free
2025-12-03T23:22:43.055+0700 [DEBUG] [org.gradle.workers.internal.WorkerDaemonExpiration] Will attempt to release 758 of memory
2025-12-03T23:22:43.055+0700 [DEBUG] [org.gradle.process.internal.health.memory.DefaultMemoryManager] 794965606 physical memory requested, 0 released, 551014400 free
2025-12-03T23:22:43.055+0700 [DEBUG] [org.gradle.process.internal.health.memory.DefaultMemoryManager] 1894134579 virtual memory requested, 700174336 free
2025-12-03T23:22:43.055+0700 [DEBUG] [org.gradle.workers.internal.WorkerDaemonExpiration] Will attempt to release 1806 of memory
2025-12-03T23:22:43.055+0700 [DEBUG] [org.gradle.process.internal.health.memory.DefaultMemoryManager] 1894134579 virtual memory requested, 0 released, 700174336 free
2025-12-03T23:22:46.506+0700 [DEBUG] [org.gradle.cache.internal.DefaultFileLockManager] Waiting to acquire shared lock on daemon addresses registry.
2025-12-03T23:22:46.506+0700 [DEBUG] [org.gradle.cache.internal.DefaultFileLockManager] Lock acquired on daemon addresses registry.
2025-12-03T23:22:46.506+0700 [DEBUG] [org.gradle.cache.internal.DefaultFileLockManager] Releasing lock on daemon addresses registry.
2025-12-03T23:22:46.507+0700 [DEBUG] [org.gradle.cache.internal.DefaultFileLockManager] Waiting to acquire shared lock on daemon addresses registry.
2025-12-03T23:22:46.507+0700 [DEBUG] [org.gradle.cache.internal.DefaultFileLockManager] Lock acquired on daemon addresses registry.
2025-12-03T23:22:46.507+0700 [DEBUG] [org.gradle.cache.internal.DefaultFileLockManager] Releasing lock on daemon addresses registry.
2025-12-03T23:22:46.508+0700 [DEBUG] [org.gradle.cache.internal.DefaultFileLockManager] Waiting to acquire shared lock on daemon addresses registry.
2025-12-03T23:22:46.508+0700 [DEBUG] [org.gradle.cache.internal.DefaultFileLockManager] Lock acquired on daemon addresses registry.
2025-12-03T23:22:46.508+0700 [DEBUG] [org.gradle.cache.internal.DefaultFileLockManager] Releasing lock on daemon addresses registry.
2025-12-03T23:22:48.070+0700 [DEBUG] [org.gradle.process.internal.health.memory.DefaultMemoryManager] 794965606 physical memory requested, 517230592 free
2025-12-03T23:22:48.070+0700 [DEBUG] [org.gradle.workers.internal.WorkerDaemonExpiration] Will attempt to release 758 of memory
2025-12-03T23:22:48.070+0700 [DEBUG] [org.gradle.process.internal.health.memory.DefaultMemoryManager] 794965606 physical memory requested, 0 released, 517230592 free
2025-12-03T23:22:48.070+0700 [DEBUG] [org.gradle.process.internal.health.memory.DefaultMemoryManager] 1894134579 virtual memory requested, 653266944 free
2025-12-03T23:22:48.070+0700 [DEBUG] [org.gradle.workers.internal.WorkerDaemonExpiration] Will attempt to release 1806 of memory
2025-12-03T23:22:48.070+0700 [DEBUG] [org.gradle.process.internal.health.memory.DefaultMemoryManager] 1894134579 virtual memory requested, 0 released, 653266944 free
2025-12-03T23:22:53.068+0700 [DEBUG] [org.gradle.process.internal.health.memory.DefaultMemoryManager] 1894134579 virtual memory requested, 617472000 free
2025-12-03T23:22:53.069+0700 [DEBUG] [org.gradle.workers.internal.WorkerDaemonExpiration] Will attempt to release 1806 of memory
2025-12-03T23:22:53.069+0700 [DEBUG] [org.gradle.process.internal.health.memory.DefaultMemoryManager] 1894134579 virtual memory requested, 0 released, 617472000 free
2025-12-03T23:22:56.489+0700 [DEBUG] [org.gradle.cache.internal.DefaultFileLockManager] Waiting to acquire shared lock on daemon addresses registry.
2025-12-03T23:22:56.490+0700 [DEBUG] [org.gradle.cache.internal.DefaultFileLockManager] Lock acquired on daemon addresses registry.
2025-12-03T23:22:56.490+0700 [DEBUG] [org.gradle.cache.internal.DefaultFileLockManager] Releasing lock on daemon addresses registry.
2025-12-03T23:22:56.491+0700 [DEBUG] [org.gradle.cache.internal.DefaultFileLockManager] Waiting to acquire shared lock on daemon addresses registry.
2025-12-03T23:22:56.492+0700 [DEBUG] [org.gradle.cache.internal.DefaultFileLockManager] Lock acquired on daemon addresses registry.
2025-12-03T23:22:56.492+0700 [DEBUG] [org.gradle.cache.internal.DefaultFileLockManager] Releasing lock on daemon addresses registry.
2025-12-03T23:22:56.492+0700 [DEBUG] [org.gradle.cache.internal.DefaultFileLockManager] Waiting to acquire shared lock on daemon addresses registry.
2025-12-03T23:22:56.493+0700 [DEBUG] [org.gradle.cache.internal.DefaultFileLockManager] Lock acquired on daemon addresses registry.
2025-12-03T23:22:56.493+0700 [DEBUG] [org.gradle.cache.internal.DefaultFileLockManager] Releasing lock on daemon addresses registry.
2025-12-03T23:22:58.055+0700 [DEBUG] [org.gradle.process.internal.health.memory.DefaultMemoryManager] 1894134579 virtual memory requested, 580501504 free
2025-12-03T23:22:58.056+0700 [DEBUG] [org.gradle.workers.internal.WorkerDaemonExpiration] Will attempt to release 1806 of memory
2025-12-03T23:22:58.056+0700 [DEBUG] [org.gradle.process.internal.health.memory.DefaultMemoryManager] 1894134579 virtual memory requested, 0 released, 580501504 free
2025-12-03T23:23:03.057+0700 [DEBUG] [org.gradle.process.internal.health.memory.DefaultMemoryManager] 794965606 physical memory requested, 791330816 free
2025-12-03T23:23:03.057+0700 [DEBUG] [org.gradle.workers.internal.WorkerDaemonExpiration] Will attempt to release 758 of memory
2025-12-03T23:23:03.057+0700 [DEBUG] [org.gradle.process.internal.health.memory.DefaultMemoryManager] 794965606 physical memory requested, 0 released, 791330816 free
2025-12-03T23:23:03.057+0700 [DEBUG] [org.gradle.process.internal.health.memory.DefaultMemoryManager] 1894134579 virtual memory requested, 515493888 free
2025-12-03T23:23:03.059+0700 [DEBUG] [org.gradle.workers.internal.WorkerDaemonExpiration] Will attempt to release 1806 of memory
2025-12-03T23:23:03.059+0700 [DEBUG] [org.gradle.process.internal.health.memory.DefaultMemoryManager] 1894134579 virtual memory requested, 0 released, 515493888 free
2025-12-03T23:23:06.489+0700 [DEBUG] [org.gradle.cache.internal.DefaultFileLockManager] Waiting to acquire shared lock on daemon addresses registry.
2025-12-03T23:23:06.490+0700 [DEBUG] [org.gradle.cache.internal.DefaultFileLockManager] Lock acquired on daemon addresses registry.
2025-12-03T23:23:06.490+0700 [DEBUG] [org.gradle.cache.internal.DefaultFileLockManager] Releasing lock on daemon addresses registry.
2025-12-03T23:23:06.490+0700 [DEBUG] [org.gradle.cache.internal.DefaultFileLockManager] Waiting to acquire shared lock on daemon addresses registry.
2025-12-03T23:23:06.490+0700 [DEBUG] [org.gradle.cache.internal.DefaultFileLockManager] Lock acquired on daemon addresses registry.
2025-12-03T23:23:06.491+0700 [DEBUG] [org.gradle.cache.internal.DefaultFileLockManager] Releasing lock on daemon addresses registry.
2025-12-03T23:23:06.491+0700 [DEBUG] [org.gradle.cache.internal.DefaultFileLockManager] Waiting to acquire shared lock on daemon addresses registry.
2025-12-03T23:23:06.491+0700 [DEBUG] [org.gradle.cache.internal.DefaultFileLockManager] Lock acquired on daemon addresses registry.
2025-12-03T23:23:06.491+0700 [DEBUG] [org.gradle.cache.internal.DefaultFileLockManager] Releasing lock on daemon addresses registry.
2025-12-03T23:23:08.054+0700 [DEBUG] [org.gradle.process.internal.health.memory.DefaultMemoryManager] 794965606 physical memory requested, 742420480 free
2025-12-03T23:23:08.054+0700 [DEBUG] [org.gradle.workers.internal.WorkerDaemonExpiration] Will attempt to release 758 of memory
2025-12-03T23:23:08.054+0700 [DEBUG] [org.gradle.process.internal.health.memory.DefaultMemoryManager] 794965606 physical memory requested, 0 released, 742420480 free
2025-12-03T23:23:08.054+0700 [DEBUG] [org.gradle.process.internal.health.memory.DefaultMemoryManager] 1894134579 virtual memory requested, 802652160 free
2025-12-03T23:23:08.054+0700 [DEBUG] [org.gradle.workers.internal.WorkerDaemonExpiration] Will attempt to release 1806 of memory
2025-12-03T23:23:08.055+0700 [DEBUG] [org.gradle.process.internal.health.memory.DefaultMemoryManager] 1894134579 virtual memory requested, 0 released, 802652160 free
2025-12-03T23:23:13.067+0700 [DEBUG] [org.gradle.process.internal.health.memory.DefaultMemoryManager] 794965606 physical memory requested, 655011840 free
2025-12-03T23:23:13.068+0700 [DEBUG] [org.gradle.workers.internal.WorkerDaemonExpiration] Will attempt to release 758 of memory
2025-12-03T23:23:13.068+0700 [DEBUG] [org.gradle.process.internal.health.memory.DefaultMemoryManager] 794965606 physical memory requested, 0 released, 655011840 free
2025-12-03T23:23:13.068+0700 [DEBUG] [org.gradle.process.internal.health.memory.DefaultMemoryManager] 1894134579 virtual memory requested, 696246272 free
2025-12-03T23:23:13.068+0700 [DEBUG] [org.gradle.workers.internal.WorkerDaemonExpiration] Will attempt to release 1806 of memory
2025-12-03T23:23:13.068+0700 [DEBUG] [org.gradle.process.internal.health.memory.DefaultMemoryManager] 1894134579 virtual memory requested, 0 released, 696246272 free
2025-12-03T23:23:16.487+0700 [DEBUG] [org.gradle.cache.internal.DefaultFileLockManager] Waiting to acquire shared lock on daemon addresses registry.
2025-12-03T23:23:16.487+0700 [DEBUG] [org.gradle.cache.internal.DefaultFileLockManager] Lock acquired on daemon addresses registry.
2025-12-03T23:23:16.487+0700 [DEBUG] [org.gradle.cache.internal.DefaultFileLockManager] Releasing lock on daemon addresses registry.
2025-12-03T23:23:16.488+0700 [DEBUG] [org.gradle.cache.internal.DefaultFileLockManager] Waiting to acquire shared lock on daemon addresses registry.
2025-12-03T23:23:16.488+0700 [DEBUG] [org.gradle.cache.internal.DefaultFileLockManager] Lock acquired on daemon addresses registry.
2025-12-03T23:23:16.488+0700 [DEBUG] [org.gradle.cache.internal.DefaultFileLockManager] Releasing lock on daemon addresses registry.
2025-12-03T23:23:16.489+0700 [DEBUG] [org.gradle.cache.internal.DefaultFileLockManager] Waiting to acquire shared lock on daemon addresses registry.
2025-12-03T23:23:16.489+0700 [DEBUG] [org.gradle.cache.internal.DefaultFileLockManager] Lock acquired on daemon addresses registry.
2025-12-03T23:23:16.489+0700 [DEBUG] [org.gradle.cache.internal.DefaultFileLockManager] Releasing lock on daemon addresses registry.
2025-12-03T23:23:18.075+0700 [DEBUG] [org.gradle.process.internal.health.memory.DefaultMemoryManager] 794965606 physical memory requested, 600948736 free
2025-12-03T23:23:18.075+0700 [DEBUG] [org.gradle.workers.internal.WorkerDaemonExpiration] Will attempt to release 758 of memory
2025-12-03T23:23:18.076+0700 [DEBUG] [org.gradle.process.internal.health.memory.DefaultMemoryManager] 794965606 physical memory requested, 0 released, 600948736 free
2025-12-03T23:23:18.076+0700 [DEBUG] [org.gradle.process.internal.health.memory.DefaultMemoryManager] 1894134579 virtual memory requested, 772792320 free
2025-12-03T23:23:18.076+0700 [DEBUG] [org.gradle.workers.internal.WorkerDaemonExpiration] Will attempt to release 1806 of memory
2025-12-03T23:23:18.076+0700 [DEBUG] [org.gradle.process.internal.health.memory.DefaultMemoryManager] 1894134579 virtual memory requested, 0 released, 772792320 free
2025-12-03T23:23:23.053+0700 [DEBUG] [org.gradle.process.internal.health.memory.DefaultMemoryManager] 794965606 physical memory requested, 555347968 free
2025-12-03T23:23:23.054+0700 [DEBUG] [org.gradle.workers.internal.WorkerDaemonExpiration] Will attempt to release 758 of memory
2025-12-03T23:23:23.054+0700 [DEBUG] [org.gradle.process.internal.health.memory.DefaultMemoryManager] 794965606 physical memory requested, 0 released, 555347968 free
2025-12-03T23:23:23.054+0700 [DEBUG] [org.gradle.process.internal.health.memory.DefaultMemoryManager] 1894134579 virtual memory requested, 795475968 free
2025-12-03T23:23:23.054+0700 [DEBUG] [org.gradle.workers.internal.WorkerDaemonExpiration] Will attempt to release 1806 of memory
2025-12-03T23:23:23.054+0700 [DEBUG] [org.gradle.process.internal.health.memory.DefaultMemoryManager] 1894134579 virtual memory requested, 0 released, 795475968 free
2025-12-03T23:23:26.493+0700 [DEBUG] [org.gradle.cache.internal.DefaultFileLockManager] Waiting to acquire shared lock on daemon addresses registry.
2025-12-03T23:23:26.494+0700 [DEBUG] [org.gradle.cache.internal.DefaultFileLockManager] Lock acquired on daemon addresses registry.
2025-12-03T23:23:26.494+0700 [DEBUG] [org.gradle.cache.internal.DefaultFileLockManager] Releasing lock on daemon addresses registry.
2025-12-03T23:23:26.495+0700 [DEBUG] [org.gradle.cache.internal.DefaultFileLockManager] Waiting to acquire shared lock on daemon addresses registry.
2025-12-03T23:23:26.495+0700 [DEBUG] [org.gradle.cache.internal.DefaultFileLockManager] Lock acquired on daemon addresses registry.
2025-12-03T23:23:26.496+0700 [DEBUG] [org.gradle.cache.internal.DefaultFileLockManager] Releasing lock on daemon addresses registry.
2025-12-03T23:23:26.496+0700 [DEBUG] [org.gradle.cache.internal.DefaultFileLockManager] Waiting to acquire shared lock on daemon addresses registry.
2025-12-03T23:23:26.496+0700 [DEBUG] [org.gradle.cache.internal.DefaultFileLockManager] Lock acquired on daemon addresses registry.
2025-12-03T23:23:26.496+0700 [DEBUG] [org.gradle.cache.internal.DefaultFileLockManager] Releasing lock on daemon addresses registry.
2025-12-03T23:23:28.058+0700 [DEBUG] [org.gradle.process.internal.health.memory.DefaultMemoryManager] 1894134579 virtual memory requested, 795131904 free
2025-12-03T23:23:28.058+0700 [DEBUG] [org.gradle.workers.internal.WorkerDaemonExpiration] Will attempt to release 1806 of memory
2025-12-03T23:23:28.058+0700 [DEBUG] [org.gradle.process.internal.health.memory.DefaultMemoryManager] 1894134579 virtual memory requested, 0 released, 795131904 free
2025-12-03T23:23:33.055+0700 [DEBUG] [org.gradle.process.internal.health.memory.DefaultMemoryManager] 1894134579 virtual memory requested, 773402624 free
2025-12-03T23:23:33.055+0700 [DEBUG] [org.gradle.workers.internal.WorkerDaemonExpiration] Will attempt to release 1806 of memory
2025-12-03T23:23:33.055+0700 [DEBUG] [org.gradle.process.internal.health.memory.DefaultMemoryManager] 1894134579 virtual memory requested, 0 released, 773402624 free
2025-12-03T23:23:36.483+0700 [DEBUG] [org.gradle.cache.internal.DefaultFileLockManager] Waiting to acquire shared lock on daemon addresses registry.
2025-12-03T23:23:36.492+0700 [DEBUG] [org.gradle.cache.internal.DefaultFileLockManager] Lock acquired on daemon addresses registry.
2025-12-03T23:23:36.492+0700 [DEBUG] [org.gradle.cache.internal.DefaultFileLockManager] Releasing lock on daemon addresses registry.
2025-12-03T23:23:36.493+0700 [DEBUG] [org.gradle.cache.internal.DefaultFileLockManager] Waiting to acquire shared lock on daemon addresses registry.
2025-12-03T23:23:36.493+0700 [DEBUG] [org.gradle.cache.internal.DefaultFileLockManager] Lock acquired on daemon addresses registry.
2025-12-03T23:23:36.493+0700 [DEBUG] [org.gradle.cache.internal.DefaultFileLockManager] Releasing lock on daemon addresses registry.
2025-12-03T23:23:36.494+0700 [DEBUG] [org.gradle.cache.internal.DefaultFileLockManager] Waiting to acquire shared lock on daemon addresses registry.
2025-12-03T23:23:36.494+0700 [DEBUG] [org.gradle.cache.internal.DefaultFileLockManager] Lock acquired on daemon addresses registry.
2025-12-03T23:23:36.494+0700 [DEBUG] [org.gradle.cache.internal.DefaultFileLockManager] Releasing lock on daemon addresses registry.
2025-12-03T23:23:38.055+0700 [DEBUG] [org.gradle.process.internal.health.memory.DefaultMemoryManager] 1894134579 virtual memory requested, 797450240 free
2025-12-03T23:23:38.055+0700 [DEBUG] [org.gradle.workers.internal.WorkerDaemonExpiration] Will attempt to release 1806 of memory
2025-12-03T23:23:38.055+0700 [DEBUG] [org.gradle.process.internal.health.memory.DefaultMemoryManager] 1894134579 virtual memory requested, 0 released, 797450240 free
2025-12-03T23:23:42.385+0700 [DEBUG] [sun.rmi.transport.tcp] RMI TCP Connection(10)-127.0.0.1: accepted socket from [127.0.0.1:65320]
2025-12-03T23:23:42.392+0700 [DEBUG] [sun.rmi.transport.tcp] RMI TCP Connection(10)-127.0.0.1: (port 54599) op = 80
2025-12-03T23:23:42.401+0700 [DEBUG] [sun.rmi.loader] RMI TCP Connection(10)-127.0.0.1: name = "[Ljava.rmi.server.ObjID;", codebase = "", defaultLoader = jdk.internal.loader.ClassLoaders$PlatformClassLoader@13701091
2025-12-03T23:23:42.404+0700 [DEBUG] [sun.rmi.loader] RMI TCP Connection(10)-127.0.0.1: name = "java.rmi.dgc.Lease", codebase = "", defaultLoader = jdk.internal.loader.ClassLoaders$PlatformClassLoader@13701091
2025-12-03T23:23:42.405+0700 [DEBUG] [sun.rmi.loader] RMI TCP Connection(10)-127.0.0.1: name = "java.rmi.dgc.VMID", codebase = "", defaultLoader = jdk.internal.loader.ClassLoaders$PlatformClassLoader@13701091
2025-12-03T23:23:42.406+0700 [DEBUG] [sun.rmi.loader] RMI TCP Connection(10)-127.0.0.1: name = "[B", codebase = "", defaultLoader = jdk.internal.loader.ClassLoaders$PlatformClassLoader@13701091
2025-12-03T23:23:42.406+0700 [DEBUG] [sun.rmi.loader] RMI TCP Connection(10)-127.0.0.1: name = "java.rmi.server.UID", codebase = "", defaultLoader = jdk.internal.loader.ClassLoaders$PlatformClassLoader@13701091
2025-12-03T23:23:43.055+0700 [DEBUG] [org.gradle.process.internal.health.memory.DefaultMemoryManager] 1894134579 virtual memory requested, 680562688 free
2025-12-03T23:23:43.055+0700 [DEBUG] [org.gradle.workers.internal.WorkerDaemonExpiration] Will attempt to release 1806 of memory
2025-12-03T23:23:43.055+0700 [DEBUG] [org.gradle.process.internal.health.memory.DefaultMemoryManager] 1894134579 virtual memory requested, 0 released, 680562688 free
2025-12-03T23:23:46.484+0700 [DEBUG] [org.gradle.cache.internal.DefaultFileLockManager] Waiting to acquire shared lock on daemon addresses registry.
2025-12-03T23:23:46.484+0700 [DEBUG] [org.gradle.cache.internal.DefaultFileLockManager] Lock acquired on daemon addresses registry.
2025-12-03T23:23:46.485+0700 [DEBUG] [org.gradle.cache.internal.DefaultFileLockManager] Releasing lock on daemon addresses registry.
2025-12-03T23:23:46.485+0700 [DEBUG] [org.gradle.cache.internal.DefaultFileLockManager] Waiting to acquire shared lock on daemon addresses registry.
2025-12-03T23:23:46.485+0700 [DEBUG] [org.gradle.cache.internal.DefaultFileLockManager] Lock acquired on daemon addresses registry.
2025-12-03T23:23:46.485+0700 [DEBUG] [org.gradle.cache.internal.DefaultFileLockManager] Releasing lock on daemon addresses registry.
2025-12-03T23:23:46.486+0700 [DEBUG] [org.gradle.cache.internal.DefaultFileLockManager] Waiting to acquire shared lock on daemon addresses registry.
2025-12-03T23:23:46.486+0700 [DEBUG] [org.gradle.cache.internal.DefaultFileLockManager] Lock acquired on daemon addresses registry.
2025-12-03T23:23:46.486+0700 [DEBUG] [org.gradle.cache.internal.DefaultFileLockManager] Releasing lock on daemon addresses registry.
2025-12-03T23:23:48.066+0700 [DEBUG] [org.gradle.process.internal.health.memory.DefaultMemoryManager] 1894134579 virtual memory requested, 749309952 free
2025-12-03T23:23:48.066+0700 [DEBUG] [org.gradle.workers.internal.WorkerDaemonExpiration] Will attempt to release 1806 of memory
2025-12-03T23:23:48.066+0700 [DEBUG] [org.gradle.process.internal.health.memory.DefaultMemoryManager] 1894134579 virtual memory requested, 0 released, 749309952 free
2025-12-03T23:23:53.059+0700 [DEBUG] [org.gradle.process.internal.health.memory.DefaultMemoryManager] 1894134579 virtual memory requested, 740483072 free
2025-12-03T23:23:53.060+0700 [DEBUG] [org.gradle.workers.internal.WorkerDaemonExpiration] Will attempt to release 1806 of memory
2025-12-03T23:23:53.060+0700 [DEBUG] [org.gradle.process.internal.health.memory.DefaultMemoryManager] 1894134579 virtual memory requested, 0 released, 740483072 free
2025-12-03T23:23:56.483+0700 [DEBUG] [org.gradle.cache.internal.DefaultFileLockManager] Waiting to acquire shared lock on daemon addresses registry.
2025-12-03T23:23:56.484+0700 [DEBUG] [org.gradle.cache.internal.DefaultFileLockManager] Lock acquired on daemon addresses registry.
2025-12-03T23:23:56.493+0700 [DEBUG] [org.gradle.cache.internal.DefaultFileLockManager] Releasing lock on daemon addresses registry.
2025-12-03T23:23:56.493+0700 [DEBUG] [org.gradle.cache.internal.DefaultFileLockManager] Waiting to acquire shared lock on daemon addresses registry.
2025-12-03T23:23:56.494+0700 [DEBUG] [org.gradle.cache.internal.DefaultFileLockManager] Lock acquired on daemon addresses registry.
2025-12-03T23:23:56.494+0700 [DEBUG] [org.gradle.cache.internal.DefaultFileLockManager] Releasing lock on daemon addresses registry.
2025-12-03T23:23:56.494+0700 [DEBUG] [org.gradle.cache.internal.DefaultFileLockManager] Waiting to acquire shared lock on daemon addresses registry.
2025-12-03T23:23:56.494+0700 [DEBUG] [org.gradle.cache.internal.DefaultFileLockManager] Lock acquired on daemon addresses registry.
2025-12-03T23:23:56.495+0700 [DEBUG] [org.gradle.cache.internal.DefaultFileLockManager] Releasing lock on daemon addresses registry.
2025-12-03T23:23:57.417+0700 [DEBUG] [sun.rmi.transport.tcp] RMI TCP Connection(10)-127.0.0.1: (port 54599) connection closed
2025-12-03T23:23:57.417+0700 [DEBUG] [sun.rmi.transport.tcp] RMI TCP Connection(10)-127.0.0.1: close connection, socket: Socket[addr=/127.0.0.1,port=65320,localport=54599]
2025-12-03T23:23:57.417+0700 [DEBUG] [sun.rmi.transport.tcp] RMI TCP Connection(10)-127.0.0.1: socket close: Socket[addr=/127.0.0.1,port=65320,localport=54599]
2025-12-03T23:23:58.060+0700 [DEBUG] [org.gradle.process.internal.health.memory.DefaultMemoryManager] 1894134579 virtual memory requested, 733683712 free
2025-12-03T23:23:58.060+0700 [DEBUG] [org.gradle.workers.internal.WorkerDaemonExpiration] Will attempt to release 1806 of memory
2025-12-03T23:23:58.060+0700 [DEBUG] [org.gradle.process.internal.health.memory.DefaultMemoryManager] 1894134579 virtual memory requested, 0 released, 733683712 free
2025-12-03T23:24:03.069+0700 [DEBUG] [org.gradle.process.internal.health.memory.DefaultMemoryManager] 1894134579 virtual memory requested, 360472576 free
2025-12-03T23:24:03.069+0700 [DEBUG] [org.gradle.workers.internal.WorkerDaemonExpiration] Will attempt to release 1806 of memory
2025-12-03T23:24:03.070+0700 [DEBUG] [org.gradle.process.internal.health.memory.DefaultMemoryManager] 1894134579 virtual memory requested, 0 released, 360472576 free
2025-12-03T23:24:06.483+0700 [DEBUG] [org.gradle.cache.internal.DefaultFileLockManager] Waiting to acquire shared lock on daemon addresses registry.
2025-12-03T23:24:06.483+0700 [DEBUG] [org.gradle.cache.internal.DefaultFileLockManager] Lock acquired on daemon addresses registry.
2025-12-03T23:24:06.484+0700 [DEBUG] [org.gradle.cache.internal.DefaultFileLockManager] Releasing lock on daemon addresses registry.
2025-12-03T23:24:06.484+0700 [DEBUG] [org.gradle.cache.internal.DefaultFileLockManager] Waiting to acquire shared lock on daemon addresses registry.
2025-12-03T23:24:06.484+0700 [DEBUG] [org.gradle.cache.internal.DefaultFileLockManager] Lock acquired on daemon addresses registry.
2025-12-03T23:24:06.484+0700 [DEBUG] [org.gradle.cache.internal.DefaultFileLockManager] Releasing lock on daemon addresses registry.
2025-12-03T23:24:06.485+0700 [DEBUG] [org.gradle.cache.internal.DefaultFileLockManager] Waiting to acquire shared lock on daemon addresses registry.
2025-12-03T23:24:06.485+0700 [DEBUG] [org.gradle.cache.internal.DefaultFileLockManager] Lock acquired on daemon addresses registry.
2025-12-03T23:24:06.486+0700 [DEBUG] [org.gradle.cache.internal.DefaultFileLockManager] Releasing lock on daemon addresses registry.
2025-12-03T23:24:08.061+0700 [DEBUG] [org.gradle.process.internal.health.memory.DefaultMemoryManager] 1894134579 virtual memory requested, 576720896 free
2025-12-03T23:24:08.061+0700 [DEBUG] [org.gradle.workers.internal.WorkerDaemonExpiration] Will attempt to release 1806 of memory
2025-12-03T23:24:08.061+0700 [DEBUG] [org.gradle.process.internal.health.memory.DefaultMemoryManager] 1894134579 virtual memory requested, 0 released, 576720896 free
2025-12-03T23:24:13.057+0700 [DEBUG] [org.gradle.process.internal.health.memory.DefaultMemoryManager] 1894134579 virtual memory requested, 535810048 free
2025-12-03T23:24:13.057+0700 [DEBUG] [org.gradle.workers.internal.WorkerDaemonExpiration] Will attempt to release 1806 of memory
2025-12-03T23:24:13.058+0700 [DEBUG] [org.gradle.process.internal.health.memory.DefaultMemoryManager] 1894134579 virtual memory requested, 0 released, 535810048 free
2025-12-03T23:24:16.493+0700 [DEBUG] [org.gradle.cache.internal.DefaultFileLockManager] Waiting to acquire shared lock on daemon addresses registry.
2025-12-03T23:24:16.494+0700 [DEBUG] [org.gradle.cache.internal.DefaultFileLockManager] Lock acquired on daemon addresses registry.
2025-12-03T23:24:16.494+0700 [DEBUG] [org.gradle.cache.internal.DefaultFileLockManager] Releasing lock on daemon addresses registry.
2025-12-03T23:24:16.495+0700 [DEBUG] [org.gradle.cache.internal.DefaultFileLockManager] Waiting to acquire shared lock on daemon addresses registry.
2025-12-03T23:24:16.495+0700 [DEBUG] [org.gradle.cache.internal.DefaultFileLockManager] Lock acquired on daemon addresses registry.
2025-12-03T23:24:16.495+0700 [DEBUG] [org.gradle.cache.internal.DefaultFileLockManager] Releasing lock on daemon addresses registry.
2025-12-03T23:24:16.496+0700 [DEBUG] [org.gradle.cache.internal.DefaultFileLockManager] Waiting to acquire shared lock on daemon addresses registry.
2025-12-03T23:24:16.496+0700 [DEBUG] [org.gradle.cache.internal.DefaultFileLockManager] Lock acquired on daemon addresses registry.
2025-12-03T23:24:16.496+0700 [DEBUG] [org.gradle.cache.internal.DefaultFileLockManager] Releasing lock on daemon addresses registry.
2025-12-03T23:24:18.060+0700 [DEBUG] [org.gradle.process.internal.health.memory.DefaultMemoryManager] 1894134579 virtual memory requested, 468041728 free
2025-12-03T23:24:18.060+0700 [DEBUG] [org.gradle.workers.internal.WorkerDaemonExpiration] Will attempt to release 1806 of memory
2025-12-03T23:24:18.060+0700 [DEBUG] [org.gradle.process.internal.health.memory.DefaultMemoryManager] 1894134579 virtual memory requested, 0 released, 468041728 free
2025-12-03T23:24:23.056+0700 [DEBUG] [org.gradle.process.internal.health.memory.DefaultMemoryManager] 1894134579 virtual memory requested, 691687424 free
2025-12-03T23:24:23.056+0700 [DEBUG] [org.gradle.workers.internal.WorkerDaemonExpiration] Will attempt to release 1806 of memory
2025-12-03T23:24:23.056+0700 [DEBUG] [org.gradle.process.internal.health.memory.DefaultMemoryManager] 1894134579 virtual memory requested, 0 released, 691687424 free
2025-12-03T23:24:26.483+0700 [DEBUG] [org.gradle.cache.internal.DefaultFileLockManager] Waiting to acquire shared lock on daemon addresses registry.
2025-12-03T23:24:26.483+0700 [DEBUG] [org.gradle.cache.internal.DefaultFileLockManager] Lock acquired on daemon addresses registry.
2025-12-03T23:24:26.483+0700 [DEBUG] [org.gradle.cache.internal.DefaultFileLockManager] Releasing lock on daemon addresses registry.
2025-12-03T23:24:26.487+0700 [DEBUG] [org.gradle.cache.internal.DefaultFileLockManager] Waiting to acquire shared lock on daemon addresses registry.
2025-12-03T23:24:26.487+0700 [DEBUG] [org.gradle.cache.internal.DefaultFileLockManager] Lock acquired on daemon addresses registry.
2025-12-03T23:24:26.487+0700 [DEBUG] [org.gradle.cache.internal.DefaultFileLockManager] Releasing lock on daemon addresses registry.
2025-12-03T23:24:26.488+0700 [DEBUG] [org.gradle.cache.internal.DefaultFileLockManager] Waiting to acquire shared lock on daemon addresses registry.
2025-12-03T23:24:26.488+0700 [DEBUG] [org.gradle.cache.internal.DefaultFileLockManager] Lock acquired on daemon addresses registry.
2025-12-03T23:24:26.488+0700 [DEBUG] [org.gradle.cache.internal.DefaultFileLockManager] Releasing lock on daemon addresses registry.
2025-12-03T23:24:28.056+0700 [DEBUG] [org.gradle.process.internal.health.memory.DefaultMemoryManager] 1894134579 virtual memory requested, 703062016 free
2025-12-03T23:24:28.056+0700 [DEBUG] [org.gradle.workers.internal.WorkerDaemonExpiration] Will attempt to release 1806 of memory
2025-12-03T23:24:28.056+0700 [DEBUG] [org.gradle.process.internal.health.memory.DefaultMemoryManager] 1894134579 virtual memory requested, 0 released, 703062016 free
2025-12-03T23:24:33.054+0700 [DEBUG] [org.gradle.process.internal.health.memory.DefaultMemoryManager] 1894134579 virtual memory requested, 716693504 free
2025-12-03T23:24:33.055+0700 [DEBUG] [org.gradle.workers.internal.WorkerDaemonExpiration] Will attempt to release 1806 of memory
2025-12-03T23:24:33.055+0700 [DEBUG] [org.gradle.process.internal.health.memory.DefaultMemoryManager] 1894134579 virtual memory requested, 0 released, 716693504 free
2025-12-03T23:24:36.483+0700 [DEBUG] [org.gradle.cache.internal.DefaultFileLockManager] Waiting to acquire shared lock on daemon addresses registry.
2025-12-03T23:24:36.483+0700 [DEBUG] [org.gradle.cache.internal.DefaultFileLockManager] Lock acquired on daemon addresses registry.
2025-12-03T23:24:36.484+0700 [DEBUG] [org.gradle.cache.internal.DefaultFileLockManager] Releasing lock on daemon addresses registry.
2025-12-03T23:24:36.485+0700 [DEBUG] [org.gradle.cache.internal.DefaultFileLockManager] Waiting to acquire shared lock on daemon addresses registry.
2025-12-03T23:24:36.485+0700 [DEBUG] [org.gradle.cache.internal.DefaultFileLockManager] Lock acquired on daemon addresses registry.
2025-12-03T23:24:36.485+0700 [DEBUG] [org.gradle.cache.internal.DefaultFileLockManager] Releasing lock on daemon addresses registry.
2025-12-03T23:24:36.486+0700 [DEBUG] [org.gradle.cache.internal.DefaultFileLockManager] Waiting to acquire shared lock on daemon addresses registry.
2025-12-03T23:24:36.486+0700 [DEBUG] [org.gradle.cache.internal.DefaultFileLockManager] Lock acquired on daemon addresses registry.
2025-12-03T23:24:36.486+0700 [DEBUG] [org.gradle.cache.internal.DefaultFileLockManager] Releasing lock on daemon addresses registry.
2025-12-03T23:24:38.055+0700 [DEBUG] [org.gradle.process.internal.health.memory.DefaultMemoryManager] 1894134579 virtual memory requested, 784224256 free
2025-12-03T23:24:38.055+0700 [DEBUG] [org.gradle.workers.internal.WorkerDaemonExpiration] Will attempt to release 1806 of memory
2025-12-03T23:24:38.055+0700 [DEBUG] [org.gradle.process.internal.health.memory.DefaultMemoryManager] 1894134579 virtual memory requested, 0 released, 784224256 free
2025-12-03T23:24:43.055+0700 [DEBUG] [org.gradle.process.internal.health.memory.DefaultMemoryManager] 1894134579 virtual memory requested, 789721088 free
2025-12-03T23:24:43.055+0700 [DEBUG] [org.gradle.workers.internal.WorkerDaemonExpiration] Will attempt to release 1806 of memory
2025-12-03T23:24:43.055+0700 [DEBUG] [org.gradle.process.internal.health.memory.DefaultMemoryManager] 1894134579 virtual memory requested, 0 released, 789721088 free
2025-12-03T23:24:46.482+0700 [DEBUG] [org.gradle.cache.internal.DefaultFileLockManager] Waiting to acquire shared lock on daemon addresses registry.
2025-12-03T23:24:46.491+0700 [DEBUG] [org.gradle.cache.internal.DefaultFileLockManager] Lock acquired on daemon addresses registry.
2025-12-03T23:24:46.491+0700 [DEBUG] [org.gradle.cache.internal.DefaultFileLockManager] Releasing lock on daemon addresses registry.
2025-12-03T23:24:46.492+0700 [DEBUG] [org.gradle.cache.internal.DefaultFileLockManager] Waiting to acquire shared lock on daemon addresses registry.
2025-12-03T23:24:46.492+0700 [DEBUG] [org.gradle.cache.internal.DefaultFileLockManager] Lock acquired on daemon addresses registry.
2025-12-03T23:24:46.492+0700 [DEBUG] [org.gradle.cache.internal.DefaultFileLockManager] Releasing lock on daemon addresses registry.
2025-12-03T23:24:46.493+0700 [DEBUG] [org.gradle.cache.internal.DefaultFileLockManager] Waiting to acquire shared lock on daemon addresses registry.
2025-12-03T23:24:46.493+0700 [DEBUG] [org.gradle.cache.internal.DefaultFileLockManager] Lock acquired on daemon addresses registry.
2025-12-03T23:24:46.493+0700 [DEBUG] [org.gradle.cache.internal.DefaultFileLockManager] Releasing lock on daemon addresses registry.
2025-12-03T23:24:48.055+0700 [DEBUG] [org.gradle.process.internal.health.memory.DefaultMemoryManager] 1894134579 virtual memory requested, 791187456 free
2025-12-03T23:24:48.055+0700 [DEBUG] [org.gradle.workers.internal.WorkerDaemonExpiration] Will attempt to release 1806 of memory
2025-12-03T23:24:48.056+0700 [DEBUG] [org.gradle.process.internal.health.memory.DefaultMemoryManager] 1894134579 virtual memory requested, 0 released, 791187456 free
2025-12-03T23:24:53.059+0700 [DEBUG] [org.gradle.process.internal.health.memory.DefaultMemoryManager] 1894134579 virtual memory requested, 794247168 free
2025-12-03T23:24:53.059+0700 [DEBUG] [org.gradle.workers.internal.WorkerDaemonExpiration] Will attempt to release 1806 of memory
2025-12-03T23:24:53.060+0700 [DEBUG] [org.gradle.process.internal.health.memory.DefaultMemoryManager] 1894134579 virtual memory requested, 0 released, 794247168 free
2025-12-03T23:24:56.482+0700 [DEBUG] [org.gradle.cache.internal.DefaultFileLockManager] Waiting to acquire shared lock on daemon addresses registry.
2025-12-03T23:24:56.482+0700 [DEBUG] [org.gradle.cache.internal.DefaultFileLockManager] Lock acquired on daemon addresses registry.
2025-12-03T23:24:56.483+0700 [DEBUG] [org.gradle.cache.internal.DefaultFileLockManager] Releasing lock on daemon addresses registry.
2025-12-03T23:24:56.483+0700 [DEBUG] [org.gradle.cache.internal.DefaultFileLockManager] Waiting to acquire shared lock on daemon addresses registry.
2025-12-03T23:24:56.483+0700 [DEBUG] [org.gradle.cache.internal.DefaultFileLockManager] Lock acquired on daemon addresses registry.
2025-12-03T23:24:56.484+0700 [DEBUG] [org.gradle.cache.internal.DefaultFileLockManager] Releasing lock on daemon addresses registry.
2025-12-03T23:24:56.484+0700 [DEBUG] [org.gradle.cache.internal.DefaultFileLockManager] Waiting to acquire shared lock on daemon addresses registry.
2025-12-03T23:24:56.484+0700 [DEBUG] [org.gradle.cache.internal.DefaultFileLockManager] Lock acquired on daemon addresses registry.
2025-12-03T23:24:56.484+0700 [DEBUG] [org.gradle.cache.internal.DefaultFileLockManager] Releasing lock on daemon addresses registry.
2025-12-03T23:24:58.058+0700 [DEBUG] [org.gradle.process.internal.health.memory.DefaultMemoryManager] 1894134579 virtual memory requested, 465420288 free
2025-12-03T23:24:58.058+0700 [DEBUG] [org.gradle.workers.internal.WorkerDaemonExpiration] Will attempt to release 1806 of memory
2025-12-03T23:24:58.058+0700 [DEBUG] [org.gradle.process.internal.health.memory.DefaultMemoryManager] 1894134579 virtual memory requested, 0 released, 465420288 free
2025-12-03T23:25:03.076+0700 [DEBUG] [org.gradle.process.internal.health.memory.DefaultMemoryManager] 1894134579 virtual memory requested, 521256960 free
2025-12-03T23:25:03.076+0700 [DEBUG] [org.gradle.workers.internal.WorkerDaemonExpiration] Will attempt to release 1806 of memory
2025-12-03T23:25:03.076+0700 [DEBUG] [org.gradle.process.internal.health.memory.DefaultMemoryManager] 1894134579 virtual memory requested, 0 released, 521256960 free
2025-12-03T23:25:06.485+0700 [DEBUG] [org.gradle.cache.internal.DefaultFileLockManager] Waiting to acquire shared lock on daemon addresses registry.
2025-12-03T23:25:06.485+0700 [DEBUG] [org.gradle.cache.internal.DefaultFileLockManager] Lock acquired on daemon addresses registry.
2025-12-03T23:25:06.486+0700 [DEBUG] [org.gradle.cache.internal.DefaultFileLockManager] Releasing lock on daemon addresses registry.
2025-12-03T23:25:06.487+0700 [DEBUG] [org.gradle.cache.internal.DefaultFileLockManager] Waiting to acquire shared lock on daemon addresses registry.
2025-12-03T23:25:06.487+0700 [DEBUG] [org.gradle.cache.internal.DefaultFileLockManager] Lock acquired on daemon addresses registry.
2025-12-03T23:25:06.487+0700 [DEBUG] [org.gradle.cache.internal.DefaultFileLockManager] Releasing lock on daemon addresses registry.
2025-12-03T23:25:06.487+0700 [DEBUG] [org.gradle.cache.internal.DefaultFileLockManager] Waiting to acquire shared lock on daemon addresses registry.
2025-12-03T23:25:06.487+0700 [DEBUG] [org.gradle.cache.internal.DefaultFileLockManager] Lock acquired on daemon addresses registry.
2025-12-03T23:25:06.487+0700 [DEBUG] [org.gradle.cache.internal.DefaultFileLockManager] Releasing lock on daemon addresses registry.
2025-12-03T23:25:08.067+0700 [DEBUG] [org.gradle.process.internal.health.memory.DefaultMemoryManager] 1894134579 virtual memory requested, 768700416 free
2025-12-03T23:25:08.068+0700 [DEBUG] [org.gradle.workers.internal.WorkerDaemonExpiration] Will attempt to release 1806 of memory
2025-12-03T23:25:08.068+0700 [DEBUG] [org.gradle.process.internal.health.memory.DefaultMemoryManager] 1894134579 virtual memory requested, 0 released, 768700416 free
2025-12-03T23:25:13.060+0700 [DEBUG] [org.gradle.process.internal.health.memory.DefaultMemoryManager] 1894134579 virtual memory requested, 771055616 free
2025-12-03T23:25:13.060+0700 [DEBUG] [org.gradle.workers.internal.WorkerDaemonExpiration] Will attempt to release 1806 of memory
2025-12-03T23:25:13.061+0700 [DEBUG] [org.gradle.process.internal.health.memory.DefaultMemoryManager] 1894134579 virtual memory requested, 0 released, 771055616 free
2025-12-03T23:25:16.480+0700 [DEBUG] [org.gradle.cache.internal.DefaultFileLockManager] Waiting to acquire shared lock on daemon addresses registry.
2025-12-03T23:25:16.481+0700 [DEBUG] [org.gradle.cache.internal.DefaultFileLockManager] Lock acquired on daemon addresses registry.
2025-12-03T23:25:16.481+0700 [DEBUG] [org.gradle.cache.internal.DefaultFileLockManager] Releasing lock on daemon addresses registry.
2025-12-03T23:25:16.483+0700 [DEBUG] [org.gradle.cache.internal.DefaultFileLockManager] Waiting to acquire shared lock on daemon addresses registry.
2025-12-03T23:25:16.483+0700 [DEBUG] [org.gradle.cache.internal.DefaultFileLockManager] Lock acquired on daemon addresses registry.
2025-12-03T23:25:16.483+0700 [DEBUG] [org.gradle.cache.internal.DefaultFileLockManager] Releasing lock on daemon addresses registry.
2025-12-03T23:25:16.483+0700 [DEBUG] [org.gradle.cache.internal.DefaultFileLockManager] Waiting to acquire shared lock on daemon addresses registry.
2025-12-03T23:25:16.484+0700 [DEBUG] [org.gradle.cache.internal.DefaultFileLockManager] Lock acquired on daemon addresses registry.
2025-12-03T23:25:16.484+0700 [DEBUG] [org.gradle.cache.internal.DefaultFileLockManager] Releasing lock on daemon addresses registry.
2025-12-03T23:25:18.060+0700 [DEBUG] [org.gradle.process.internal.health.memory.DefaultMemoryManager] 1894134579 virtual memory requested, 765628416 free
2025-12-03T23:25:18.060+0700 [DEBUG] [org.gradle.workers.internal.WorkerDaemonExpiration] Will attempt to release 1806 of memory
2025-12-03T23:25:18.060+0700 [DEBUG] [org.gradle.process.internal.health.memory.DefaultMemoryManager] 1894134579 virtual memory requested, 0 released, 765628416 free
2025-12-03T23:25:23.059+0700 [DEBUG] [org.gradle.process.internal.health.memory.DefaultMemoryManager] 1894134579 virtual memory requested, 765132800 free
2025-12-03T23:25:23.059+0700 [DEBUG] [org.gradle.workers.internal.WorkerDaemonExpiration] Will attempt to release 1806 of memory
2025-12-03T23:25:23.059+0700 [DEBUG] [org.gradle.process.internal.health.memory.DefaultMemoryManager] 1894134579 virtual memory requested, 0 released, 765132800 free
2025-12-03T23:25:26.495+0700 [DEBUG] [org.gradle.cache.internal.DefaultFileLockManager] Waiting to acquire shared lock on daemon addresses registry.
2025-12-03T23:25:26.495+0700 [DEBUG] [org.gradle.cache.internal.DefaultFileLockManager] Lock acquired on daemon addresses registry.
2025-12-03T23:25:26.496+0700 [DEBUG] [org.gradle.cache.internal.DefaultFileLockManager] Releasing lock on daemon addresses registry.
2025-12-03T23:25:26.497+0700 [DEBUG] [org.gradle.cache.internal.DefaultFileLockManager] Waiting to acquire shared lock on daemon addresses registry.
2025-12-03T23:25:26.497+0700 [DEBUG] [org.gradle.cache.internal.DefaultFileLockManager] Lock acquired on daemon addresses registry.
2025-12-03T23:25:26.497+0700 [DEBUG] [org.gradle.cache.internal.DefaultFileLockManager] Releasing lock on daemon addresses registry.
2025-12-03T23:25:26.498+0700 [DEBUG] [org.gradle.cache.internal.DefaultFileLockManager] Waiting to acquire shared lock on daemon addresses registry.
2025-12-03T23:25:26.498+0700 [DEBUG] [org.gradle.cache.internal.DefaultFileLockManager] Lock acquired on daemon addresses registry.
2025-12-03T23:25:26.498+0700 [DEBUG] [org.gradle.cache.internal.DefaultFileLockManager] Releasing lock on daemon addresses registry.
2025-12-03T23:25:28.057+0700 [DEBUG] [org.gradle.process.internal.health.memory.DefaultMemoryManager] 1894134579 virtual memory requested, 753799168 free
2025-12-03T23:25:28.057+0700 [DEBUG] [org.gradle.workers.internal.WorkerDaemonExpiration] Will attempt to release 1806 of memory
2025-12-03T23:25:28.057+0700 [DEBUG] [org.gradle.process.internal.health.memory.DefaultMemoryManager] 1894134579 virtual memory requested, 0 released, 753799168 free
2025-12-03T23:25:33.067+0700 [DEBUG] [org.gradle.process.internal.health.memory.DefaultMemoryManager] 1894134579 virtual memory requested, 645132288 free
2025-12-03T23:25:33.068+0700 [DEBUG] [org.gradle.workers.internal.WorkerDaemonExpiration] Will attempt to release 1806 of memory
2025-12-03T23:25:33.068+0700 [DEBUG] [org.gradle.process.internal.health.memory.DefaultMemoryManager] 1894134579 virtual memory requested, 0 released, 645132288 free
2025-12-03T23:25:36.485+0700 [DEBUG] [org.gradle.cache.internal.DefaultFileLockManager] Waiting to acquire shared lock on daemon addresses registry.
2025-12-03T23:25:36.485+0700 [DEBUG] [org.gradle.cache.internal.DefaultFileLockManager] Lock acquired on daemon addresses registry.
2025-12-03T23:25:36.485+0700 [DEBUG] [org.gradle.cache.internal.DefaultFileLockManager] Releasing lock on daemon addresses registry.
2025-12-03T23:25:36.486+0700 [DEBUG] [org.gradle.cache.internal.DefaultFileLockManager] Waiting to acquire shared lock on daemon addresses registry.
2025-12-03T23:25:36.486+0700 [DEBUG] [org.gradle.cache.internal.DefaultFileLockManager] Lock acquired on daemon addresses registry.
2025-12-03T23:25:36.486+0700 [DEBUG] [org.gradle.cache.internal.DefaultFileLockManager] Releasing lock on daemon addresses registry.
2025-12-03T23:25:36.486+0700 [DEBUG] [org.gradle.cache.internal.DefaultFileLockManager] Waiting to acquire shared lock on daemon addresses registry.
2025-12-03T23:25:36.487+0700 [DEBUG] [org.gradle.cache.internal.DefaultFileLockManager] Lock acquired on daemon addresses registry.
2025-12-03T23:25:36.487+0700 [DEBUG] [org.gradle.cache.internal.DefaultFileLockManager] Releasing lock on daemon addresses registry.
2025-12-03T23:25:38.064+0700 [DEBUG] [org.gradle.process.internal.health.memory.DefaultMemoryManager] 1894134579 virtual memory requested, 665403392 free
2025-12-03T23:25:38.064+0700 [DEBUG] [org.gradle.workers.internal.WorkerDaemonExpiration] Will attempt to release 1806 of memory
2025-12-03T23:25:38.064+0700 [DEBUG] [org.gradle.process.internal.health.memory.DefaultMemoryManager] 1894134579 virtual memory requested, 0 released, 665403392 free
2025-12-03T23:25:43.065+0700 [DEBUG] [org.gradle.process.internal.health.memory.DefaultMemoryManager] 1894134579 virtual memory requested, 625004544 free
2025-12-03T23:25:43.065+0700 [DEBUG] [org.gradle.workers.internal.WorkerDaemonExpiration] Will attempt to release 1806 of memory
2025-12-03T23:25:43.065+0700 [DEBUG] [org.gradle.process.internal.health.memory.DefaultMemoryManager] 1894134579 virtual memory requested, 0 released, 625004544 free
2025-12-03T23:25:46.485+0700 [DEBUG] [org.gradle.cache.internal.DefaultFileLockManager] Waiting to acquire shared lock on daemon addresses registry.
2025-12-03T23:25:46.486+0700 [DEBUG] [org.gradle.cache.internal.DefaultFileLockManager] Lock acquired on daemon addresses registry.
2025-12-03T23:25:46.487+0700 [DEBUG] [org.gradle.cache.internal.DefaultFileLockManager] Releasing lock on daemon addresses registry.
2025-12-03T23:25:46.488+0700 [DEBUG] [org.gradle.cache.internal.DefaultFileLockManager] Waiting to acquire shared lock on daemon addresses registry.
2025-12-03T23:25:46.488+0700 [DEBUG] [org.gradle.cache.internal.DefaultFileLockManager] Lock acquired on daemon addresses registry.
2025-12-03T23:25:46.488+0700 [DEBUG] [org.gradle.cache.internal.DefaultFileLockManager] Releasing lock on daemon addresses registry.
2025-12-03T23:25:46.488+0700 [DEBUG] [org.gradle.cache.internal.DefaultFileLockManager] Waiting to acquire shared lock on daemon addresses registry.
2025-12-03T23:25:46.488+0700 [DEBUG] [org.gradle.cache.internal.DefaultFileLockManager] Lock acquired on daemon addresses registry.
2025-12-03T23:25:46.489+0700 [DEBUG] [org.gradle.cache.internal.DefaultFileLockManager] Releasing lock on daemon addresses registry.
2025-12-03T23:25:48.065+0700 [DEBUG] [org.gradle.process.internal.health.memory.DefaultMemoryManager] 794965606 physical memory requested, 726241280 free
2025-12-03T23:25:48.065+0700 [DEBUG] [org.gradle.workers.internal.WorkerDaemonExpiration] Will attempt to release 758 of memory
2025-12-03T23:25:48.065+0700 [DEBUG] [org.gradle.process.internal.health.memory.DefaultMemoryManager] 794965606 physical memory requested, 0 released, 726241280 free
2025-12-03T23:25:48.065+0700 [DEBUG] [org.gradle.process.internal.health.memory.DefaultMemoryManager] 1894134579 virtual memory requested, 590229504 free
2025-12-03T23:25:48.066+0700 [DEBUG] [org.gradle.workers.internal.WorkerDaemonExpiration] Will attempt to release 1806 of memory
2025-12-03T23:25:48.066+0700 [DEBUG] [org.gradle.process.internal.health.memory.DefaultMemoryManager] 1894134579 virtual memory requested, 0 released, 590229504 free
2025-12-03T23:25:53.063+0700 [DEBUG] [org.gradle.process.internal.health.memory.DefaultMemoryManager] 794965606 physical memory requested, 683933696 free
2025-12-03T23:25:53.063+0700 [DEBUG] [org.gradle.workers.internal.WorkerDaemonExpiration] Will attempt to release 758 of memory
2025-12-03T23:25:53.063+0700 [DEBUG] [org.gradle.process.internal.health.memory.DefaultMemoryManager] 794965606 physical memory requested, 0 released, 683933696 free
2025-12-03T23:25:53.064+0700 [DEBUG] [org.gradle.process.internal.health.memory.DefaultMemoryManager] 1894134579 virtual memory requested, 486387712 free
2025-12-03T23:25:53.064+0700 [DEBUG] [org.gradle.workers.internal.WorkerDaemonExpiration] Will attempt to release 1806 of memory
2025-12-03T23:25:53.064+0700 [DEBUG] [org.gradle.process.internal.health.memory.DefaultMemoryManager] 1894134579 virtual memory requested, 0 released, 486387712 free
2025-12-03T23:25:56.484+0700 [DEBUG] [org.gradle.cache.internal.DefaultFileLockManager] Waiting to acquire shared lock on daemon addresses registry.
2025-12-03T23:25:56.484+0700 [DEBUG] [org.gradle.cache.internal.DefaultFileLockManager] Lock acquired on daemon addresses registry.
2025-12-03T23:25:56.485+0700 [DEBUG] [org.gradle.cache.internal.DefaultFileLockManager] Releasing lock on daemon addresses registry.
2025-12-03T23:25:56.486+0700 [DEBUG] [org.gradle.cache.internal.DefaultFileLockManager] Waiting to acquire shared lock on daemon addresses registry.
2025-12-03T23:25:56.486+0700 [DEBUG] [org.gradle.cache.internal.DefaultFileLockManager] Lock acquired on daemon addresses registry.
2025-12-03T23:25:56.486+0700 [DEBUG] [org.gradle.cache.internal.DefaultFileLockManager] Releasing lock on daemon addresses registry.
2025-12-03T23:25:56.486+0700 [DEBUG] [org.gradle.cache.internal.DefaultFileLockManager] Waiting to acquire shared lock on daemon addresses registry.
2025-12-03T23:25:56.487+0700 [DEBUG] [org.gradle.cache.internal.DefaultFileLockManager] Lock acquired on daemon addresses registry.
2025-12-03T23:25:56.487+0700 [DEBUG] [org.gradle.cache.internal.DefaultFileLockManager] Releasing lock on daemon addresses registry.
2025-12-03T23:25:58.057+0700 [DEBUG] [org.gradle.process.internal.health.memory.DefaultMemoryManager] 1894134579 virtual memory requested, 764047360 free
2025-12-03T23:25:58.057+0700 [DEBUG] [org.gradle.workers.internal.WorkerDaemonExpiration] Will attempt to release 1806 of memory
2025-12-03T23:25:58.057+0700 [DEBUG] [org.gradle.process.internal.health.memory.DefaultMemoryManager] 1894134579 virtual memory requested, 0 released, 764047360 free
2025-12-03T23:25:59.639+0700 [DEBUG] [org.gradle.internal.remote.internal.inet.TcpIncomingConnector] Accepted connection from /127.0.0.1:64423 to /127.0.0.1:54574.
2025-12-03T23:25:59.689+0700 [DEBUG] [org.gradle.launcher.daemon.server.SynchronizedDispatchConnection] thread 739: received class org.gradle.launcher.daemon.protocol.Build
2025-12-03T23:25:59.690+0700 [DEBUG] [org.gradle.launcher.daemon.server.DefaultDaemonConnection] thread 739: Received non-IO message from client: Build{id=aa5a41ac-0b34-4918-a72e-30be344e616b, currentDir=D:\RemoteLamp}
2025-12-03T23:25:59.690+0700 [INFO] [org.gradle.launcher.daemon.server.DefaultIncomingConnectionHandler] Received command: Build{id=aa5a41ac-0b34-4918-a72e-30be344e616b, currentDir=D:\RemoteLamp}.
2025-12-03T23:25:59.690+0700 [DEBUG] [org.gradle.launcher.daemon.server.DefaultIncomingConnectionHandler] Starting executing command: Build{id=aa5a41ac-0b34-4918-a72e-30be344e616b, currentDir=D:\RemoteLamp} with connection: socket connection from /127.0.0.1:54574 to /127.0.0.1:64423.
2025-12-03T23:25:59.698+0700 [DEBUG] [org.gradle.launcher.daemon.server.DaemonStateCoordinator] Command execution: started DaemonCommandExecution[command = Build{id=aa5a41ac-0b34-4918-a72e-30be344e616b, currentDir=D:\RemoteLamp}, connection = DefaultDaemonConnection: socket connection from /127.0.0.1:54574 to /127.0.0.1:64423] after 4.88875 minutes of idle
2025-12-03T23:25:59.699+0700 [INFO] [org.gradle.launcher.daemon.server.DaemonRegistryUpdater] Marking the daemon as busy, address: [7714e9e6-fef7-4d31-a1e2-ebb0d063ec69 port:54574, addresses:[localhost/127.0.0.1]]
2025-12-03T23:25:59.699+0700 [DEBUG] [org.gradle.launcher.daemon.registry.PersistentDaemonRegistry] Marking busy by address: [7714e9e6-fef7-4d31-a1e2-ebb0d063ec69 port:54574, addresses:[localhost/127.0.0.1]]
2025-12-03T23:25:59.702+0700 [DEBUG] [org.gradle.cache.internal.DefaultFileLockManager] Waiting to acquire exclusive lock on daemon addresses registry.
2025-12-03T23:25:59.704+0700 [DEBUG] [org.gradle.cache.internal.DefaultFileLockManager] Lock acquired on daemon addresses registry.
2025-12-03T23:25:59.708+0700 [DEBUG] [org.gradle.cache.internal.DefaultFileLockManager] Releasing lock on daemon addresses registry.
2025-12-03T23:25:59.708+0700 [DEBUG] [org.gradle.launcher.daemon.server.DaemonStateCoordinator] resetting idle timer
2025-12-03T23:25:59.709+0700 [DEBUG] [org.gradle.launcher.daemon.server.DaemonStateCoordinator] daemon is running. Sleeping until state changes.
2025-12-03T23:25:59.710+0700 [INFO] [org.gradle.launcher.daemon.server.exec.StartBuildOrRespondWithBusy] Daemon is about to start building Build{id=aa5a41ac-0b34-4918-a72e-30be344e616b, currentDir=D:\RemoteLamp}. Dispatching build started information...
2025-12-03T23:25:59.710+0700 [DEBUG] [org.gradle.launcher.daemon.server.SynchronizedDispatchConnection] thread 741: dispatching org.gradle.launcher.daemon.protocol.BuildStarted@1de3dc1
2025-12-03T23:25:59.720+0700 [DEBUG] [org.gradle.launcher.daemon.server.exec.EstablishBuildEnvironment] Configuring env variables: [USERDOMAIN_ROAMINGPROFILE, LOCALAPPDATA, NVM_SYMLINK, PROCESSOR_LEVEL, USERDOMAIN, LOGONSERVER, JAVA_HOME, SESSIONNAME, ALLUSERSPROFILE, PROCESSOR_ARCHITECTURE, EFC_14128_1592913036, PSModulePath, SystemDrive, OneDrive, PT8HOME, APPDATA, USERNAME, ProgramFiles(x86), VBOX_MSI_INSTALL_PATH, CommonProgramFiles, Path, PATHEXT, DriverData, OS, COMPUTERNAME, IntelliJ IDEA Community Edition, NVM_HOME, PROCESSOR_REVISION, CommonProgramW6432, ComSpec, ProgramData, ProgramW6432, TEMP, HOMEPATH, SystemRoot, PROCESSOR_IDENTIFIER, HOMEDRIVE, USERPROFILE, TMP, POWERSHELL_DISTRIBUTION_CHANNEL, CommonProgramFiles(x86), ProgramFiles, PUBLIC, windir, NUMBER_OF_PROCESSORS, =::]
2025-12-03T23:25:59.736+0700 [DEBUG] [org.gradle.launcher.daemon.server.exec.LogToClient] About to start relaying all logs to the client via the connection.
2025-12-03T23:25:59.738+0700 [INFO] [org.gradle.launcher.daemon.server.exec.LogToClient] The client will now receive all logging from the daemon (pid: 18756). The daemon log file: D:\RemoteLamp\daemon\8.10.2\daemon-18756.out.log
2025-12-03T23:25:59.750+0700 [INFO] [org.gradle.launcher.daemon.server.exec.LogAndCheckHealth] Starting 6th build in daemon [uptime: 18 mins 43.454 secs, performance: 98%, GC rate: 0.00/s, heap usage: 1% of 1.5 GiB]
2025-12-03T23:25:59.753+0700 [DEBUG] [org.gradle.launcher.daemon.server.exec.ExecuteBuild] The daemon has started executing the build.
2025-12-03T23:25:59.753+0700 [DEBUG] [org.gradle.launcher.daemon.server.exec.ExecuteBuild] Executing build with daemon context: DefaultDaemonContext[uid=66c12390-f998-4156-9118-506455305028,javaHome=D:\DARI C\Documents\Android Studio\jbr,javaVersion=21,javaVendor=JetBrains s.r.o.,daemonRegistryDir=D:\RemoteLamp\daemon,pid=18756,idleTimeout=10800000,priority=NORMAL,applyInstrumentationAgent=true,nativeServicesMode=ENABLED,daemonOpts=--add-opens=java.base/java.util=ALL-UNNAMED,--add-opens=java.base/java.lang=ALL-UNNAMED,--add-opens=java.base/java.lang.invoke=ALL-UNNAMED,--add-opens=java.prefs/java.util.prefs=ALL-UNNAMED,--add-exports=jdk.compiler/com.sun.tools.javac.api=ALL-UNNAMED,--add-exports=jdk.compiler/com.sun.tools.javac.util=ALL-UNNAMED,--add-opens=java.base/java.nio.charset=ALL-UNNAMED,--add-opens=java.base/java.net=ALL-UNNAMED,--add-opens=java.base/java.util.concurrent.atomic=ALL-UNNAMED,-Xmx1536m,-Dfile.encoding=UTF-8,-Duser.country=ID,-Duser.language=en,-Duser.variant]
e: file:///D:/RemoteLamp/app/src/main/java/com/remotelamp/app/EnhancedConnectScreen.kt:1:2 Unresolved reference: Composable
e: file:///D:/RemoteLamp/app/src/main/java/com/remotelamp/app/EnhancedConnectScreen.kt:3:16 Unresolved reference: LampControlViewModel
e: file:///D:/RemoteLamp/app/src/main/java/com/remotelamp/app/EnhancedConnectScreen.kt:9:5 Unresolved reference: LaunchedEffect
e: file:///D:/RemoteLamp/app/src/main/java/com/remotelamp/app/EnhancedConnectScreen.kt:11:32 Suspend function 'delay' should be called only from a coroutine or another suspend function
e: file:///D:/RemoteLamp/app/src/main/java/com/remotelamp/app/EnhancedConnectScreen.kt:17:30 Unresolved reference: rememberInfiniteTransition
e: file:///D:/RemoteLamp/app/src/main/java/com/remotelamp/app/EnhancedConnectScreen.kt:21:25 Unresolved reference: infiniteRepeatable
e: file:///D:/RemoteLamp/app/src/main/java/com/remotelamp/app/EnhancedConnectScreen.kt:22:25 Unresolved reference: tween
e: file:///D:/RemoteLamp/app/src/main/java/com/remotelamp/app/EnhancedConnectScreen.kt:23:26 Unresolved reference: RepeatMode
e: file:///D:/RemoteLamp/app/src/main/java/com/remotelamp/app/EnhancedConnectScreen.kt:27:5 Unresolved reference: Box
e: file:///D:/RemoteLamp/app/src/main/java/com/remotelamp/app/EnhancedConnectScreen.kt:28:20 Unresolved reference: Modifier
e: file:///D:/RemoteLamp/app/src/main/java/com/remotelamp/app/EnhancedConnectScreen.kt:31:17 Unresolved reference: Brush
e: file:///D:/RemoteLamp/app/src/main/java/com/remotelamp/app/EnhancedConnectScreen.kt:33:25 Unresolved reference: Color
e: file:///D:/RemoteLamp/app/src/main/java/com/remotelamp/app/EnhancedConnectScreen.kt:34:25 Unresolved reference: Color
e: file:///D:/RemoteLamp/app/src/main/java/com/remotelamp/app/EnhancedConnectScreen.kt:39:9 Unresolved reference: Column
e: file:///D:/RemoteLamp/app/src/main/java/com/remotelamp/app/EnhancedConnectScreen.kt:40:24 Unresolved reference: Modifier
e: file:///D:/RemoteLamp/app/src/main/java/com/remotelamp/app/EnhancedConnectScreen.kt:42:29 Unresolved reference: dp
e: file:///D:/RemoteLamp/app/src/main/java/com/remotelamp/app/EnhancedConnectScreen.kt:43:35 Unresolved reference: Alignment
e: file:///D:/RemoteLamp/app/src/main/java/com/remotelamp/app/EnhancedConnectScreen.kt:44:35 Unresolved reference: Arrangement
e: file:///D:/RemoteLamp/app/src/main/java/com/remotelamp/app/EnhancedConnectScreen.kt:48:13 Unresolved reference: Text
e: file:///D:/RemoteLamp/app/src/main/java/com/remotelamp/app/EnhancedConnectScreen.kt:50:31 Unresolved reference: sp
e: file:///D:/RemoteLamp/app/src/main/java/com/remotelamp/app/EnhancedConnectScreen.kt:51:30 Unresolved reference: FontWeight
e: file:///D:/RemoteLamp/app/src/main/java/com/remotelamp/app/EnhancedConnectScreen.kt:52:25 Unresolved reference: Color
e: file:///D:/RemoteLamp/app/src/main/java/com/remotelamp/app/EnhancedConnectScreen.kt:55:13 Unresolved reference: Text
e: file:///D:/RemoteLamp/app/src/main/java/com/remotelamp/app/EnhancedConnectScreen.kt:57:31 Unresolved reference: sp
e: file:///D:/RemoteLamp/app/src/main/java/com/remotelamp/app/EnhancedConnectScreen.kt:58:30 Unresolved reference: FontWeight
e: file:///D:/RemoteLamp/app/src/main/java/com/remotelamp/app/EnhancedConnectScreen.kt:59:25 Unresolved reference: Color
e: file:///D:/RemoteLamp/app/src/main/java/com/remotelamp/app/EnhancedConnectScreen.kt:62:13 Unresolved reference: Spacer
e: file:///D:/RemoteLamp/app/src/main/java/com/remotelamp/app/EnhancedConnectScreen.kt:62:31 Unresolved reference: Modifier
e: file:///D:/RemoteLamp/app/src/main/java/com/remotelamp/app/EnhancedConnectScreen.kt:62:50 Unresolved reference: dp
e: file:///D:/RemoteLamp/app/src/main/java/com/remotelamp/app/EnhancedConnectScreen.kt:65:13 Unresolved reference: Box
e: file:///D:/RemoteLamp/app/src/main/java/com/remotelamp/app/EnhancedConnectScreen.kt:66:28 Unresolved reference: Modifier
e: file:///D:/RemoteLamp/app/src/main/java/com/remotelamp/app/EnhancedConnectScreen.kt:67:31 Unresolved reference: dp
e: file:///D:/RemoteLamp/app/src/main/java/com/remotelamp/app/EnhancedConnectScreen.kt:70:25 Unresolved reference: Color
e: file:///D:/RemoteLamp/app/src/main/java/com/remotelamp/app/EnhancedConnectScreen.kt:71:25 Unresolved reference: RoundedCornerShape
e: file:///D:/RemoteLamp/app/src/main/java/com/remotelamp/app/EnhancedConnectScreen.kt:71:47 Unresolved reference: dp
e: file:///D:/RemoteLamp/app/src/main/java/com/remotelamp/app/EnhancedConnectScreen.kt:73:36 Unresolved reference: Alignment
e: file:///D:/RemoteLamp/app/src/main/java/com/remotelamp/app/EnhancedConnectScreen.kt:75:17 Unresolved reference: Icon
e: file:///D:/RemoteLamp/app/src/main/java/com/remotelamp/app/EnhancedConnectScreen.kt:76:35 Unresolved reference: Icons
e: file:///D:/RemoteLamp/app/src/main/java/com/remotelamp/app/EnhancedConnectScreen.kt:78:28 Unresolved reference: Color
e: file:///D:/RemoteLamp/app/src/main/java/com/remotelamp/app/EnhancedConnectScreen.kt:79:32 Unresolved reference: Modifier
e: file:///D:/RemoteLamp/app/src/main/java/com/remotelamp/app/EnhancedConnectScreen.kt:79:49 Unresolved reference: dp
e: file:///D:/RemoteLamp/app/src/main/java/com/remotelamp/app/EnhancedConnectScreen.kt:83:13 Unresolved reference: Spacer
e: file:///D:/RemoteLamp/app/src/main/java/com/remotelamp/app/EnhancedConnectScreen.kt:83:31 Unresolved reference: Modifier
e: file:///D:/RemoteLamp/app/src/main/java/com/remotelamp/app/EnhancedConnectScreen.kt:83:50 Unresolved reference: dp
e: file:///D:/RemoteLamp/app/src/main/java/com/remotelamp/app/EnhancedConnectScreen.kt:86:13 Unresolved reference: Card
e: file:///D:/RemoteLamp/app/src/main/java/com/remotelamp/app/EnhancedConnectScreen.kt:87:28 Unresolved reference: Modifier
e: file:///D:/RemoteLamp/app/src/main/java/com/remotelamp/app/EnhancedConnectScreen.kt:88:25 Unresolved reference: RoundedCornerShape
e: file:///D:/RemoteLamp/app/src/main/java/com/remotelamp/app/EnhancedConnectScreen.kt:88:47 Unresolved reference: dp
e: file:///D:/RemoteLamp/app/src/main/java/com/remotelamp/app/EnhancedConnectScreen.kt:89:26 Unresolved reference: CardDefaults
e: file:///D:/RemoteLamp/app/src/main/java/com/remotelamp/app/EnhancedConnectScreen.kt:90:38 Unresolved reference: Color
e: file:///D:/RemoteLamp/app/src/main/java/com/remotelamp/app/EnhancedConnectScreen.kt:93:17 Unresolved reference: Row
e: file:///D:/RemoteLamp/app/src/main/java/com/remotelamp/app/EnhancedConnectScreen.kt:94:32 Unresolved reference: Modifier
e: file:///D:/RemoteLamp/app/src/main/java/com/remotelamp/app/EnhancedConnectScreen.kt:96:37 Unresolved reference: dp
e: file:///D:/RemoteLamp/app/src/main/java/com/remotelamp/app/EnhancedConnectScreen.kt:97:41 Unresolved reference: Alignment
e: file:///D:/RemoteLamp/app/src/main/java/com/remotelamp/app/EnhancedConnectScreen.kt:99:21 Unresolved reference: Icon
e: file:///D:/RemoteLamp/app/src/main/java/com/remotelamp/app/EnhancedConnectScreen.kt:102:29 Unresolved reference: Icons
e: file:///D:/RemoteLamp/app/src/main/java/com/remotelamp/app/EnhancedConnectScreen.kt:104:29 Unresolved reference: Icons
e: file:///D:/RemoteLamp/app/src/main/java/com/remotelamp/app/EnhancedConnectScreen.kt:108:29 Unresolved reference: Color
e: file:///D:/RemoteLamp/app/src/main/java/com/remotelamp/app/EnhancedConnectScreen.kt:110:29 Unresolved reference: Color
e: file:///D:/RemoteLamp/app/src/main/java/com/remotelamp/app/EnhancedConnectScreen.kt:111:36 Unresolved reference: Modifier
e: file:///D:/RemoteLamp/app/src/main/java/com/remotelamp/app/EnhancedConnectScreen.kt:111:53 Unresolved reference: dp
e: file:///D:/RemoteLamp/app/src/main/java/com/remotelamp/app/EnhancedConnectScreen.kt:114:21 Unresolved reference: Spacer
e: file:///D:/RemoteLamp/app/src/main/java/com/remotelamp/app/EnhancedConnectScreen.kt:114:39 Unresolved reference: Modifier
e: file:///D:/RemoteLamp/app/src/main/java/com/remotelamp/app/EnhancedConnectScreen.kt:114:57 Unresolved reference: dp
e: file:///D:/RemoteLamp/app/src/main/java/com/remotelamp/app/EnhancedConnectScreen.kt:116:21 Unresolved reference: Column
e: file:///D:/RemoteLamp/app/src/main/java/com/remotelamp/app/EnhancedConnectScreen.kt:117:25 Unresolved reference: Text
e: file:///D:/RemoteLamp/app/src/main/java/com/remotelamp/app/EnhancedConnectScreen.kt:119:37 Unresolved reference: Color
e: file:///D:/RemoteLamp/app/src/main/java/com/remotelamp/app/EnhancedConnectScreen.kt:120:42 Unresolved reference: FontWeight
e: file:///D:/RemoteLamp/app/src/main/java/com/remotelamp/app/EnhancedConnectScreen.kt:121:43 Unresolved reference: sp
e: file:///D:/RemoteLamp/app/src/main/java/com/remotelamp/app/EnhancedConnectScreen.kt:125:29 Unresolved reference: Text
e: file:///D:/RemoteLamp/app/src/main/java/com/remotelamp/app/EnhancedConnectScreen.kt:127:41 Unresolved reference: Color
e: file:///D:/RemoteLamp/app/src/main/java/com/remotelamp/app/EnhancedConnectScreen.kt:128:47 Unresolved reference: sp
e: file:///D:/RemoteLamp/app/src/main/java/com/remotelamp/app/EnhancedConnectScreen.kt:135:13 Unresolved reference: Spacer
e: file:///D:/RemoteLamp/app/src/main/java/com/remotelamp/app/EnhancedConnectScreen.kt:135:31 Unresolved reference: Modifier
e: file:///D:/RemoteLamp/app/src/main/java/com/remotelamp/app/EnhancedConnectScreen.kt:135:50 Unresolved reference: dp
e: file:///D:/RemoteLamp/app/src/main/java/com/remotelamp/app/EnhancedConnectScreen.kt:138:13 Unresolved reference: Button
e: file:///D:/RemoteLamp/app/src/main/java/com/remotelamp/app/EnhancedConnectScreen.kt:140:28 Unresolved reference: Modifier
e: file:///D:/RemoteLamp/app/src/main/java/com/remotelamp/app/EnhancedConnectScreen.kt:142:32 Unresolved reference: dp
e: file:///D:/RemoteLamp/app/src/main/java/com/remotelamp/app/EnhancedConnectScreen.kt:143:26 Unresolved reference: ButtonDefaults
e: file:///D:/RemoteLamp/app/src/main/java/com/remotelamp/app/EnhancedConnectScreen.kt:144:38 Unresolved reference: Color
e: file:///D:/RemoteLamp/app/src/main/java/com/remotelamp/app/EnhancedConnectScreen.kt:146:25 Unresolved reference: RoundedCornerShape
e: file:///D:/RemoteLamp/app/src/main/java/com/remotelamp/app/EnhancedConnectScreen.kt:146:47 Unresolved reference: dp
e: file:///D:/RemoteLamp/app/src/main/java/com/remotelamp/app/EnhancedConnectScreen.kt:148:17 Unresolved reference: Icon
e: file:///D:/RemoteLamp/app/src/main/java/com/remotelamp/app/EnhancedConnectScreen.kt:149:35 Unresolved reference: Icons
e: file:///D:/RemoteLamp/app/src/main/java/com/remotelamp/app/EnhancedConnectScreen.kt:151:32 Unresolved reference: Modifier
e: file:///D:/RemoteLamp/app/src/main/java/com/remotelamp/app/EnhancedConnectScreen.kt:151:49 Unresolved reference: dp
e: file:///D:/RemoteLamp/app/src/main/java/com/remotelamp/app/EnhancedConnectScreen.kt:153:17 Unresolved reference: Spacer
e: file:///D:/RemoteLamp/app/src/main/java/com/remotelamp/app/EnhancedConnectScreen.kt:153:35 Unresolved reference: Modifier
e: file:///D:/RemoteLamp/app/src/main/java/com/remotelamp/app/EnhancedConnectScreen.kt:153:53 Unresolved reference: dp
e: file:///D:/RemoteLamp/app/src/main/java/com/remotelamp/app/EnhancedConnectScreen.kt:154:17 Unresolved reference: Text
e: file:///D:/RemoteLamp/app/src/main/java/com/remotelamp/app/EnhancedConnectScreen.kt:156:35 Unresolved reference: sp
e: file:///D:/RemoteLamp/app/src/main/java/com/remotelamp/app/EnhancedConnectScreen.kt:157:34 Unresolved reference: FontWeight
e: file:///D:/RemoteLamp/app/src/main/java/com/remotelamp/app/EnhancedConnectScreen.kt:162:17 Unresolved reference: Spacer
e: file:///D:/RemoteLamp/app/src/main/java/com/remotelamp/app/EnhancedConnectScreen.kt:162:35 Unresolved reference: Modifier
e: file:///D:/RemoteLamp/app/src/main/java/com/remotelamp/app/EnhancedConnectScreen.kt:162:54 Unresolved reference: dp
e: file:///D:/RemoteLamp/app/src/main/java/com/remotelamp/app/EnhancedConnectScreen.kt:164:17 Unresolved reference: Button
e: file:///D:/RemoteLamp/app/src/main/java/com/remotelamp/app/EnhancedConnectScreen.kt:166:32 Unresolved reference: Modifier
e: file:///D:/RemoteLamp/app/src/main/java/com/remotelamp/app/EnhancedConnectScreen.kt:168:36 Unresolved reference: dp
e: file:///D:/RemoteLamp/app/src/main/java/com/remotelamp/app/EnhancedConnectScreen.kt:169:30 Unresolved reference: ButtonDefaults
e: file:///D:/RemoteLamp/app/src/main/java/com/remotelamp/app/EnhancedConnectScreen.kt:170:42 Unresolved reference: Color
e: file:///D:/RemoteLamp/app/src/main/java/com/remotelamp/app/EnhancedConnectScreen.kt:172:29 Unresolved reference: RoundedCornerShape
e: file:///D:/RemoteLamp/app/src/main/java/com/remotelamp/app/EnhancedConnectScreen.kt:172:51 Unresolved reference: dp
e: file:///D:/RemoteLamp/app/src/main/java/com/remotelamp/app/EnhancedConnectScreen.kt:174:21 Unresolved reference: Icon
e: file:///D:/RemoteLamp/app/src/main/java/com/remotelamp/app/EnhancedConnectScreen.kt:175:39 Unresolved reference: Icons
e: file:///D:/RemoteLamp/app/src/main/java/com/remotelamp/app/EnhancedConnectScreen.kt:177:36 Unresolved reference: Modifier
e: file:///D:/RemoteLamp/app/src/main/java/com/remotelamp/app/EnhancedConnectScreen.kt:177:53 Unresolved reference: dp
e: file:///D:/RemoteLamp/app/src/main/java/com/remotelamp/app/EnhancedConnectScreen.kt:179:21 Unresolved reference: Spacer
e: file:///D:/RemoteLamp/app/src/main/java/com/remotelamp/app/EnhancedConnectScreen.kt:179:39 Unresolved reference: Modifier
e: file:///D:/RemoteLamp/app/src/main/java/com/remotelamp/app/EnhancedConnectScreen.kt:179:57 Unresolved reference: dp
e: file:///D:/RemoteLamp/app/src/main/java/com/remotelamp/app/EnhancedConnectScreen.kt:180:21 Unresolved reference: Text
e: file:///D:/RemoteLamp/app/src/main/java/com/remotelamp/app/EnhancedConnectScreen.kt:182:39 Unresolved reference: sp
e: file:///D:/RemoteLamp/app/src/main/java/com/remotelamp/app/EnhancedConnectScreen.kt:183:38 Unresolved reference: FontWeight
e: file:///D:/RemoteLamp/app/src/main/java/com/remotelamp/app/EnhancedConnectScreen.kt:191:13 Unresolved reference: DeviceSelectionDialog
e: file:///D:/RemoteLamp/app/src/main/java/com/remotelamp/app/EnhancedConnectScreen.kt:198:13 Unresolved reference: Box
e: file:///D:/RemoteLamp/app/src/main/java/com/remotelamp/app/EnhancedConnectScreen.kt:199:28 Unresolved reference: Modifier
e: file:///D:/RemoteLamp/app/src/main/java/com/remotelamp/app/EnhancedConnectScreen.kt:201:33 Unresolved reference: Color
e: file:///D:/RemoteLamp/app/src/main/java/com/remotelamp/app/EnhancedConnectScreen.kt:202:36 Unresolved reference: Alignment
e: file:///D:/RemoteLamp/app/src/main/java/com/remotelamp/app/EnhancedConnectScreen.kt:204:17 Unresolved reference: Column
e: file:///D:/RemoteLamp/app/src/main/java/com/remotelamp/app/EnhancedConnectScreen.kt:204:46 Unresolved reference: Alignment
e: file:///D:/RemoteLamp/app/src/main/java/com/remotelamp/app/EnhancedConnectScreen.kt:205:21 Unresolved reference: CircularProgressIndicator
e: file:///D:/RemoteLamp/app/src/main/java/com/remotelamp/app/EnhancedConnectScreen.kt:205:55 Unresolved reference: Color
e: file:///D:/RemoteLamp/app/src/main/java/com/remotelamp/app/EnhancedConnectScreen.kt:206:21 Unresolved reference: Spacer
e: file:///D:/RemoteLamp/app/src/main/java/com/remotelamp/app/EnhancedConnectScreen.kt:206:39 Unresolved reference: Modifier
e: file:///D:/RemoteLamp/app/src/main/java/com/remotelamp/app/EnhancedConnectScreen.kt:206:58 Unresolved reference: dp
e: file:///D:/RemoteLamp/app/src/main/java/com/remotelamp/app/EnhancedConnectScreen.kt:207:21 Unresolved reference: Text
e: file:///D:/RemoteLamp/app/src/main/java/com/remotelamp/app/EnhancedConnectScreen.kt:207:51 Unresolved reference: Color
e: file:///D:/RemoteLamp/app/src/main/java/com/remotelamp/app/EnhancedConnectScreen.kt:212:37 Cannot infer a type for this parameter. Please specify it explicitly.
e: file:///D:/RemoteLamp/app/src/main/java/com/remotelamp/app/EnhancedConnectScreen.kt:213:13 Unresolved reference: Snackbar
e: file:///D:/RemoteLamp/app/src/main/java/com/remotelamp/app/EnhancedConnectScreen.kt:214:28 Unresolved reference: Modifier
e: file:///D:/RemoteLamp/app/src/main/java/com/remotelamp/app/EnhancedConnectScreen.kt:215:28 Unresolved reference: Alignment
e: file:///D:/RemoteLamp/app/src/main/java/com/remotelamp/app/EnhancedConnectScreen.kt:216:33 Unresolved reference: dp
e: file:///D:/RemoteLamp/app/src/main/java/com/remotelamp/app/EnhancedConnectScreen.kt:218:21 Unresolved reference: TextButton
e: file:///D:/RemoteLamp/app/src/main/java/com/remotelamp/app/EnhancedConnectScreen.kt:219:25 Unresolved reference: Text
e: file:///D:/RemoteLamp/app/src/main/java/com/remotelamp/app/EnhancedConnectScreen.kt:219:44 Unresolved reference: Color
e: file:///D:/RemoteLamp/app/src/main/java/com/remotelamp/app/EnhancedConnectScreen.kt:222:34 Unresolved reference: Color
e: file:///D:/RemoteLamp/app/src/main/java/com/remotelamp/app/EnhancedConnectScreen.kt:224:17 Unresolved reference: Text
e: file:///D:/RemoteLamp/app/src/main/java/com/remotelamp/app/EnhancedConnectScreen.kt:224:37 Unresolved reference: Color

FAILURE: Build failed with an exception.

* What went wrong:
Execution failed for task ':app:compileDebugKotlin'.
> A failure occurred while executing org.jetbrains.kotlin.compilerRunner.GradleCompilerRunnerWithWorkers$GradleKotlinCompilerWorkAction
   > Compilation error. See log for more details

* Try:
> Run with --info or --debug option to get more log output.
> Run with --scan to get full insights.
> Get more help at https://help.gradle.org.

* Exception is:
org.gradle.api.tasks.TaskExecutionException: Execution failed for task ':app:compileDebugKotlin'.
	at org.gradle.api.internal.tasks.execution.ExecuteActionsTaskExecuter.lambda$executeIfValid$1(ExecuteActionsTaskExecuter.java:130)
	at org.gradle.internal.Try$Failure.ifSuccessfulOrElse(Try.java:293)
	at org.gradle.api.internal.tasks.execution.ExecuteActionsTaskExecuter.executeIfValid(ExecuteActionsTaskExecuter.java:128)
	at org.gradle.api.internal.tasks.execution.ExecuteActionsTaskExecuter.execute(ExecuteActionsTaskExecuter.java:116)
	at org.gradle.api.internal.tasks.execution.FinalizePropertiesTaskExecuter.execute(FinalizePropertiesTaskExecuter.java:46)
	at org.gradle.api.internal.tasks.execution.ResolveTaskExecutionModeExecuter.execute(ResolveTaskExecutionModeExecuter.java:51)
	at org.gradle.api.internal.tasks.execution.SkipTaskWithNoActionsExecuter.execute(SkipTaskWithNoActionsExecuter.java:57)
	at org.gradle.api.internal.tasks.execution.SkipOnlyIfTaskExecuter.execute(SkipOnlyIfTaskExecuter.java:74)
	at org.gradle.api.internal.tasks.execution.CatchExceptionTaskExecuter.execute(CatchExceptionTaskExecuter.java:36)
	at org.gradle.api.internal.tasks.execution.EventFiringTaskExecuter$1.executeTask(EventFiringTaskExecuter.java:77)
	at org.gradle.api.internal.tasks.execution.EventFiringTaskExecuter$1.call(EventFiringTaskExecuter.java:55)
	at org.gradle.api.internal.tasks.execution.EventFiringTaskExecuter$1.call(EventFiringTaskExecuter.java:52)
	at org.gradle.internal.operations.DefaultBuildOperationRunner$CallableBuildOperationWorker.execute(DefaultBuildOperationRunner.java:209)
	at org.gradle.internal.operations.DefaultBuildOperationRunner$CallableBuildOperationWorker.execute(DefaultBuildOperationRunner.java:204)
	at org.gradle.internal.operations.DefaultBuildOperationRunner$2.execute(DefaultBuildOperationRunner.java:66)
	at org.gradle.internal.operations.DefaultBuildOperationRunner$2.execute(DefaultBuildOperationRunner.java:59)
	at org.gradle.internal.operations.DefaultBuildOperationRunner.execute(DefaultBuildOperationRunner.java:166)
	at org.gradle.internal.operations.DefaultBuildOperationRunner.execute(DefaultBuildOperationRunner.java:59)
	at org.gradle.internal.operations.DefaultBuildOperationRunner.call(DefaultBuildOperationRunner.java:53)
	at org.gradle.api.internal.tasks.execution.EventFiringTaskExecuter.execute(EventFiringTaskExecuter.java:52)
	at org.gradle.execution.plan.LocalTaskNodeExecutor.execute(LocalTaskNodeExecutor.java:42)
	at org.gradle.execution.taskgraph.DefaultTaskExecutionGraph$InvokeNodeExecutorsAction.execute(DefaultTaskExecutionGraph.java:331)
	at org.gradle.execution.taskgraph.DefaultTaskExecutionGraph$InvokeNodeExecutorsAction.execute(DefaultTaskExecutionGraph.java:318)
	at org.gradle.execution.taskgraph.DefaultTaskExecutionGraph$BuildOperationAwareExecutionAction.lambda$execute$0(DefaultTaskExecutionGraph.java:314)
	at org.gradle.internal.operations.CurrentBuildOperationRef.with(CurrentBuildOperationRef.java:85)
	at org.gradle.execution.taskgraph.DefaultTaskExecutionGraph$BuildOperationAwareExecutionAction.execute(DefaultTaskExecutionGraph.java:314)
	at org.gradle.execution.taskgraph.DefaultTaskExecutionGraph$BuildOperationAwareExecutionAction.execute(DefaultTaskExecutionGraph.java:303)
	at org.gradle.execution.plan.DefaultPlanExecutor$ExecutorWorker.execute(DefaultPlanExecutor.java:459)
	at org.gradle.execution.plan.DefaultPlanExecutor$ExecutorWorker.run(DefaultPlanExecutor.java:376)
	at org.gradle.internal.concurrent.ExecutorPolicy$CatchAndRecordFailures.onExecute(ExecutorPolicy.java:64)
	at org.gradle.internal.concurrent.AbstractManagedExecutor$1.run(AbstractManagedExecutor.java:48)
Caused by: org.gradle.workers.internal.DefaultWorkerExecutor$WorkExecutionException: A failure occurred while executing org.jetbrains.kotlin.compilerRunner.GradleCompilerRunnerWithWorkers$GradleKotlinCompilerWorkAction
	at org.gradle.workers.internal.DefaultWorkerExecutor$WorkItemExecution.waitForCompletion(DefaultWorkerExecutor.java:287)
	at org.gradle.internal.work.DefaultAsyncWorkTracker.lambda$waitForItemsAndGatherFailures$2(DefaultAsyncWorkTracker.java:130)
	at org.gradle.internal.Factories$1.create(Factories.java:31)
	at org.gradle.internal.work.DefaultWorkerLeaseService.withoutLocks(DefaultWorkerLeaseService.java:335)
	at org.gradle.internal.work.DefaultWorkerLeaseService.withoutLocks(DefaultWorkerLeaseService.java:318)
	at org.gradle.internal.work.DefaultWorkerLeaseService.withoutLock(DefaultWorkerLeaseService.java:323)
	at org.gradle.internal.work.DefaultAsyncWorkTracker.waitForItemsAndGatherFailures(DefaultAsyncWorkTracker.java:126)
	at org.gradle.internal.work.DefaultAsyncWorkTracker.waitForItemsAndGatherFailures(DefaultAsyncWorkTracker.java:92)
	at org.gradle.internal.work.DefaultAsyncWorkTracker.waitForAll(DefaultAsyncWorkTracker.java:78)
	at org.gradle.internal.work.DefaultAsyncWorkTracker.waitForCompletion(DefaultAsyncWorkTracker.java:66)
	at org.gradle.api.internal.tasks.execution.TaskExecution$3.run(TaskExecution.java:252)
	at org.gradle.internal.operations.DefaultBuildOperationRunner$1.execute(DefaultBuildOperationRunner.java:29)
	at org.gradle.internal.operations.DefaultBuildOperationRunner$1.execute(DefaultBuildOperationRunner.java:26)
	at org.gradle.internal.operations.DefaultBuildOperationRunner$2.execute(DefaultBuildOperationRunner.java:66)
	at org.gradle.internal.operations.DefaultBuildOperationRunner$2.execute(DefaultBuildOperationRunner.java:59)
	at org.gradle.internal.operations.DefaultBuildOperationRunner.execute(DefaultBuildOperationRunner.java:166)
	at org.gradle.internal.operations.DefaultBuildOperationRunner.execute(DefaultBuildOperationRunner.java:59)
	at org.gradle.internal.operations.DefaultBuildOperationRunner.run(DefaultBuildOperationRunner.java:47)
	at org.gradle.api.internal.tasks.execution.TaskExecution.executeAction(TaskExecution.java:229)
	at org.gradle.api.internal.tasks.execution.TaskExecution.executeActions(TaskExecution.java:212)
	at org.gradle.api.internal.tasks.execution.TaskExecution.executeWithPreviousOutputFiles(TaskExecution.java:195)
	at org.gradle.api.internal.tasks.execution.TaskExecution.execute(TaskExecution.java:162)
	at org.gradle.internal.execution.steps.ExecuteStep.executeInternal(ExecuteStep.java:105)
	at org.gradle.internal.execution.steps.ExecuteStep.access$000(ExecuteStep.java:44)
	at org.gradle.internal.execution.steps.ExecuteStep$1.call(ExecuteStep.java:59)
	at org.gradle.internal.execution.steps.ExecuteStep$1.call(ExecuteStep.java:56)
	at org.gradle.internal.operations.DefaultBuildOperationRunner$CallableBuildOperationWorker.execute(DefaultBuildOperationRunner.java:209)
	at org.gradle.internal.operations.DefaultBuildOperationRunner$CallableBuildOperationWorker.execute(DefaultBuildOperationRunner.java:204)
	at org.gradle.internal.operations.DefaultBuildOperationRunner$2.execute(DefaultBuildOperationRunner.java:66)
	at org.gradle.internal.operations.DefaultBuildOperationRunner$2.execute(DefaultBuildOperationRunner.java:59)
	at org.gradle.internal.operations.DefaultBuildOperationRunner.execute(DefaultBuildOperationRunner.java:166)
	at org.gradle.internal.operations.DefaultBuildOperationRunner.execute(DefaultBuildOperationRunner.java:59)
	at org.gradle.internal.operations.DefaultBuildOperationRunner.call(DefaultBuildOperationRunner.java:53)
	at org.gradle.internal.execution.steps.ExecuteStep.execute(ExecuteStep.java:56)
	at org.gradle.internal.execution.steps.ExecuteStep.execute(ExecuteStep.java:44)
	at org.gradle.internal.execution.steps.CancelExecutionStep.execute(CancelExecutionStep.java:42)
	at org.gradle.internal.execution.steps.TimeoutStep.executeWithoutTimeout(TimeoutStep.java:75)
	at org.gradle.internal.execution.steps.TimeoutStep.execute(TimeoutStep.java:55)
	at org.gradle.internal.execution.steps.PreCreateOutputParentsStep.execute(PreCreateOutputParentsStep.java:50)
	at org.gradle.internal.execution.steps.PreCreateOutputParentsStep.execute(PreCreateOutputParentsStep.java:28)
	at org.gradle.internal.execution.steps.RemovePreviousOutputsStep.execute(RemovePreviousOutputsStep.java:67)
	at org.gradle.internal.execution.steps.RemovePreviousOutputsStep.execute(RemovePreviousOutputsStep.java:37)
	at org.gradle.internal.execution.steps.BroadcastChangingOutputsStep.execute(BroadcastChangingOutputsStep.java:61)
	at org.gradle.internal.execution.steps.BroadcastChangingOutputsStep.execute(BroadcastChangingOutputsStep.java:26)
	at org.gradle.internal.execution.steps.CaptureOutputsAfterExecutionStep.execute(CaptureOutputsAfterExecutionStep.java:69)
	at org.gradle.internal.execution.steps.CaptureOutputsAfterExecutionStep.execute(CaptureOutputsAfterExecutionStep.java:46)
	at org.gradle.internal.execution.steps.ResolveInputChangesStep.execute(ResolveInputChangesStep.java:40)
	at org.gradle.internal.execution.steps.ResolveInputChangesStep.execute(ResolveInputChangesStep.java:29)
	at org.gradle.internal.execution.steps.BuildCacheStep.executeWithoutCache(BuildCacheStep.java:189)
	at org.gradle.internal.execution.steps.BuildCacheStep.lambda$execute$1(BuildCacheStep.java:75)
	at org.gradle.internal.Either$Right.fold(Either.java:175)
	at org.gradle.internal.execution.caching.CachingState.fold(CachingState.java:62)
	at org.gradle.internal.execution.steps.BuildCacheStep.execute(BuildCacheStep.java:73)
	at org.gradle.internal.execution.steps.BuildCacheStep.execute(BuildCacheStep.java:48)
	at org.gradle.internal.execution.steps.StoreExecutionStateStep.execute(StoreExecutionStateStep.java:46)
	at org.gradle.internal.execution.steps.StoreExecutionStateStep.execute(StoreExecutionStateStep.java:35)
	at org.gradle.internal.execution.steps.SkipUpToDateStep.executeBecause(SkipUpToDateStep.java:75)
	at org.gradle.internal.execution.steps.SkipUpToDateStep.lambda$execute$2(SkipUpToDateStep.java:53)
	at org.gradle.internal.execution.steps.SkipUpToDateStep.execute(SkipUpToDateStep.java:53)
	at org.gradle.internal.execution.steps.SkipUpToDateStep.execute(SkipUpToDateStep.java:35)
	at org.gradle.internal.execution.steps.legacy.MarkSnapshottingInputsFinishedStep.execute(MarkSnapshottingInputsFinishedStep.java:37)
	at org.gradle.internal.execution.steps.legacy.MarkSnapshottingInputsFinishedStep.execute(MarkSnapshottingInputsFinishedStep.java:27)
	at org.gradle.internal.execution.steps.ResolveIncrementalCachingStateStep.executeDelegate(ResolveIncrementalCachingStateStep.java:49)
	at org.gradle.internal.execution.steps.ResolveIncrementalCachingStateStep.executeDelegate(ResolveIncrementalCachingStateStep.java:27)
	at org.gradle.internal.execution.steps.AbstractResolveCachingStateStep.execute(AbstractResolveCachingStateStep.java:71)
	at org.gradle.internal.execution.steps.AbstractResolveCachingStateStep.execute(AbstractResolveCachingStateStep.java:39)
	at org.gradle.internal.execution.steps.ResolveChangesStep.execute(ResolveChangesStep.java:65)
	at org.gradle.internal.execution.steps.ResolveChangesStep.execute(ResolveChangesStep.java:36)
	at org.gradle.internal.execution.steps.ValidateStep.execute(ValidateStep.java:107)
	at org.gradle.internal.execution.steps.ValidateStep.execute(ValidateStep.java:56)
	at org.gradle.internal.execution.steps.AbstractCaptureStateBeforeExecutionStep.execute(AbstractCaptureStateBeforeExecutionStep.java:64)
	at org.gradle.internal.execution.steps.AbstractCaptureStateBeforeExecutionStep.execute(AbstractCaptureStateBeforeExecutionStep.java:43)
	at org.gradle.internal.execution.steps.AbstractSkipEmptyWorkStep.executeWithNonEmptySources(AbstractSkipEmptyWorkStep.java:125)
	at org.gradle.internal.execution.steps.AbstractSkipEmptyWorkStep.execute(AbstractSkipEmptyWorkStep.java:61)
	at org.gradle.internal.execution.steps.AbstractSkipEmptyWorkStep.execute(AbstractSkipEmptyWorkStep.java:36)
	at org.gradle.internal.execution.steps.legacy.MarkSnapshottingInputsStartedStep.execute(MarkSnapshottingInputsStartedStep.java:38)
	at org.gradle.internal.execution.steps.LoadPreviousExecutionStateStep.execute(LoadPreviousExecutionStateStep.java:36)
	at org.gradle.internal.execution.steps.LoadPreviousExecutionStateStep.execute(LoadPreviousExecutionStateStep.java:23)
	at org.gradle.internal.execution.steps.HandleStaleOutputsStep.execute(HandleStaleOutputsStep.java:75)
	at org.gradle.internal.execution.steps.HandleStaleOutputsStep.execute(HandleStaleOutputsStep.java:41)
	at org.gradle.internal.execution.steps.AssignMutableWorkspaceStep.lambda$execute$0(AssignMutableWorkspaceStep.java:35)
	at org.gradle.api.internal.tasks.execution.TaskExecution$4.withWorkspace(TaskExecution.java:289)
	at org.gradle.internal.execution.steps.AssignMutableWorkspaceStep.execute(AssignMutableWorkspaceStep.java:31)
	at org.gradle.internal.execution.steps.AssignMutableWorkspaceStep.execute(AssignMutableWorkspaceStep.java:22)
	at org.gradle.internal.execution.steps.ChoosePipelineStep.execute(ChoosePipelineStep.java:40)
	at org.gradle.internal.execution.steps.ChoosePipelineStep.execute(ChoosePipelineStep.java:23)
	at org.gradle.internal.execution.steps.ExecuteWorkBuildOperationFiringStep.lambda$execute$2(ExecuteWorkBuildOperationFiringStep.java:67)
	at org.gradle.internal.execution.steps.ExecuteWorkBuildOperationFiringStep.execute(ExecuteWorkBuildOperationFiringStep.java:67)
	at org.gradle.internal.execution.steps.ExecuteWorkBuildOperationFiringStep.execute(ExecuteWorkBuildOperationFiringStep.java:39)
	at org.gradle.internal.execution.steps.IdentityCacheStep.execute(IdentityCacheStep.java:46)
	at org.gradle.internal.execution.steps.IdentityCacheStep.execute(IdentityCacheStep.java:34)
	at org.gradle.internal.execution.steps.IdentifyStep.execute(IdentifyStep.java:48)
	at org.gradle.internal.execution.steps.IdentifyStep.execute(IdentifyStep.java:35)
	at org.gradle.internal.execution.impl.DefaultExecutionEngine$1.execute(DefaultExecutionEngine.java:61)
	at org.gradle.api.internal.tasks.execution.ExecuteActionsTaskExecuter.executeIfValid(ExecuteActionsTaskExecuter.java:127)
	at org.gradle.api.internal.tasks.execution.ExecuteActionsTaskExecuter.execute(ExecuteActionsTaskExecuter.java:116)
	at org.gradle.api.internal.tasks.execution.FinalizePropertiesTaskExecuter.execute(FinalizePropertiesTaskExecuter.java:46)
	at org.gradle.api.internal.tasks.execution.ResolveTaskExecutionModeExecuter.execute(ResolveTaskExecutionModeExecuter.java:51)
	at org.gradle.api.internal.tasks.execution.SkipTaskWithNoActionsExecuter.execute(SkipTaskWithNoActionsExecuter.java:57)
	at org.gradle.api.internal.tasks.execution.SkipOnlyIfTaskExecuter.execute(SkipOnlyIfTaskExecuter.java:74)
	at org.gradle.api.internal.tasks.execution.CatchExceptionTaskExecuter.execute(CatchExceptionTaskExecuter.java:36)
	at org.gradle.api.internal.tasks.execution.EventFiringTaskExecuter$1.executeTask(EventFiringTaskExecuter.java:77)
	at org.gradle.api.internal.tasks.execution.EventFiringTaskExecuter$1.call(EventFiringTaskExecuter.java:55)
	at org.gradle.api.internal.tasks.execution.EventFiringTaskExecuter$1.call(EventFiringTaskExecuter.java:52)
	at org.gradle.internal.operations.DefaultBuildOperationRunner$CallableBuildOperationWorker.execute(DefaultBuildOperationRunner.java:209)
	at org.gradle.internal.operations.DefaultBuildOperationRunner$CallableBuildOperationWorker.execute(DefaultBuildOperationRunner.java:204)
	at org.gradle.internal.operations.DefaultBuildOperationRunner$2.execute(DefaultBuildOperationRunner.java:66)
	at org.gradle.internal.operations.DefaultBuildOperationRunner$2.execute(DefaultBuildOperationRunner.java:59)
	at org.gradle.internal.operations.DefaultBuildOperationRunner.execute(DefaultBuildOperationRunner.java:166)
	at org.gradle.internal.operations.DefaultBuildOperationRunner.execute(DefaultBuildOperationRunner.java:59)
	at org.gradle.internal.operations.DefaultBuildOperationRunner.call(DefaultBuildOperationRunner.java:53)
	at org.gradle.api.internal.tasks.execution.EventFiringTaskExecuter.execute(EventFiringTaskExecuter.java:52)
	at org.gradle.execution.plan.LocalTaskNodeExecutor.execute(LocalTaskNodeExecutor.java:42)
	at org.gradle.execution.taskgraph.DefaultTaskExecutionGraph$InvokeNodeExecutorsAction.execute(DefaultTaskExecutionGraph.java:331)
	at org.gradle.execution.taskgraph.DefaultTaskExecutionGraph$InvokeNodeExecutorsAction.execute(DefaultTaskExecutionGraph.java:318)
	at org.gradle.execution.taskgraph.DefaultTaskExecutionGraph$BuildOperationAwareExecutionAction.lambda$execute$0(DefaultTaskExecutionGraph.java:314)
	at org.gradle.internal.operations.CurrentBuildOperationRef.with(CurrentBuildOperationRef.java:85)
	at org.gradle.execution.taskgraph.DefaultTaskExecutionGraph$BuildOperationAwareExecutionAction.execute(DefaultTaskExecutionGraph.java:314)
	at org.gradle.execution.taskgraph.DefaultTaskExecutionGraph$BuildOperationAwareExecutionAction.execute(DefaultTaskExecutionGraph.java:303)
	at org.gradle.execution.plan.DefaultPlanExecutor$ExecutorWorker.execute(DefaultPlanExecutor.java:459)
	at org.gradle.execution.plan.DefaultPlanExecutor$ExecutorWorker.run(DefaultPlanExecutor.java:376)
	at org.gradle.internal.concurrent.ExecutorPolicy$CatchAndRecordFailures.onExecute(ExecutorPolicy.java:64)
	at org.gradle.internal.concurrent.AbstractManagedExecutor$1.run(AbstractManagedExecutor.java:48)
Caused by: org.jetbrains.kotlin.gradle.tasks.CompilationErrorException: Compilation error. See log for more details
	at org.jetbrains.kotlin.gradle.tasks.TasksUtilsKt.throwExceptionIfCompilationFailed(tasksUtils.kt:20)
	at org.jetbrains.kotlin.compilerRunner.GradleKotlinCompilerWork.run(GradleKotlinCompilerWork.kt:141)
	at org.jetbrains.kotlin.compilerRunner.GradleCompilerRunnerWithWorkers$GradleKotlinCompilerWorkAction.execute(GradleCompilerRunnerWithWorkers.kt:73)
	at org.gradle.workers.internal.DefaultWorkerServer.execute(DefaultWorkerServer.java:63)
	at org.gradle.workers.internal.NoIsolationWorkerFactory$1$1.create(NoIsolationWorkerFactory.java:66)
	at org.gradle.workers.internal.NoIsolationWorkerFactory$1$1.create(NoIsolationWorkerFactory.java:62)
	at org.gradle.internal.classloader.ClassLoaderUtils.executeInClassloader(ClassLoaderUtils.java:100)
	at org.gradle.workers.internal.NoIsolationWorkerFactory$1.lambda$execute$0(NoIsolationWorkerFactory.java:62)
	at org.gradle.workers.internal.AbstractWorker$1.call(AbstractWorker.java:44)
	at org.gradle.workers.internal.AbstractWorker$1.call(AbstractWorker.java:41)
	at org.gradle.internal.operations.DefaultBuildOperationRunner$CallableBuildOperationWorker.execute(DefaultBuildOperationRunner.java:209)
	at org.gradle.internal.operations.DefaultBuildOperationRunner$CallableBuildOperationWorker.execute(DefaultBuildOperationRunner.java:204)
	at org.gradle.internal.operations.DefaultBuildOperationRunner$2.execute(DefaultBuildOperationRunner.java:66)
	at org.gradle.internal.operations.DefaultBuildOperationRunner$2.execute(DefaultBuildOperationRunner.java:59)
	at org.gradle.internal.operations.DefaultBuildOperationRunner.execute(DefaultBuildOperationRunner.java:166)
	at org.gradle.internal.operations.DefaultBuildOperationRunner.execute(DefaultBuildOperationRunner.java:59)
	at org.gradle.internal.operations.DefaultBuildOperationRunner.call(DefaultBuildOperationRunner.java:53)
	at org.gradle.workers.internal.AbstractWorker.executeWrappedInBuildOperation(AbstractWorker.java:41)
	at org.gradle.workers.internal.NoIsolationWorkerFactory$1.execute(NoIsolationWorkerFactory.java:59)
	at org.gradle.workers.internal.DefaultWorkerExecutor.lambda$submitWork$0(DefaultWorkerExecutor.java:174)
	at org.gradle.internal.work.DefaultConditionalExecutionQueue$ExecutionRunner.runExecution(DefaultConditionalExecutionQueue.java:194)
	at org.gradle.internal.work.DefaultConditionalExecutionQueue$ExecutionRunner.access$700(DefaultConditionalExecutionQueue.java:127)
	at org.gradle.internal.work.DefaultConditionalExecutionQueue$ExecutionRunner$1.run(DefaultConditionalExecutionQueue.java:169)
	at org.gradle.internal.Factories$1.create(Factories.java:31)
	at org.gradle.internal.work.DefaultWorkerLeaseService.withLocks(DefaultWorkerLeaseService.java:263)
	at org.gradle.internal.work.DefaultWorkerLeaseService.runAsWorkerThread(DefaultWorkerLeaseService.java:127)
	at org.gradle.internal.work.DefaultWorkerLeaseService.runAsWorkerThread(DefaultWorkerLeaseService.java:132)
	at org.gradle.internal.work.DefaultConditionalExecutionQueue$ExecutionRunner.runBatch(DefaultConditionalExecutionQueue.java:164)
	at org.gradle.internal.work.DefaultConditionalExecutionQueue$ExecutionRunner.run(DefaultConditionalExecutionQueue.java:133)
	... 2 more


BUILD FAILED in 5s
29 actionable tasks: 2 executed, 27 up-to-date
2025-12-03T23:26:05.157+0700 [DEBUG] [org.gradle.launcher.daemon.server.exec.ExecuteBuild] The daemon has finished executing the build.
2025-12-03T23:26:05.166+0700 [DEBUG] [org.gradle.launcher.daemon.server.DaemonStateCoordinator] daemon is running. Sleeping until state changes.
2025-12-03T23:26:05.168+0700 [DEBUG] [org.gradle.launcher.daemon.server.DaemonStateCoordinator] Command execution: finished waiting for DaemonCommandExecution[command = Build{id=aa5a41ac-0b34-4918-a72e-30be344e616b, currentDir=D:\RemoteLamp}, connection = DefaultDaemonConnection: socket connection from /127.0.0.1:54574 to /127.0.0.1:64423]. Result org.gradle.launcher.daemon.server.DaemonStateCoordinator@31b0e048 with state Busy
2025-12-03T23:26:05.168+0700 [DEBUG] [org.gradle.launcher.daemon.server.DaemonStateCoordinator] Command execution: completed DaemonCommandExecution[command = Build{id=aa5a41ac-0b34-4918-a72e-30be344e616b, currentDir=D:\RemoteLamp}, connection = DefaultDaemonConnection: socket connection from /127.0.0.1:54574 to /127.0.0.1:64423]
2025-12-03T23:26:05.168+0700 [DEBUG] [org.gradle.launcher.daemon.server.DaemonStateCoordinator] resetting idle timer
2025-12-03T23:26:05.168+0700 [INFO] [org.gradle.launcher.daemon.server.DaemonRegistryUpdater] Marking the daemon as idle, address: [7714e9e6-fef7-4d31-a1e2-ebb0d063ec69 port:54574, addresses:[localhost/127.0.0.1]]
2025-12-03T23:26:05.168+0700 [DEBUG] [org.gradle.launcher.daemon.registry.PersistentDaemonRegistry] Marking busy by address: [7714e9e6-fef7-4d31-a1e2-ebb0d063ec69 port:54574, addresses:[localhost/127.0.0.1]]
2025-12-03T23:26:05.169+0700 [DEBUG] [org.gradle.cache.internal.DefaultFileLockManager] Waiting to acquire exclusive lock on daemon addresses registry.
2025-12-03T23:26:05.170+0700 [DEBUG] [org.gradle.cache.internal.DefaultFileLockManager] Lock acquired on daemon addresses registry.
2025-12-03T23:26:05.171+0700 [DEBUG] [org.gradle.cache.internal.DefaultFileLockManager] Releasing lock on daemon addresses registry.
2025-12-03T23:26:05.171+0700 [DEBUG] [org.gradle.launcher.daemon.server.DaemonStateCoordinator] daemon is running. Sleeping until state changes.
2025-12-03T23:26:05.171+0700 [DEBUG] [org.gradle.launcher.daemon.server.exec.ReturnResult] Daemon is dispatching the build result: Success[value=org.gradle.launcher.exec.BuildActionResult@66f6c94b]
2025-12-03T23:26:05.171+0700 [DEBUG] [org.gradle.launcher.daemon.server.SynchronizedDispatchConnection] thread 738: dispatching Success[value=org.gradle.launcher.exec.BuildActionResult@66f6c94b]
2025-12-03T23:26:05.177+0700 [DEBUG] [org.gradle.launcher.daemon.server.exec.CleanUpVirtualFileSystemAfterBuild] Cleaning virtual file system after build finished
2025-12-03T23:26:05.177+0700 [DEBUG] [org.gradle.launcher.daemon.server.DefaultIncomingConnectionHandler] Finishing executing command: Build{id=aa5a41ac-0b34-4918-a72e-30be344e616b, currentDir=D:\RemoteLamp}
2025-12-03T23:26:05.179+0700 [DEBUG] [org.gradle.launcher.daemon.server.SynchronizedDispatchConnection] thread 739: received class org.gradle.launcher.daemon.protocol.CloseInput
2025-12-03T23:26:05.179+0700 [DEBUG] [org.gradle.launcher.daemon.server.DefaultDaemonConnection] thread 739: Received IO message from client: org.gradle.launcher.daemon.protocol.CloseInput@5016d49e
2025-12-03T23:26:05.179+0700 [DEBUG] [org.gradle.launcher.daemon.server.SynchronizedDispatchConnection] thread 739: received class org.gradle.launcher.daemon.protocol.Finished
2025-12-03T23:26:05.179+0700 [DEBUG] [org.gradle.launcher.daemon.server.DefaultDaemonConnection] thread 739: Received non-IO message from client: org.gradle.launcher.daemon.protocol.Finished@5ed120ec
2025-12-03T23:26:05.180+0700 [DEBUG] [org.gradle.internal.remote.internal.inet.SocketConnection] Discarding EOFException: java.io.EOFException
2025-12-03T23:26:05.180+0700 [DEBUG] [org.gradle.launcher.daemon.server.SynchronizedDispatchConnection] thread 739: received null
2025-12-03T23:26:05.180+0700 [DEBUG] [org.gradle.launcher.daemon.server.DefaultDaemonConnection] thread 739: Received end-of-input from client.
2025-12-03T23:26:05.180+0700 [DEBUG] [org.gradle.launcher.daemon.server.DefaultIncomingConnectionHandler] Received finished message: org.gradle.launcher.daemon.protocol.Finished@5ed120ec
2025-12-03T23:26:05.180+0700 [DEBUG] [org.gradle.launcher.daemon.server.SynchronizedDispatchConnection] thread 738: stopping connection
2025-12-03T23:26:05.182+0700 [DEBUG] [org.gradle.launcher.daemon.server.SynchronizedDispatchConnection] thread 738: stopping connection
2025-12-03T23:26:06.482+0700 [DEBUG] [org.gradle.cache.internal.DefaultFileLockManager] Waiting to acquire shared lock on daemon addresses registry.
2025-12-03T23:26:06.482+0700 [DEBUG] [org.gradle.cache.internal.DefaultFileLockManager] Lock acquired on daemon addresses registry.
2025-12-03T23:26:06.483+0700 [DEBUG] [org.gradle.cache.internal.DefaultFileLockManager] Releasing lock on daemon addresses registry.
2025-12-03T23:26:06.483+0700 [DEBUG] [org.gradle.cache.internal.DefaultFileLockManager] Waiting to acquire shared lock on daemon addresses registry.
2025-12-03T23:26:06.483+0700 [DEBUG] [org.gradle.cache.internal.DefaultFileLockManager] Lock acquired on daemon addresses registry.
2025-12-03T23:26:06.484+0700 [DEBUG] [org.gradle.cache.internal.DefaultFileLockManager] Releasing lock on daemon addresses registry.
2025-12-03T23:26:08.055+0700 [DEBUG] [org.gradle.process.internal.health.memory.DefaultMemoryManager] 1894134579 virtual memory requested, 778829824 free
2025-12-03T23:26:08.055+0700 [DEBUG] [org.gradle.workers.internal.WorkerDaemonExpiration] Will attempt to release 1806 of memory
2025-12-03T23:26:08.055+0700 [DEBUG] [org.gradle.process.internal.health.memory.DefaultMemoryManager] 1894134579 virtual memory requested, 0 released, 778829824 free
2025-12-03T23:26:13.055+0700 [DEBUG] [org.gradle.process.internal.health.memory.DefaultMemoryManager] 794965606 physical memory requested, 785887232 free
2025-12-03T23:26:13.056+0700 [DEBUG] [org.gradle.workers.internal.WorkerDaemonExpiration] Will attempt to release 758 of memory
2025-12-03T23:26:13.056+0700 [DEBUG] [org.gradle.process.internal.health.memory.DefaultMemoryManager] 794965606 physical memory requested, 0 released, 785887232 free
2025-12-03T23:26:13.056+0700 [DEBUG] [org.gradle.process.internal.health.memory.DefaultMemoryManager] 1894134579 virtual memory requested, 781516800 free
2025-12-03T23:26:13.056+0700 [DEBUG] [org.gradle.workers.internal.WorkerDaemonExpiration] Will attempt to release 1806 of memory
2025-12-03T23:26:13.056+0700 [DEBUG] [org.gradle.process.internal.health.memory.DefaultMemoryManager] 1894134579 virtual memory requested, 0 released, 781516800 free
2025-12-03T23:26:13.274+0700 [DEBUG] [org.gradle.internal.watch.vfs.impl.WatchingVirtualFileSystem] Handling VFS change CREATED D:\RemoteLamp\app\src\main\java\com\remotelamp\app\EnhancedConnectScreen.kt~
2025-12-03T23:26:13.275+0700 [DEBUG] [org.gradle.internal.watch.vfs.impl.WatchingVirtualFileSystem] Handling VFS change MODIFIED D:\RemoteLamp\app\src\main\java\com\remotelamp\app\EnhancedConnectScreen.kt
2025-12-03T23:26:16.497+0700 [DEBUG] [org.gradle.cache.internal.DefaultFileLockManager] Waiting to acquire shared lock on daemon addresses registry.
2025-12-03T23:26:16.498+0700 [DEBUG] [org.gradle.cache.internal.DefaultFileLockManager] Lock acquired on daemon addresses registry.
2025-12-03T23:26:16.498+0700 [DEBUG] [org.gradle.cache.internal.DefaultFileLockManager] Releasing lock on daemon addresses registry.
2025-12-03T23:26:16.499+0700 [DEBUG] [org.gradle.cache.internal.DefaultFileLockManager] Waiting to acquire shared lock on daemon addresses registry.
2025-12-03T23:26:16.499+0700 [DEBUG] [org.gradle.cache.internal.DefaultFileLockManager] Lock acquired on daemon addresses registry.
2025-12-03T23:26:16.500+0700 [DEBUG] [org.gradle.cache.internal.DefaultFileLockManager] Releasing lock on daemon addresses registry.
2025-12-03T23:26:16.500+0700 [DEBUG] [org.gradle.cache.internal.DefaultFileLockManager] Waiting to acquire shared lock on daemon addresses registry.
2025-12-03T23:26:16.500+0700 [DEBUG] [org.gradle.cache.internal.DefaultFileLockManager] Lock acquired on daemon addresses registry.
2025-12-03T23:26:16.500+0700 [DEBUG] [org.gradle.cache.internal.DefaultFileLockManager] Releasing lock on daemon addresses registry.
2025-12-03T23:26:16.697+0700 [DEBUG] [sun.rmi.transport.tcp] RMI Scheduler(0): close connection, socket: Socket[addr=localhost/127.0.0.1,port=17518,localport=64424]
2025-12-03T23:26:16.847+0700 [DEBUG] [sun.rmi.transport.tcp] RMI TCP Connection(11)-127.0.0.1: (port 54599) connection closed
2025-12-03T23:26:16.847+0700 [DEBUG] [sun.rmi.transport.tcp] RMI TCP Connection(11)-127.0.0.1: close connection, socket: Socket[addr=/127.0.0.1,port=64425,localport=54599]
2025-12-03T23:26:16.848+0700 [DEBUG] [sun.rmi.transport.tcp] RMI TCP Connection(11)-127.0.0.1: socket close: Socket[addr=/127.0.0.1,port=64425,localport=54599]
2025-12-03T23:26:16.914+0700 [DEBUG] [sun.rmi.transport.tcp] RMI Scheduler(0): close connection, socket: Socket[addr=localhost/127.0.0.1,port=17518,localport=64426]
2025-12-03T23:26:18.055+0700 [DEBUG] [org.gradle.process.internal.health.memory.DefaultMemoryManager] 794965606 physical memory requested, 720441344 free
2025-12-03T23:26:18.055+0700 [DEBUG] [org.gradle.workers.internal.WorkerDaemonExpiration] Will attempt to release 758 of memory
2025-12-03T23:26:18.055+0700 [DEBUG] [org.gradle.process.internal.health.memory.DefaultMemoryManager] 794965606 physical memory requested, 0 released, 720441344 free
2025-12-03T23:26:18.055+0700 [DEBUG] [org.gradle.process.internal.health.memory.DefaultMemoryManager] 1894134579 virtual memory requested, 725139456 free
2025-12-03T23:26:18.055+0700 [DEBUG] [org.gradle.workers.internal.WorkerDaemonExpiration] Will attempt to release 1806 of memory
2025-12-03T23:26:18.055+0700 [DEBUG] [org.gradle.process.internal.health.memory.DefaultMemoryManager] 1894134579 virtual memory requested, 0 released, 725139456 free
2025-12-03T23:26:18.330+0700 [DEBUG] [sun.rmi.transport.tcp] RMI TCP Connection(13)-127.0.0.1: (port 54599) connection closed
2025-12-03T23:26:18.330+0700 [DEBUG] [sun.rmi.transport.tcp] RMI TCP Connection(13)-127.0.0.1: close connection, socket: Socket[addr=/127.0.0.1,port=52685,localport=54599]
2025-12-03T23:26:18.330+0700 [DEBUG] [sun.rmi.transport.tcp] RMI TCP Connection(13)-127.0.0.1: socket close: Socket[addr=/127.0.0.1,port=52685,localport=54599]
2025-12-03T23:26:23.055+0700 [DEBUG] [org.gradle.process.internal.health.memory.DefaultMemoryManager] 794965606 physical memory requested, 692998144 free
2025-12-03T23:26:23.055+0700 [DEBUG] [org.gradle.workers.internal.WorkerDaemonExpiration] Will attempt to release 758 of memory
2025-12-03T23:26:23.055+0700 [DEBUG] [org.gradle.process.internal.health.memory.DefaultMemoryManager] 794965606 physical memory requested, 0 released, 692998144 free
2025-12-03T23:26:23.055+0700 [DEBUG] [org.gradle.process.internal.health.memory.DefaultMemoryManager] 1894134579 virtual memory requested, 706334720 free
2025-12-03T23:26:23.055+0700 [DEBUG] [org.gradle.workers.internal.WorkerDaemonExpiration] Will attempt to release 1806 of memory
2025-12-03T23:26:23.055+0700 [DEBUG] [org.gradle.process.internal.health.memory.DefaultMemoryManager] 1894134579 virtual memory requested, 0 released, 706334720 free
2025-12-03T23:26:26.481+0700 [DEBUG] [org.gradle.cache.internal.DefaultFileLockManager] Waiting to acquire shared lock on daemon addresses registry.
2025-12-03T23:26:26.481+0700 [DEBUG] [org.gradle.cache.internal.DefaultFileLockManager] Lock acquired on daemon addresses registry.
2025-12-03T23:26:26.482+0700 [DEBUG] [org.gradle.cache.internal.DefaultFileLockManager] Releasing lock on daemon addresses registry.
2025-12-03T23:26:26.482+0700 [DEBUG] [org.gradle.cache.internal.DefaultFileLockManager] Waiting to acquire shared lock on daemon addresses registry.
2025-12-03T23:26:26.482+0700 [DEBUG] [org.gradle.cache.internal.DefaultFileLockManager] Lock acquired on daemon addresses registry.
2025-12-03T23:26:26.482+0700 [DEBUG] [org.gradle.cache.internal.DefaultFileLockManager] Releasing lock on daemon addresses registry.
2025-12-03T23:26:26.482+0700 [DEBUG] [org.gradle.cache.internal.DefaultFileLockManager] Waiting to acquire shared lock on daemon addresses registry.
2025-12-03T23:26:26.483+0700 [DEBUG] [org.gradle.cache.internal.DefaultFileLockManager] Lock acquired on daemon addresses registry.
2025-12-03T23:26:26.483+0700 [DEBUG] [org.gradle.cache.internal.DefaultFileLockManager] Releasing lock on daemon addresses registry.
2025-12-03T23:26:28.054+0700 [DEBUG] [org.gradle.process.internal.health.memory.DefaultMemoryManager] 794965606 physical memory requested, 675987456 free
2025-12-03T23:26:28.054+0700 [DEBUG] [org.gradle.workers.internal.WorkerDaemonExpiration] Will attempt to release 758 of memory
2025-12-03T23:26:28.055+0700 [DEBUG] [org.gradle.process.internal.health.memory.DefaultMemoryManager] 794965606 physical memory requested, 0 released, 675987456 free
2025-12-03T23:26:28.055+0700 [DEBUG] [org.gradle.process.internal.health.memory.DefaultMemoryManager] 1894134579 virtual memory requested, 776871936 free
2025-12-03T23:26:28.055+0700 [DEBUG] [org.gradle.workers.internal.WorkerDaemonExpiration] Will attempt to release 1806 of memory
2025-12-03T23:26:28.055+0700 [DEBUG] [org.gradle.process.internal.health.memory.DefaultMemoryManager] 1894134579 virtual memory requested, 0 released, 776871936 free
2025-12-03T23:26:31.923+0700 [DEBUG] [sun.rmi.transport.tcp] RMI Scheduler(0): close connection, socket: Socket[addr=localhost/127.0.0.1,port=17518,localport=64427]
2025-12-03T23:26:32.064+0700 [DEBUG] [sun.rmi.transport.tcp] RMI TCP Connection(12)-127.0.0.1: (port 54599) connection closed
2025-12-03T23:26:32.064+0700 [DEBUG] [sun.rmi.transport.tcp] RMI TCP Connection(12)-127.0.0.1: close connection, socket: Socket[addr=/127.0.0.1,port=64428,localport=54599]
2025-12-03T23:26:32.064+0700 [DEBUG] [sun.rmi.transport.tcp] RMI TCP Connection(12)-127.0.0.1: socket close: Socket[addr=/127.0.0.1,port=64428,localport=54599]
2025-12-03T23:26:33.056+0700 [DEBUG] [org.gradle.process.internal.health.memory.DefaultMemoryManager] 794965606 physical memory requested, 681418752 free
2025-12-03T23:26:33.056+0700 [DEBUG] [org.gradle.workers.internal.WorkerDaemonExpiration] Will attempt to release 758 of memory
2025-12-03T23:26:33.056+0700 [DEBUG] [org.gradle.process.internal.health.memory.DefaultMemoryManager] 794965606 physical memory requested, 0 released, 681418752 free
2025-12-03T23:26:33.056+0700 [DEBUG] [org.gradle.process.internal.health.memory.DefaultMemoryManager] 1894134579 virtual memory requested, 793366528 free
2025-12-03T23:26:33.056+0700 [DEBUG] [org.gradle.workers.internal.WorkerDaemonExpiration] Will attempt to release 1806 of memory
2025-12-03T23:26:33.057+0700 [DEBUG] [org.gradle.process.internal.health.memory.DefaultMemoryManager] 1894134579 virtual memory requested, 0 released, 793366528 free
2025-12-03T23:26:36.482+0700 [DEBUG] [org.gradle.cache.internal.DefaultFileLockManager] Waiting to acquire shared lock on daemon addresses registry.
2025-12-03T23:26:36.483+0700 [DEBUG] [org.gradle.cache.internal.DefaultFileLockManager] Lock acquired on daemon addresses registry.
2025-12-03T23:26:36.483+0700 [DEBUG] [org.gradle.cache.internal.DefaultFileLockManager] Releasing lock on daemon addresses registry.
2025-12-03T23:26:36.483+0700 [DEBUG] [org.gradle.cache.internal.DefaultFileLockManager] Waiting to acquire shared lock on daemon addresses registry.
2025-12-03T23:26:36.483+0700 [DEBUG] [org.gradle.cache.internal.DefaultFileLockManager] Lock acquired on daemon addresses registry.
2025-12-03T23:26:36.483+0700 [DEBUG] [org.gradle.cache.internal.DefaultFileLockManager] Releasing lock on daemon addresses registry.
2025-12-03T23:26:36.484+0700 [DEBUG] [org.gradle.cache.internal.DefaultFileLockManager] Waiting to acquire shared lock on daemon addresses registry.
2025-12-03T23:26:36.484+0700 [DEBUG] [org.gradle.cache.internal.DefaultFileLockManager] Lock acquired on daemon addresses registry.
2025-12-03T23:26:36.484+0700 [DEBUG] [org.gradle.cache.internal.DefaultFileLockManager] Releasing lock on daemon addresses registry.
2025-12-03T23:26:38.056+0700 [DEBUG] [org.gradle.process.internal.health.memory.DefaultMemoryManager] 794965606 physical memory requested, 676945920 free
2025-12-03T23:26:38.056+0700 [DEBUG] [org.gradle.workers.internal.WorkerDaemonExpiration] Will attempt to release 758 of memory
2025-12-03T23:26:38.056+0700 [DEBUG] [org.gradle.process.internal.health.memory.DefaultMemoryManager] 794965606 physical memory requested, 0 released, 676945920 free
2025-12-03T23:26:38.056+0700 [DEBUG] [org.gradle.process.internal.health.memory.DefaultMemoryManager] 1894134579 virtual memory requested, 802058240 free
2025-12-03T23:26:38.056+0700 [DEBUG] [org.gradle.workers.internal.WorkerDaemonExpiration] Will attempt to release 1806 of memory
2025-12-03T23:26:38.056+0700 [DEBUG] [org.gradle.process.internal.health.memory.DefaultMemoryManager] 1894134579 virtual memory requested, 0 released, 802058240 free
2025-12-03T23:26:43.055+0700 [DEBUG] [org.gradle.process.internal.health.memory.DefaultMemoryManager] 794965606 physical memory requested, 668385280 free
2025-12-03T23:26:43.055+0700 [DEBUG] [org.gradle.workers.internal.WorkerDaemonExpiration] Will attempt to release 758 of memory
2025-12-03T23:26:43.055+0700 [DEBUG] [org.gradle.process.internal.health.memory.DefaultMemoryManager] 794965606 physical memory requested, 0 released, 668385280 free
2025-12-03T23:26:43.055+0700 [DEBUG] [org.gradle.process.internal.health.memory.DefaultMemoryManager] 1894134579 virtual memory requested, 806813696 free
2025-12-03T23:26:43.055+0700 [DEBUG] [org.gradle.workers.internal.WorkerDaemonExpiration] Will attempt to release 1806 of memory
2025-12-03T23:26:43.055+0700 [DEBUG] [org.gradle.process.internal.health.memory.DefaultMemoryManager] 1894134579 virtual memory requested, 0 released, 806813696 free
2025-12-03T23:26:46.483+0700 [DEBUG] [org.gradle.cache.internal.DefaultFileLockManager] Waiting to acquire shared lock on daemon addresses registry.
2025-12-03T23:26:46.483+0700 [DEBUG] [org.gradle.cache.internal.DefaultFileLockManager] Lock acquired on daemon addresses registry.
2025-12-03T23:26:46.483+0700 [DEBUG] [org.gradle.cache.internal.DefaultFileLockManager] Releasing lock on daemon addresses registry.
2025-12-03T23:26:46.484+0700 [DEBUG] [org.gradle.cache.internal.DefaultFileLockManager] Waiting to acquire shared lock on daemon addresses registry.
2025-12-03T23:26:46.484+0700 [DEBUG] [org.gradle.cache.internal.DefaultFileLockManager] Lock acquired on daemon addresses registry.
2025-12-03T23:26:46.484+0700 [DEBUG] [org.gradle.cache.internal.DefaultFileLockManager] Releasing lock on daemon addresses registry.
2025-12-03T23:26:46.485+0700 [DEBUG] [org.gradle.cache.internal.DefaultFileLockManager] Waiting to acquire shared lock on daemon addresses registry.
2025-12-03T23:26:46.485+0700 [DEBUG] [org.gradle.cache.internal.DefaultFileLockManager] Lock acquired on daemon addresses registry.
2025-12-03T23:26:46.485+0700 [DEBUG] [org.gradle.cache.internal.DefaultFileLockManager] Releasing lock on daemon addresses registry.
2025-12-03T23:26:48.055+0700 [DEBUG] [org.gradle.process.internal.health.memory.DefaultMemoryManager] 794965606 physical memory requested, 637431808 free
2025-12-03T23:26:48.055+0700 [DEBUG] [org.gradle.workers.internal.WorkerDaemonExpiration] Will attempt to release 758 of memory
2025-12-03T23:26:48.055+0700 [DEBUG] [org.gradle.process.internal.health.memory.DefaultMemoryManager] 794965606 physical memory requested, 0 released, 637431808 free
2025-12-03T23:26:48.055+0700 [DEBUG] [org.gradle.process.internal.health.memory.DefaultMemoryManager] 1894134579 virtual memory requested, 801226752 free
2025-12-03T23:26:48.055+0700 [DEBUG] [org.gradle.workers.internal.WorkerDaemonExpiration] Will attempt to release 1806 of memory
2025-12-03T23:26:48.055+0700 [DEBUG] [org.gradle.process.internal.health.memory.DefaultMemoryManager] 1894134579 virtual memory requested, 0 released, 801226752 free
2025-12-03T23:26:53.056+0700 [DEBUG] [org.gradle.process.internal.health.memory.DefaultMemoryManager] 794965606 physical memory requested, 637915136 free
2025-12-03T23:26:53.056+0700 [DEBUG] [org.gradle.workers.internal.WorkerDaemonExpiration] Will attempt to release 758 of memory
2025-12-03T23:26:53.056+0700 [DEBUG] [org.gradle.process.internal.health.memory.DefaultMemoryManager] 794965606 physical memory requested, 0 released, 637915136 free
2025-12-03T23:26:53.056+0700 [DEBUG] [org.gradle.process.internal.health.memory.DefaultMemoryManager] 1894134579 virtual memory requested, 805781504 free
2025-12-03T23:26:53.056+0700 [DEBUG] [org.gradle.workers.internal.WorkerDaemonExpiration] Will attempt to release 1806 of memory
2025-12-03T23:26:53.056+0700 [DEBUG] [org.gradle.process.internal.health.memory.DefaultMemoryManager] 1894134579 virtual memory requested, 0 released, 805781504 free
2025-12-03T23:26:55.207+0700 [DEBUG] [org.gradle.internal.remote.internal.inet.TcpIncomingConnector] Accepted connection from /127.0.0.1:56912 to /127.0.0.1:54574.
2025-12-03T23:26:55.211+0700 [DEBUG] [org.gradle.launcher.daemon.server.SynchronizedDispatchConnection] thread 831: received class org.gradle.launcher.daemon.protocol.Build
2025-12-03T23:26:55.211+0700 [DEBUG] [org.gradle.launcher.daemon.server.DefaultDaemonConnection] thread 831: Received non-IO message from client: Build{id=c819060d-699f-4e96-bb87-a857f22a55f3, currentDir=D:\RemoteLamp}
2025-12-03T23:26:55.211+0700 [INFO] [org.gradle.launcher.daemon.server.DefaultIncomingConnectionHandler] Received command: Build{id=c819060d-699f-4e96-bb87-a857f22a55f3, currentDir=D:\RemoteLamp}.
2025-12-03T23:26:55.211+0700 [DEBUG] [org.gradle.launcher.daemon.server.DefaultIncomingConnectionHandler] Starting executing command: Build{id=c819060d-699f-4e96-bb87-a857f22a55f3, currentDir=D:\RemoteLamp} with connection: socket connection from /127.0.0.1:54574 to /127.0.0.1:56912.
2025-12-03T23:26:55.212+0700 [DEBUG] [org.gradle.launcher.daemon.server.DaemonStateCoordinator] Command execution: started DaemonCommandExecution[command = Build{id=c819060d-699f-4e96-bb87-a857f22a55f3, currentDir=D:\RemoteLamp}, connection = DefaultDaemonConnection: socket connection from /127.0.0.1:54574 to /127.0.0.1:56912] after 0.83405 minutes of idle
2025-12-03T23:26:55.212+0700 [INFO] [org.gradle.launcher.daemon.server.DaemonRegistryUpdater] Marking the daemon as busy, address: [7714e9e6-fef7-4d31-a1e2-ebb0d063ec69 port:54574, addresses:[localhost/127.0.0.1]]
2025-12-03T23:26:55.212+0700 [DEBUG] [org.gradle.launcher.daemon.registry.PersistentDaemonRegistry] Marking busy by address: [7714e9e6-fef7-4d31-a1e2-ebb0d063ec69 port:54574, addresses:[localhost/127.0.0.1]]
2025-12-03T23:26:55.213+0700 [DEBUG] [org.gradle.cache.internal.DefaultFileLockManager] Waiting to acquire exclusive lock on daemon addresses registry.
2025-12-03T23:26:55.213+0700 [DEBUG] [org.gradle.cache.internal.DefaultFileLockManager] Lock acquired on daemon addresses registry.
2025-12-03T23:26:55.214+0700 [DEBUG] [org.gradle.cache.internal.DefaultFileLockManager] Releasing lock on daemon addresses registry.
2025-12-03T23:26:55.214+0700 [DEBUG] [org.gradle.launcher.daemon.server.DaemonStateCoordinator] resetting idle timer
2025-12-03T23:26:55.214+0700 [DEBUG] [org.gradle.launcher.daemon.server.DaemonStateCoordinator] daemon is running. Sleeping until state changes.
2025-12-03T23:26:55.214+0700 [INFO] [org.gradle.launcher.daemon.server.exec.StartBuildOrRespondWithBusy] Daemon is about to start building Build{id=c819060d-699f-4e96-bb87-a857f22a55f3, currentDir=D:\RemoteLamp}. Dispatching build started information...
2025-12-03T23:26:55.214+0700 [DEBUG] [org.gradle.launcher.daemon.server.SynchronizedDispatchConnection] thread 741: dispatching org.gradle.launcher.daemon.protocol.BuildStarted@7d11b83c
2025-12-03T23:26:55.215+0700 [DEBUG] [org.gradle.launcher.daemon.server.exec.EstablishBuildEnvironment] Configuring env variables: [USERDOMAIN_ROAMINGPROFILE, LOCALAPPDATA, NVM_SYMLINK, PROCESSOR_LEVEL, USERDOMAIN, LOGONSERVER, JAVA_HOME, SESSIONNAME, ALLUSERSPROFILE, PROCESSOR_ARCHITECTURE, EFC_14128_1592913036, PSModulePath, SystemDrive, OneDrive, PT8HOME, APPDATA, USERNAME, ProgramFiles(x86), VBOX_MSI_INSTALL_PATH, CommonProgramFiles, Path, PATHEXT, DriverData, OS, COMPUTERNAME, IntelliJ IDEA Community Edition, NVM_HOME, PROCESSOR_REVISION, CommonProgramW6432, ComSpec, ProgramData, ProgramW6432, TEMP, HOMEPATH, SystemRoot, PROCESSOR_IDENTIFIER, HOMEDRIVE, USERPROFILE, TMP, POWERSHELL_DISTRIBUTION_CHANNEL, CommonProgramFiles(x86), ProgramFiles, PUBLIC, windir, NUMBER_OF_PROCESSORS, =::]
2025-12-03T23:26:55.215+0700 [DEBUG] [org.gradle.launcher.daemon.server.exec.LogToClient] About to start relaying all logs to the client via the connection.
2025-12-03T23:26:55.215+0700 [INFO] [org.gradle.launcher.daemon.server.exec.LogToClient] The client will now receive all logging from the daemon (pid: 18756). The daemon log file: D:\RemoteLamp\daemon\8.10.2\daemon-18756.out.log
2025-12-03T23:26:55.216+0700 [INFO] [org.gradle.launcher.daemon.server.exec.LogAndCheckHealth] Starting 7th build in daemon [uptime: 19 mins 38.931 secs, performance: 98%, GC rate: 0.00/s, heap usage: 1% of 1.5 GiB]
2025-12-03T23:26:55.217+0700 [DEBUG] [org.gradle.launcher.daemon.server.exec.ExecuteBuild] The daemon has started executing the build.
2025-12-03T23:26:55.217+0700 [DEBUG] [org.gradle.launcher.daemon.server.exec.ExecuteBuild] Executing build with daemon context: DefaultDaemonContext[uid=66c12390-f998-4156-9118-506455305028,javaHome=D:\DARI C\Documents\Android Studio\jbr,javaVersion=21,javaVendor=JetBrains s.r.o.,daemonRegistryDir=D:\RemoteLamp\daemon,pid=18756,idleTimeout=10800000,priority=NORMAL,applyInstrumentationAgent=true,nativeServicesMode=ENABLED,daemonOpts=--add-opens=java.base/java.util=ALL-UNNAMED,--add-opens=java.base/java.lang=ALL-UNNAMED,--add-opens=java.base/java.lang.invoke=ALL-UNNAMED,--add-opens=java.prefs/java.util.prefs=ALL-UNNAMED,--add-exports=jdk.compiler/com.sun.tools.javac.api=ALL-UNNAMED,--add-exports=jdk.compiler/com.sun.tools.javac.util=ALL-UNNAMED,--add-opens=java.base/java.nio.charset=ALL-UNNAMED,--add-opens=java.base/java.net=ALL-UNNAMED,--add-opens=java.base/java.util.concurrent.atomic=ALL-UNNAMED,-Xmx1536m,-Dfile.encoding=UTF-8,-Duser.country=ID,-Duser.language=en,-Duser.variant]
e: file:///D:/RemoteLamp/app/src/main/java/com/remotelamp/app/EnhancedConnectScreen.kt:250:13 Unresolved reference: DeviceSelectionDialog

FAILURE: Build failed with an exception.

* What went wrong:
Execution failed for task ':app:compileDebugKotlin'.
> A failure occurred while executing org.jetbrains.kotlin.compilerRunner.GradleCompilerRunnerWithWorkers$GradleKotlinCompilerWorkAction
   > Compilation error. See log for more details

* Try:
> Run with --info or --debug option to get more log output.
> Run with --scan to get full insights.
> Get more help at https://help.gradle.org.

* Exception is:
org.gradle.api.tasks.TaskExecutionException: Execution failed for task ':app:compileDebugKotlin'.
	at org.gradle.api.internal.tasks.execution.ExecuteActionsTaskExecuter.lambda$executeIfValid$1(ExecuteActionsTaskExecuter.java:130)
	at org.gradle.internal.Try$Failure.ifSuccessfulOrElse(Try.java:293)
	at org.gradle.api.internal.tasks.execution.ExecuteActionsTaskExecuter.executeIfValid(ExecuteActionsTaskExecuter.java:128)
	at org.gradle.api.internal.tasks.execution.ExecuteActionsTaskExecuter.execute(ExecuteActionsTaskExecuter.java:116)
	at org.gradle.api.internal.tasks.execution.FinalizePropertiesTaskExecuter.execute(FinalizePropertiesTaskExecuter.java:46)
	at org.gradle.api.internal.tasks.execution.ResolveTaskExecutionModeExecuter.execute(ResolveTaskExecutionModeExecuter.java:51)
	at org.gradle.api.internal.tasks.execution.SkipTaskWithNoActionsExecuter.execute(SkipTaskWithNoActionsExecuter.java:57)
	at org.gradle.api.internal.tasks.execution.SkipOnlyIfTaskExecuter.execute(SkipOnlyIfTaskExecuter.java:74)
	at org.gradle.api.internal.tasks.execution.CatchExceptionTaskExecuter.execute(CatchExceptionTaskExecuter.java:36)
	at org.gradle.api.internal.tasks.execution.EventFiringTaskExecuter$1.executeTask(EventFiringTaskExecuter.java:77)
	at org.gradle.api.internal.tasks.execution.EventFiringTaskExecuter$1.call(EventFiringTaskExecuter.java:55)
	at org.gradle.api.internal.tasks.execution.EventFiringTaskExecuter$1.call(EventFiringTaskExecuter.java:52)
	at org.gradle.internal.operations.DefaultBuildOperationRunner$CallableBuildOperationWorker.execute(DefaultBuildOperationRunner.java:209)
	at org.gradle.internal.operations.DefaultBuildOperationRunner$CallableBuildOperationWorker.execute(DefaultBuildOperationRunner.java:204)
	at org.gradle.internal.operations.DefaultBuildOperationRunner$2.execute(DefaultBuildOperationRunner.java:66)
	at org.gradle.internal.operations.DefaultBuildOperationRunner$2.execute(DefaultBuildOperationRunner.java:59)
	at org.gradle.internal.operations.DefaultBuildOperationRunner.execute(DefaultBuildOperationRunner.java:166)
	at org.gradle.internal.operations.DefaultBuildOperationRunner.execute(DefaultBuildOperationRunner.java:59)
	at org.gradle.internal.operations.DefaultBuildOperationRunner.call(DefaultBuildOperationRunner.java:53)
	at org.gradle.api.internal.tasks.execution.EventFiringTaskExecuter.execute(EventFiringTaskExecuter.java:52)
	at org.gradle.execution.plan.LocalTaskNodeExecutor.execute(LocalTaskNodeExecutor.java:42)
	at org.gradle.execution.taskgraph.DefaultTaskExecutionGraph$InvokeNodeExecutorsAction.execute(DefaultTaskExecutionGraph.java:331)
	at org.gradle.execution.taskgraph.DefaultTaskExecutionGraph$InvokeNodeExecutorsAction.execute(DefaultTaskExecutionGraph.java:318)
	at org.gradle.execution.taskgraph.DefaultTaskExecutionGraph$BuildOperationAwareExecutionAction.lambda$execute$0(DefaultTaskExecutionGraph.java:314)
	at org.gradle.internal.operations.CurrentBuildOperationRef.with(CurrentBuildOperationRef.java:85)
	at org.gradle.execution.taskgraph.DefaultTaskExecutionGraph$BuildOperationAwareExecutionAction.execute(DefaultTaskExecutionGraph.java:314)
	at org.gradle.execution.taskgraph.DefaultTaskExecutionGraph$BuildOperationAwareExecutionAction.execute(DefaultTaskExecutionGraph.java:303)
	at org.gradle.execution.plan.DefaultPlanExecutor$ExecutorWorker.execute(DefaultPlanExecutor.java:459)
	at org.gradle.execution.plan.DefaultPlanExecutor$ExecutorWorker.run(DefaultPlanExecutor.java:376)
	at org.gradle.internal.concurrent.ExecutorPolicy$CatchAndRecordFailures.onExecute(ExecutorPolicy.java:64)
	at org.gradle.internal.concurrent.AbstractManagedExecutor$1.run(AbstractManagedExecutor.java:48)
Caused by: org.gradle.workers.internal.DefaultWorkerExecutor$WorkExecutionException: A failure occurred while executing org.jetbrains.kotlin.compilerRunner.GradleCompilerRunnerWithWorkers$GradleKotlinCompilerWorkAction
	at org.gradle.workers.internal.DefaultWorkerExecutor$WorkItemExecution.waitForCompletion(DefaultWorkerExecutor.java:287)
	at org.gradle.internal.work.DefaultAsyncWorkTracker.lambda$waitForItemsAndGatherFailures$2(DefaultAsyncWorkTracker.java:130)
	at org.gradle.internal.Factories$1.create(Factories.java:31)
	at org.gradle.internal.work.DefaultWorkerLeaseService.withoutLocks(DefaultWorkerLeaseService.java:335)
	at org.gradle.internal.work.DefaultWorkerLeaseService.withoutLocks(DefaultWorkerLeaseService.java:318)
	at org.gradle.internal.work.DefaultWorkerLeaseService.withoutLock(DefaultWorkerLeaseService.java:323)
	at org.gradle.internal.work.DefaultAsyncWorkTracker.waitForItemsAndGatherFailures(DefaultAsyncWorkTracker.java:126)
	at org.gradle.internal.work.DefaultAsyncWorkTracker.waitForItemsAndGatherFailures(DefaultAsyncWorkTracker.java:92)
	at org.gradle.internal.work.DefaultAsyncWorkTracker.waitForAll(DefaultAsyncWorkTracker.java:78)
	at org.gradle.internal.work.DefaultAsyncWorkTracker.waitForCompletion(DefaultAsyncWorkTracker.java:66)
	at org.gradle.api.internal.tasks.execution.TaskExecution$3.run(TaskExecution.java:252)
	at org.gradle.internal.operations.DefaultBuildOperationRunner$1.execute(DefaultBuildOperationRunner.java:29)
	at org.gradle.internal.operations.DefaultBuildOperationRunner$1.execute(DefaultBuildOperationRunner.java:26)
	at org.gradle.internal.operations.DefaultBuildOperationRunner$2.execute(DefaultBuildOperationRunner.java:66)
	at org.gradle.internal.operations.DefaultBuildOperationRunner$2.execute(DefaultBuildOperationRunner.java:59)
	at org.gradle.internal.operations.DefaultBuildOperationRunner.execute(DefaultBuildOperationRunner.java:166)
	at org.gradle.internal.operations.DefaultBuildOperationRunner.execute(DefaultBuildOperationRunner.java:59)
	at org.gradle.internal.operations.DefaultBuildOperationRunner.run(DefaultBuildOperationRunner.java:47)
	at org.gradle.api.internal.tasks.execution.TaskExecution.executeAction(TaskExecution.java:229)
	at org.gradle.api.internal.tasks.execution.TaskExecution.executeActions(TaskExecution.java:212)
	at org.gradle.api.internal.tasks.execution.TaskExecution.executeWithPreviousOutputFiles(TaskExecution.java:195)
	at org.gradle.api.internal.tasks.execution.TaskExecution.execute(TaskExecution.java:162)
	at org.gradle.internal.execution.steps.ExecuteStep.executeInternal(ExecuteStep.java:105)
	at org.gradle.internal.execution.steps.ExecuteStep.access$000(ExecuteStep.java:44)
	at org.gradle.internal.execution.steps.ExecuteStep$1.call(ExecuteStep.java:59)
	at org.gradle.internal.execution.steps.ExecuteStep$1.call(ExecuteStep.java:56)
	at org.gradle.internal.operations.DefaultBuildOperationRunner$CallableBuildOperationWorker.execute(DefaultBuildOperationRunner.java:209)
	at org.gradle.internal.operations.DefaultBuildOperationRunner$CallableBuildOperationWorker.execute(DefaultBuildOperationRunner.java:204)
	at org.gradle.internal.operations.DefaultBuildOperationRunner$2.execute(DefaultBuildOperationRunner.java:66)
	at org.gradle.internal.operations.DefaultBuildOperationRunner$2.execute(DefaultBuildOperationRunner.java:59)
	at org.gradle.internal.operations.DefaultBuildOperationRunner.execute(DefaultBuildOperationRunner.java:166)
	at org.gradle.internal.operations.DefaultBuildOperationRunner.execute(DefaultBuildOperationRunner.java:59)
	at org.gradle.internal.operations.DefaultBuildOperationRunner.call(DefaultBuildOperationRunner.java:53)
	at org.gradle.internal.execution.steps.ExecuteStep.execute(ExecuteStep.java:56)
	at org.gradle.internal.execution.steps.ExecuteStep.execute(ExecuteStep.java:44)
	at org.gradle.internal.execution.steps.CancelExecutionStep.execute(CancelExecutionStep.java:42)
	at org.gradle.internal.execution.steps.TimeoutStep.executeWithoutTimeout(TimeoutStep.java:75)
	at org.gradle.internal.execution.steps.TimeoutStep.execute(TimeoutStep.java:55)
	at org.gradle.internal.execution.steps.PreCreateOutputParentsStep.execute(PreCreateOutputParentsStep.java:50)
	at org.gradle.internal.execution.steps.PreCreateOutputParentsStep.execute(PreCreateOutputParentsStep.java:28)
	at org.gradle.internal.execution.steps.RemovePreviousOutputsStep.execute(RemovePreviousOutputsStep.java:67)
	at org.gradle.internal.execution.steps.RemovePreviousOutputsStep.execute(RemovePreviousOutputsStep.java:37)
	at org.gradle.internal.execution.steps.BroadcastChangingOutputsStep.execute(BroadcastChangingOutputsStep.java:61)
	at org.gradle.internal.execution.steps.BroadcastChangingOutputsStep.execute(BroadcastChangingOutputsStep.java:26)
	at org.gradle.internal.execution.steps.CaptureOutputsAfterExecutionStep.execute(CaptureOutputsAfterExecutionStep.java:69)
	at org.gradle.internal.execution.steps.CaptureOutputsAfterExecutionStep.execute(CaptureOutputsAfterExecutionStep.java:46)
	at org.gradle.internal.execution.steps.ResolveInputChangesStep.execute(ResolveInputChangesStep.java:40)
	at org.gradle.internal.execution.steps.ResolveInputChangesStep.execute(ResolveInputChangesStep.java:29)
	at org.gradle.internal.execution.steps.BuildCacheStep.executeWithoutCache(BuildCacheStep.java:189)
	at org.gradle.internal.execution.steps.BuildCacheStep.lambda$execute$1(BuildCacheStep.java:75)
	at org.gradle.internal.Either$Right.fold(Either.java:175)
	at org.gradle.internal.execution.caching.CachingState.fold(CachingState.java:62)
	at org.gradle.internal.execution.steps.BuildCacheStep.execute(BuildCacheStep.java:73)
	at org.gradle.internal.execution.steps.BuildCacheStep.execute(BuildCacheStep.java:48)
	at org.gradle.internal.execution.steps.StoreExecutionStateStep.execute(StoreExecutionStateStep.java:46)
	at org.gradle.internal.execution.steps.StoreExecutionStateStep.execute(StoreExecutionStateStep.java:35)
	at org.gradle.internal.execution.steps.SkipUpToDateStep.executeBecause(SkipUpToDateStep.java:75)
	at org.gradle.internal.execution.steps.SkipUpToDateStep.lambda$execute$2(SkipUpToDateStep.java:53)
	at org.gradle.internal.execution.steps.SkipUpToDateStep.execute(SkipUpToDateStep.java:53)
	at org.gradle.internal.execution.steps.SkipUpToDateStep.execute(SkipUpToDateStep.java:35)
	at org.gradle.internal.execution.steps.legacy.MarkSnapshottingInputsFinishedStep.execute(MarkSnapshottingInputsFinishedStep.java:37)
	at org.gradle.internal.execution.steps.legacy.MarkSnapshottingInputsFinishedStep.execute(MarkSnapshottingInputsFinishedStep.java:27)
	at org.gradle.internal.execution.steps.ResolveIncrementalCachingStateStep.executeDelegate(ResolveIncrementalCachingStateStep.java:49)
	at org.gradle.internal.execution.steps.ResolveIncrementalCachingStateStep.executeDelegate(ResolveIncrementalCachingStateStep.java:27)
	at org.gradle.internal.execution.steps.AbstractResolveCachingStateStep.execute(AbstractResolveCachingStateStep.java:71)
	at org.gradle.internal.execution.steps.AbstractResolveCachingStateStep.execute(AbstractResolveCachingStateStep.java:39)
	at org.gradle.internal.execution.steps.ResolveChangesStep.execute(ResolveChangesStep.java:65)
	at org.gradle.internal.execution.steps.ResolveChangesStep.execute(ResolveChangesStep.java:36)
	at org.gradle.internal.execution.steps.ValidateStep.execute(ValidateStep.java:107)
	at org.gradle.internal.execution.steps.ValidateStep.execute(ValidateStep.java:56)
	at org.gradle.internal.execution.steps.AbstractCaptureStateBeforeExecutionStep.execute(AbstractCaptureStateBeforeExecutionStep.java:64)
	at org.gradle.internal.execution.steps.AbstractCaptureStateBeforeExecutionStep.execute(AbstractCaptureStateBeforeExecutionStep.java:43)
	at org.gradle.internal.execution.steps.AbstractSkipEmptyWorkStep.executeWithNonEmptySources(AbstractSkipEmptyWorkStep.java:125)
	at org.gradle.internal.execution.steps.AbstractSkipEmptyWorkStep.execute(AbstractSkipEmptyWorkStep.java:61)
	at org.gradle.internal.execution.steps.AbstractSkipEmptyWorkStep.execute(AbstractSkipEmptyWorkStep.java:36)
	at org.gradle.internal.execution.steps.legacy.MarkSnapshottingInputsStartedStep.execute(MarkSnapshottingInputsStartedStep.java:38)
	at org.gradle.internal.execution.steps.LoadPreviousExecutionStateStep.execute(LoadPreviousExecutionStateStep.java:36)
	at org.gradle.internal.execution.steps.LoadPreviousExecutionStateStep.execute(LoadPreviousExecutionStateStep.java:23)
	at org.gradle.internal.execution.steps.HandleStaleOutputsStep.execute(HandleStaleOutputsStep.java:75)
	at org.gradle.internal.execution.steps.HandleStaleOutputsStep.execute(HandleStaleOutputsStep.java:41)
	at org.gradle.internal.execution.steps.AssignMutableWorkspaceStep.lambda$execute$0(AssignMutableWorkspaceStep.java:35)
	at org.gradle.api.internal.tasks.execution.TaskExecution$4.withWorkspace(TaskExecution.java:289)
	at org.gradle.internal.execution.steps.AssignMutableWorkspaceStep.execute(AssignMutableWorkspaceStep.java:31)
	at org.gradle.internal.execution.steps.AssignMutableWorkspaceStep.execute(AssignMutableWorkspaceStep.java:22)
	at org.gradle.internal.execution.steps.ChoosePipelineStep.execute(ChoosePipelineStep.java:40)
	at org.gradle.internal.execution.steps.ChoosePipelineStep.execute(ChoosePipelineStep.java:23)
	at org.gradle.internal.execution.steps.ExecuteWorkBuildOperationFiringStep.lambda$execute$2(ExecuteWorkBuildOperationFiringStep.java:67)
	at org.gradle.internal.execution.steps.ExecuteWorkBuildOperationFiringStep.execute(ExecuteWorkBuildOperationFiringStep.java:67)
	at org.gradle.internal.execution.steps.ExecuteWorkBuildOperationFiringStep.execute(ExecuteWorkBuildOperationFiringStep.java:39)
	at org.gradle.internal.execution.steps.IdentityCacheStep.execute(IdentityCacheStep.java:46)
	at org.gradle.internal.execution.steps.IdentityCacheStep.execute(IdentityCacheStep.java:34)
	at org.gradle.internal.execution.steps.IdentifyStep.execute(IdentifyStep.java:48)
	at org.gradle.internal.execution.steps.IdentifyStep.execute(IdentifyStep.java:35)
	at org.gradle.internal.execution.impl.DefaultExecutionEngine$1.execute(DefaultExecutionEngine.java:61)
	at org.gradle.api.internal.tasks.execution.ExecuteActionsTaskExecuter.executeIfValid(ExecuteActionsTaskExecuter.java:127)
	at org.gradle.api.internal.tasks.execution.ExecuteActionsTaskExecuter.execute(ExecuteActionsTaskExecuter.java:116)
	at org.gradle.api.internal.tasks.execution.FinalizePropertiesTaskExecuter.execute(FinalizePropertiesTaskExecuter.java:46)
	at org.gradle.api.internal.tasks.execution.ResolveTaskExecutionModeExecuter.execute(ResolveTaskExecutionModeExecuter.java:51)
	at org.gradle.api.internal.tasks.execution.SkipTaskWithNoActionsExecuter.execute(SkipTaskWithNoActionsExecuter.java:57)
	at org.gradle.api.internal.tasks.execution.SkipOnlyIfTaskExecuter.execute(SkipOnlyIfTaskExecuter.java:74)
	at org.gradle.api.internal.tasks.execution.CatchExceptionTaskExecuter.execute(CatchExceptionTaskExecuter.java:36)
	at org.gradle.api.internal.tasks.execution.EventFiringTaskExecuter$1.executeTask(EventFiringTaskExecuter.java:77)
	at org.gradle.api.internal.tasks.execution.EventFiringTaskExecuter$1.call(EventFiringTaskExecuter.java:55)
	at org.gradle.api.internal.tasks.execution.EventFiringTaskExecuter$1.call(EventFiringTaskExecuter.java:52)
	at org.gradle.internal.operations.DefaultBuildOperationRunner$CallableBuildOperationWorker.execute(DefaultBuildOperationRunner.java:209)
	at org.gradle.internal.operations.DefaultBuildOperationRunner$CallableBuildOperationWorker.execute(DefaultBuildOperationRunner.java:204)
	at org.gradle.internal.operations.DefaultBuildOperationRunner$2.execute(DefaultBuildOperationRunner.java:66)
	at org.gradle.internal.operations.DefaultBuildOperationRunner$2.execute(DefaultBuildOperationRunner.java:59)
	at org.gradle.internal.operations.DefaultBuildOperationRunner.execute(DefaultBuildOperationRunner.java:166)
	at org.gradle.internal.operations.DefaultBuildOperationRunner.execute(DefaultBuildOperationRunner.java:59)
	at org.gradle.internal.operations.DefaultBuildOperationRunner.call(DefaultBuildOperationRunner.java:53)
	at org.gradle.api.internal.tasks.execution.EventFiringTaskExecuter.execute(EventFiringTaskExecuter.java:52)
	at org.gradle.execution.plan.LocalTaskNodeExecutor.execute(LocalTaskNodeExecutor.java:42)
	at org.gradle.execution.taskgraph.DefaultTaskExecutionGraph$InvokeNodeExecutorsAction.execute(DefaultTaskExecutionGraph.java:331)
	at org.gradle.execution.taskgraph.DefaultTaskExecutionGraph$InvokeNodeExecutorsAction.execute(DefaultTaskExecutionGraph.java:318)
	at org.gradle.execution.taskgraph.DefaultTaskExecutionGraph$BuildOperationAwareExecutionAction.lambda$execute$0(DefaultTaskExecutionGraph.java:314)
	at org.gradle.internal.operations.CurrentBuildOperationRef.with(CurrentBuildOperationRef.java:85)
	at org.gradle.execution.taskgraph.DefaultTaskExecutionGraph$BuildOperationAwareExecutionAction.execute(DefaultTaskExecutionGraph.java:314)
	at org.gradle.execution.taskgraph.DefaultTaskExecutionGraph$BuildOperationAwareExecutionAction.execute(DefaultTaskExecutionGraph.java:303)
	at org.gradle.execution.plan.DefaultPlanExecutor$ExecutorWorker.execute(DefaultPlanExecutor.java:459)
	at org.gradle.execution.plan.DefaultPlanExecutor$ExecutorWorker.run(DefaultPlanExecutor.java:376)
	at org.gradle.internal.concurrent.ExecutorPolicy$CatchAndRecordFailures.onExecute(ExecutorPolicy.java:64)
	at org.gradle.internal.concurrent.AbstractManagedExecutor$1.run(AbstractManagedExecutor.java:48)
Caused by: org.jetbrains.kotlin.gradle.tasks.CompilationErrorException: Compilation error. See log for more details
	at org.jetbrains.kotlin.gradle.tasks.TasksUtilsKt.throwExceptionIfCompilationFailed(tasksUtils.kt:20)
	at org.jetbrains.kotlin.compilerRunner.GradleKotlinCompilerWork.run(GradleKotlinCompilerWork.kt:141)
	at org.jetbrains.kotlin.compilerRunner.GradleCompilerRunnerWithWorkers$GradleKotlinCompilerWorkAction.execute(GradleCompilerRunnerWithWorkers.kt:73)
	at org.gradle.workers.internal.DefaultWorkerServer.execute(DefaultWorkerServer.java:63)
	at org.gradle.workers.internal.NoIsolationWorkerFactory$1$1.create(NoIsolationWorkerFactory.java:66)
	at org.gradle.workers.internal.NoIsolationWorkerFactory$1$1.create(NoIsolationWorkerFactory.java:62)
	at org.gradle.internal.classloader.ClassLoaderUtils.executeInClassloader(ClassLoaderUtils.java:100)
	at org.gradle.workers.internal.NoIsolationWorkerFactory$1.lambda$execute$0(NoIsolationWorkerFactory.java:62)
	at org.gradle.workers.internal.AbstractWorker$1.call(AbstractWorker.java:44)
	at org.gradle.workers.internal.AbstractWorker$1.call(AbstractWorker.java:41)
	at org.gradle.internal.operations.DefaultBuildOperationRunner$CallableBuildOperationWorker.execute(DefaultBuildOperationRunner.java:209)
	at org.gradle.internal.operations.DefaultBuildOperationRunner$CallableBuildOperationWorker.execute(DefaultBuildOperationRunner.java:204)
	at org.gradle.internal.operations.DefaultBuildOperationRunner$2.execute(DefaultBuildOperationRunner.java:66)
	at org.gradle.internal.operations.DefaultBuildOperationRunner$2.execute(DefaultBuildOperationRunner.java:59)
	at org.gradle.internal.operations.DefaultBuildOperationRunner.execute(DefaultBuildOperationRunner.java:166)
	at org.gradle.internal.operations.DefaultBuildOperationRunner.execute(DefaultBuildOperationRunner.java:59)
	at org.gradle.internal.operations.DefaultBuildOperationRunner.call(DefaultBuildOperationRunner.java:53)
	at org.gradle.workers.internal.AbstractWorker.executeWrappedInBuildOperation(AbstractWorker.java:41)
	at org.gradle.workers.internal.NoIsolationWorkerFactory$1.execute(NoIsolationWorkerFactory.java:59)
	at org.gradle.workers.internal.DefaultWorkerExecutor.lambda$submitWork$0(DefaultWorkerExecutor.java:174)
	at org.gradle.internal.work.DefaultConditionalExecutionQueue$ExecutionRunner.runExecution(DefaultConditionalExecutionQueue.java:194)
	at org.gradle.internal.work.DefaultConditionalExecutionQueue$ExecutionRunner.access$700(DefaultConditionalExecutionQueue.java:127)
	at org.gradle.internal.work.DefaultConditionalExecutionQueue$ExecutionRunner$1.run(DefaultConditionalExecutionQueue.java:169)
	at org.gradle.internal.Factories$1.create(Factories.java:31)
	at org.gradle.internal.work.DefaultWorkerLeaseService.withLocks(DefaultWorkerLeaseService.java:263)
	at org.gradle.internal.work.DefaultWorkerLeaseService.runAsWorkerThread(DefaultWorkerLeaseService.java:127)
	at org.gradle.internal.work.DefaultWorkerLeaseService.runAsWorkerThread(DefaultWorkerLeaseService.java:132)
	at org.gradle.internal.work.DefaultConditionalExecutionQueue$ExecutionRunner.runBatch(DefaultConditionalExecutionQueue.java:164)
	at org.gradle.internal.work.DefaultConditionalExecutionQueue$ExecutionRunner.run(DefaultConditionalExecutionQueue.java:133)
	... 2 more


BUILD FAILED in 4s
29 actionable tasks: 2 executed, 27 up-to-date
2025-12-03T23:26:59.686+0700 [DEBUG] [org.gradle.launcher.daemon.server.exec.ExecuteBuild] The daemon has finished executing the build.
2025-12-03T23:26:59.692+0700 [DEBUG] [org.gradle.launcher.daemon.server.DaemonStateCoordinator] daemon is running. Sleeping until state changes.
2025-12-03T23:26:59.692+0700 [DEBUG] [org.gradle.launcher.daemon.server.DaemonStateCoordinator] Command execution: finished waiting for DaemonCommandExecution[command = Build{id=c819060d-699f-4e96-bb87-a857f22a55f3, currentDir=D:\RemoteLamp}, connection = DefaultDaemonConnection: socket connection from /127.0.0.1:54574 to /127.0.0.1:56912]. Result org.gradle.launcher.daemon.server.DaemonStateCoordinator@31b0e048 with state Busy
2025-12-03T23:26:59.692+0700 [DEBUG] [org.gradle.launcher.daemon.server.DaemonStateCoordinator] Command execution: completed DaemonCommandExecution[command = Build{id=c819060d-699f-4e96-bb87-a857f22a55f3, currentDir=D:\RemoteLamp}, connection = DefaultDaemonConnection: socket connection from /127.0.0.1:54574 to /127.0.0.1:56912]
2025-12-03T23:26:59.692+0700 [DEBUG] [org.gradle.launcher.daemon.server.DaemonStateCoordinator] resetting idle timer
2025-12-03T23:26:59.692+0700 [INFO] [org.gradle.launcher.daemon.server.DaemonRegistryUpdater] Marking the daemon as idle, address: [7714e9e6-fef7-4d31-a1e2-ebb0d063ec69 port:54574, addresses:[localhost/127.0.0.1]]
2025-12-03T23:26:59.692+0700 [DEBUG] [org.gradle.launcher.daemon.registry.PersistentDaemonRegistry] Marking busy by address: [7714e9e6-fef7-4d31-a1e2-ebb0d063ec69 port:54574, addresses:[localhost/127.0.0.1]]
2025-12-03T23:26:59.693+0700 [DEBUG] [org.gradle.cache.internal.DefaultFileLockManager] Waiting to acquire exclusive lock on daemon addresses registry.
2025-12-03T23:26:59.694+0700 [DEBUG] [org.gradle.cache.internal.DefaultFileLockManager] Lock acquired on daemon addresses registry.
2025-12-03T23:26:59.694+0700 [DEBUG] [org.gradle.cache.internal.DefaultFileLockManager] Releasing lock on daemon addresses registry.
2025-12-03T23:26:59.694+0700 [DEBUG] [org.gradle.launcher.daemon.server.DaemonStateCoordinator] daemon is running. Sleeping until state changes.
2025-12-03T23:26:59.694+0700 [DEBUG] [org.gradle.launcher.daemon.server.exec.ReturnResult] Daemon is dispatching the build result: Success[value=org.gradle.launcher.exec.BuildActionResult@68d7a5b1]
2025-12-03T23:26:59.694+0700 [DEBUG] [org.gradle.launcher.daemon.server.SynchronizedDispatchConnection] thread 738: dispatching Success[value=org.gradle.launcher.exec.BuildActionResult@68d7a5b1]
2025-12-03T23:26:59.696+0700 [DEBUG] [org.gradle.launcher.daemon.server.exec.CleanUpVirtualFileSystemAfterBuild] Cleaning virtual file system after build finished
2025-12-03T23:26:59.696+0700 [DEBUG] [org.gradle.launcher.daemon.server.DefaultIncomingConnectionHandler] Finishing executing command: Build{id=c819060d-699f-4e96-bb87-a857f22a55f3, currentDir=D:\RemoteLamp}
2025-12-03T23:26:59.698+0700 [DEBUG] [org.gradle.launcher.daemon.server.SynchronizedDispatchConnection] thread 831: received class org.gradle.launcher.daemon.protocol.CloseInput
2025-12-03T23:26:59.698+0700 [DEBUG] [org.gradle.launcher.daemon.server.DefaultDaemonConnection] thread 831: Received IO message from client: org.gradle.launcher.daemon.protocol.CloseInput@1d1ee7b
2025-12-03T23:26:59.698+0700 [DEBUG] [org.gradle.launcher.daemon.server.SynchronizedDispatchConnection] thread 831: received class org.gradle.launcher.daemon.protocol.Finished
2025-12-03T23:26:59.698+0700 [DEBUG] [org.gradle.launcher.daemon.server.DefaultDaemonConnection] thread 831: Received non-IO message from client: org.gradle.launcher.daemon.protocol.Finished@f160031
2025-12-03T23:26:59.698+0700 [DEBUG] [org.gradle.launcher.daemon.server.DefaultIncomingConnectionHandler] Received finished message: org.gradle.launcher.daemon.protocol.Finished@f160031
2025-12-03T23:26:59.698+0700 [DEBUG] [org.gradle.internal.remote.internal.inet.SocketConnection] Discarding EOFException: java.io.EOFException
2025-12-03T23:26:59.698+0700 [DEBUG] [org.gradle.launcher.daemon.server.SynchronizedDispatchConnection] thread 738: stopping connection
2025-12-03T23:26:59.698+0700 [DEBUG] [org.gradle.launcher.daemon.server.SynchronizedDispatchConnection] thread 831: received null
2025-12-03T23:26:59.698+0700 [DEBUG] [org.gradle.launcher.daemon.server.DefaultDaemonConnection] thread 831: Received end-of-input from client.
2025-12-03T23:26:59.699+0700 [DEBUG] [org.gradle.launcher.daemon.server.SynchronizedDispatchConnection] thread 738: stopping connection
2025-12-03T23:27:03.055+0700 [DEBUG] [org.gradle.process.internal.health.memory.DefaultMemoryManager] 794965606 physical memory requested, 711643136 free
2025-12-03T23:27:03.055+0700 [DEBUG] [org.gradle.workers.internal.WorkerDaemonExpiration] Will attempt to release 758 of memory
2025-12-03T23:27:03.055+0700 [DEBUG] [org.gradle.process.internal.health.memory.DefaultMemoryManager] 794965606 physical memory requested, 0 released, 711643136 free
2025-12-03T23:27:03.055+0700 [DEBUG] [org.gradle.process.internal.health.memory.DefaultMemoryManager] 1894134579 virtual memory requested, 1102749696 free
2025-12-03T23:27:03.055+0700 [DEBUG] [org.gradle.workers.internal.WorkerDaemonExpiration] Will attempt to release 1806 of memory
2025-12-03T23:27:03.055+0700 [DEBUG] [org.gradle.process.internal.health.memory.DefaultMemoryManager] 1894134579 virtual memory requested, 0 released, 1102749696 free
2025-12-03T23:27:06.482+0700 [DEBUG] [org.gradle.cache.internal.DefaultFileLockManager] Waiting to acquire shared lock on daemon addresses registry.
2025-12-03T23:27:06.483+0700 [DEBUG] [org.gradle.cache.internal.DefaultFileLockManager] Lock acquired on daemon addresses registry.
2025-12-03T23:27:06.483+0700 [DEBUG] [org.gradle.cache.internal.DefaultFileLockManager] Releasing lock on daemon addresses registry.
2025-12-03T23:27:06.484+0700 [DEBUG] [org.gradle.cache.internal.DefaultFileLockManager] Waiting to acquire shared lock on daemon addresses registry.
2025-12-03T23:27:06.484+0700 [DEBUG] [org.gradle.cache.internal.DefaultFileLockManager] Lock acquired on daemon addresses registry.
2025-12-03T23:27:06.484+0700 [DEBUG] [org.gradle.cache.internal.DefaultFileLockManager] Releasing lock on daemon addresses registry.
2025-12-03T23:27:08.056+0700 [DEBUG] [org.gradle.process.internal.health.memory.DefaultMemoryManager] 794965606 physical memory requested, 721469440 free
2025-12-03T23:27:08.056+0700 [DEBUG] [org.gradle.workers.internal.WorkerDaemonExpiration] Will attempt to release 758 of memory
2025-12-03T23:27:08.056+0700 [DEBUG] [org.gradle.process.internal.health.memory.DefaultMemoryManager] 794965606 physical memory requested, 0 released, 721469440 free
2025-12-03T23:27:08.056+0700 [DEBUG] [org.gradle.process.internal.health.memory.DefaultMemoryManager] 1894134579 virtual memory requested, 1116254208 free
2025-12-03T23:27:08.056+0700 [DEBUG] [org.gradle.workers.internal.WorkerDaemonExpiration] Will attempt to release 1806 of memory
2025-12-03T23:27:08.056+0700 [DEBUG] [org.gradle.process.internal.health.memory.DefaultMemoryManager] 1894134579 virtual memory requested, 0 released, 1116254208 free
2025-12-03T23:27:10.542+0700 [DEBUG] [sun.rmi.transport.tcp] RMI Scheduler(0): close connection, socket: Socket[addr=localhost/127.0.0.1,port=17518,localport=56914]
2025-12-03T23:27:10.545+0700 [DEBUG] [sun.rmi.transport.tcp] RMI Scheduler(0): close connection, socket: Socket[addr=localhost/127.0.0.1,port=17518,localport=56913]
2025-12-03T23:27:13.060+0700 [DEBUG] [org.gradle.process.internal.health.memory.DefaultMemoryManager] 794965606 physical memory requested, 581169152 free
2025-12-03T23:27:13.061+0700 [DEBUG] [org.gradle.workers.internal.WorkerDaemonExpiration] Will attempt to release 758 of memory
2025-12-03T23:27:13.061+0700 [DEBUG] [org.gradle.process.internal.health.memory.DefaultMemoryManager] 794965606 physical memory requested, 0 released, 581169152 free
2025-12-03T23:27:13.061+0700 [DEBUG] [org.gradle.process.internal.health.memory.DefaultMemoryManager] 1894134579 virtual memory requested, 879693824 free
2025-12-03T23:27:13.061+0700 [DEBUG] [org.gradle.workers.internal.WorkerDaemonExpiration] Will attempt to release 1806 of memory
2025-12-03T23:27:13.061+0700 [DEBUG] [org.gradle.process.internal.health.memory.DefaultMemoryManager] 1894134579 virtual memory requested, 0 released, 879693824 free
2025-12-03T23:27:13.515+0700 [DEBUG] [sun.rmi.transport.tcp] RMI TCP Connection(15)-127.0.0.1: (port 54599) connection closed
2025-12-03T23:27:13.515+0700 [DEBUG] [sun.rmi.transport.tcp] RMI TCP Connection(15)-127.0.0.1: close connection, socket: Socket[addr=/127.0.0.1,port=56918,localport=54599]
2025-12-03T23:27:13.515+0700 [DEBUG] [sun.rmi.transport.tcp] RMI TCP Connection(15)-127.0.0.1: socket close: Socket[addr=/127.0.0.1,port=56918,localport=54599]
2025-12-03T23:27:16.494+0700 [DEBUG] [org.gradle.cache.internal.DefaultFileLockManager] Waiting to acquire shared lock on daemon addresses registry.
2025-12-03T23:27:16.495+0700 [DEBUG] [org.gradle.cache.internal.DefaultFileLockManager] Lock acquired on daemon addresses registry.
2025-12-03T23:27:16.495+0700 [DEBUG] [org.gradle.cache.internal.DefaultFileLockManager] Releasing lock on daemon addresses registry.
2025-12-03T23:27:16.496+0700 [DEBUG] [org.gradle.cache.internal.DefaultFileLockManager] Waiting to acquire shared lock on daemon addresses registry.
2025-12-03T23:27:16.496+0700 [DEBUG] [org.gradle.cache.internal.DefaultFileLockManager] Lock acquired on daemon addresses registry.
2025-12-03T23:27:16.496+0700 [DEBUG] [org.gradle.cache.internal.DefaultFileLockManager] Releasing lock on daemon addresses registry.
2025-12-03T23:27:16.497+0700 [DEBUG] [org.gradle.cache.internal.DefaultFileLockManager] Waiting to acquire shared lock on daemon addresses registry.
2025-12-03T23:27:16.497+0700 [DEBUG] [org.gradle.cache.internal.DefaultFileLockManager] Lock acquired on daemon addresses registry.
2025-12-03T23:27:16.497+0700 [DEBUG] [org.gradle.cache.internal.DefaultFileLockManager] Releasing lock on daemon addresses registry.
2025-12-03T23:27:18.060+0700 [DEBUG] [org.gradle.process.internal.health.memory.DefaultMemoryManager] 794965606 physical memory requested, 535752704 free
2025-12-03T23:27:18.060+0700 [DEBUG] [org.gradle.workers.internal.WorkerDaemonExpiration] Will attempt to release 758 of memory
2025-12-03T23:27:18.060+0700 [DEBUG] [org.gradle.process.internal.health.memory.DefaultMemoryManager] 794965606 physical memory requested, 0 released, 535752704 free
2025-12-03T23:27:18.060+0700 [DEBUG] [org.gradle.process.internal.health.memory.DefaultMemoryManager] 1894134579 virtual memory requested, 932003840 free
2025-12-03T23:27:18.060+0700 [DEBUG] [org.gradle.workers.internal.WorkerDaemonExpiration] Will attempt to release 1806 of memory
2025-12-03T23:27:18.060+0700 [DEBUG] [org.gradle.process.internal.health.memory.DefaultMemoryManager] 1894134579 virtual memory requested, 0 released, 932003840 free
2025-12-03T23:27:23.058+0700 [DEBUG] [org.gradle.process.internal.health.memory.DefaultMemoryManager] 794965606 physical memory requested, 467705856 free
2025-12-03T23:27:23.058+0700 [DEBUG] [org.gradle.workers.internal.WorkerDaemonExpiration] Will attempt to release 758 of memory
2025-12-03T23:27:23.058+0700 [DEBUG] [org.gradle.process.internal.health.memory.DefaultMemoryManager] 794965606 physical memory requested, 0 released, 467705856 free
2025-12-03T23:27:23.058+0700 [DEBUG] [org.gradle.process.internal.health.memory.DefaultMemoryManager] 1894134579 virtual memory requested, 927412224 free
2025-12-03T23:27:23.058+0700 [DEBUG] [org.gradle.workers.internal.WorkerDaemonExpiration] Will attempt to release 1806 of memory
2025-12-03T23:27:23.058+0700 [DEBUG] [org.gradle.process.internal.health.memory.DefaultMemoryManager] 1894134579 virtual memory requested, 0 released, 927412224 free
2025-12-03T23:27:26.484+0700 [DEBUG] [org.gradle.cache.internal.DefaultFileLockManager] Waiting to acquire shared lock on daemon addresses registry.
2025-12-03T23:27:26.484+0700 [DEBUG] [org.gradle.cache.internal.DefaultFileLockManager] Lock acquired on daemon addresses registry.
2025-12-03T23:27:26.484+0700 [DEBUG] [org.gradle.cache.internal.DefaultFileLockManager] Releasing lock on daemon addresses registry.
2025-12-03T23:27:26.485+0700 [DEBUG] [org.gradle.cache.internal.DefaultFileLockManager] Waiting to acquire shared lock on daemon addresses registry.
2025-12-03T23:27:26.485+0700 [DEBUG] [org.gradle.cache.internal.DefaultFileLockManager] Lock acquired on daemon addresses registry.
2025-12-03T23:27:26.485+0700 [DEBUG] [org.gradle.cache.internal.DefaultFileLockManager] Releasing lock on daemon addresses registry.
2025-12-03T23:27:26.486+0700 [DEBUG] [org.gradle.cache.internal.DefaultFileLockManager] Waiting to acquire shared lock on daemon addresses registry.
2025-12-03T23:27:26.486+0700 [DEBUG] [org.gradle.cache.internal.DefaultFileLockManager] Lock acquired on daemon addresses registry.
2025-12-03T23:27:26.486+0700 [DEBUG] [org.gradle.cache.internal.DefaultFileLockManager] Releasing lock on daemon addresses registry.
2025-12-03T23:27:27.326+0700 [DEBUG] [sun.rmi.transport.tcp] RMI Scheduler(0): close connection, socket: Socket[addr=localhost/127.0.0.1,port=17518,localport=56915]
2025-12-03T23:27:27.344+0700 [DEBUG] [sun.rmi.transport.tcp] RMI Scheduler(0): close connection, socket: Socket[addr=localhost/127.0.0.1,port=17518,localport=56916]
2025-12-03T23:27:27.363+0700 [DEBUG] [sun.rmi.transport.tcp] RMI TCP Connection(14)-127.0.0.1: (port 54599) connection closed
2025-12-03T23:27:27.363+0700 [DEBUG] [sun.rmi.transport.tcp] RMI TCP Connection(14)-127.0.0.1: close connection, socket: Socket[addr=/127.0.0.1,port=56917,localport=54599]
2025-12-03T23:27:27.364+0700 [DEBUG] [sun.rmi.transport.tcp] RMI TCP Connection(14)-127.0.0.1: socket close: Socket[addr=/127.0.0.1,port=56917,localport=54599]
2025-12-03T23:27:28.070+0700 [DEBUG] [org.gradle.process.internal.health.memory.DefaultMemoryManager] 794965606 physical memory requested, 471859200 free
2025-12-03T23:27:28.070+0700 [DEBUG] [org.gradle.workers.internal.WorkerDaemonExpiration] Will attempt to release 758 of memory
2025-12-03T23:27:28.070+0700 [DEBUG] [org.gradle.process.internal.health.memory.DefaultMemoryManager] 794965606 physical memory requested, 0 released, 471859200 free
2025-12-03T23:27:28.070+0700 [DEBUG] [org.gradle.process.internal.health.memory.DefaultMemoryManager] 1894134579 virtual memory requested, 884228096 free
2025-12-03T23:27:28.070+0700 [DEBUG] [org.gradle.workers.internal.WorkerDaemonExpiration] Will attempt to release 1806 of memory
2025-12-03T23:27:28.070+0700 [DEBUG] [org.gradle.process.internal.health.memory.DefaultMemoryManager] 1894134579 virtual memory requested, 0 released, 884228096 free
2025-12-03T23:27:33.062+0700 [DEBUG] [org.gradle.process.internal.health.memory.DefaultMemoryManager] 1894134579 virtual memory requested, 853704704 free
2025-12-03T23:27:33.062+0700 [DEBUG] [org.gradle.workers.internal.WorkerDaemonExpiration] Will attempt to release 1806 of memory
2025-12-03T23:27:33.062+0700 [DEBUG] [org.gradle.process.internal.health.memory.DefaultMemoryManager] 1894134579 virtual memory requested, 0 released, 853704704 free
2025-12-03T23:27:36.502+0700 [DEBUG] [org.gradle.cache.internal.DefaultFileLockManager] Waiting to acquire shared lock on daemon addresses registry.
2025-12-03T23:27:36.502+0700 [DEBUG] [org.gradle.cache.internal.DefaultFileLockManager] Lock acquired on daemon addresses registry.
2025-12-03T23:27:36.502+0700 [DEBUG] [org.gradle.cache.internal.DefaultFileLockManager] Releasing lock on daemon addresses registry.
2025-12-03T23:27:36.503+0700 [DEBUG] [org.gradle.cache.internal.DefaultFileLockManager] Waiting to acquire shared lock on daemon addresses registry.
2025-12-03T23:27:36.503+0700 [DEBUG] [org.gradle.cache.internal.DefaultFileLockManager] Lock acquired on daemon addresses registry.
2025-12-03T23:27:36.504+0700 [DEBUG] [org.gradle.cache.internal.DefaultFileLockManager] Releasing lock on daemon addresses registry.
2025-12-03T23:27:36.504+0700 [DEBUG] [org.gradle.cache.internal.DefaultFileLockManager] Waiting to acquire shared lock on daemon addresses registry.
2025-12-03T23:27:36.504+0700 [DEBUG] [org.gradle.cache.internal.DefaultFileLockManager] Lock acquired on daemon addresses registry.
2025-12-03T23:27:36.504+0700 [DEBUG] [org.gradle.cache.internal.DefaultFileLockManager] Releasing lock on daemon addresses registry.
2025-12-03T23:27:38.058+0700 [DEBUG] [org.gradle.process.internal.health.memory.DefaultMemoryManager] 794965606 physical memory requested, 751165440 free
2025-12-03T23:27:38.058+0700 [DEBUG] [org.gradle.workers.internal.WorkerDaemonExpiration] Will attempt to release 758 of memory
2025-12-03T23:27:38.058+0700 [DEBUG] [org.gradle.process.internal.health.memory.DefaultMemoryManager] 794965606 physical memory requested, 0 released, 751165440 free
2025-12-03T23:27:38.058+0700 [DEBUG] [org.gradle.process.internal.health.memory.DefaultMemoryManager] 1894134579 virtual memory requested, 823758848 free
2025-12-03T23:27:38.058+0700 [DEBUG] [org.gradle.workers.internal.WorkerDaemonExpiration] Will attempt to release 1806 of memory
2025-12-03T23:27:38.059+0700 [DEBUG] [org.gradle.process.internal.health.memory.DefaultMemoryManager] 1894134579 virtual memory requested, 0 released, 823758848 free
2025-12-03T23:27:43.065+0700 [DEBUG] [org.gradle.process.internal.health.memory.DefaultMemoryManager] 794965606 physical memory requested, 729133056 free
2025-12-03T23:27:43.065+0700 [DEBUG] [org.gradle.workers.internal.WorkerDaemonExpiration] Will attempt to release 758 of memory
2025-12-03T23:27:43.065+0700 [DEBUG] [org.gradle.process.internal.health.memory.DefaultMemoryManager] 794965606 physical memory requested, 0 released, 729133056 free
2025-12-03T23:27:43.065+0700 [DEBUG] [org.gradle.process.internal.health.memory.DefaultMemoryManager] 1894134579 virtual memory requested, 815529984 free
2025-12-03T23:27:43.065+0700 [DEBUG] [org.gradle.workers.internal.WorkerDaemonExpiration] Will attempt to release 1806 of memory
2025-12-03T23:27:43.065+0700 [DEBUG] [org.gradle.process.internal.health.memory.DefaultMemoryManager] 1894134579 virtual memory requested, 0 released, 815529984 free
2025-12-03T23:27:46.497+0700 [DEBUG] [org.gradle.cache.internal.DefaultFileLockManager] Waiting to acquire shared lock on daemon addresses registry.
2025-12-03T23:27:46.497+0700 [DEBUG] [org.gradle.cache.internal.DefaultFileLockManager] Lock acquired on daemon addresses registry.
2025-12-03T23:27:46.497+0700 [DEBUG] [org.gradle.cache.internal.DefaultFileLockManager] Releasing lock on daemon addresses registry.
2025-12-03T23:27:46.498+0700 [DEBUG] [org.gradle.cache.internal.DefaultFileLockManager] Waiting to acquire shared lock on daemon addresses registry.
2025-12-03T23:27:46.498+0700 [DEBUG] [org.gradle.cache.internal.DefaultFileLockManager] Lock acquired on daemon addresses registry.
2025-12-03T23:27:46.498+0700 [DEBUG] [org.gradle.cache.internal.DefaultFileLockManager] Releasing lock on daemon addresses registry.
2025-12-03T23:27:46.499+0700 [DEBUG] [org.gradle.cache.internal.DefaultFileLockManager] Waiting to acquire shared lock on daemon addresses registry.
2025-12-03T23:27:46.499+0700 [DEBUG] [org.gradle.cache.internal.DefaultFileLockManager] Lock acquired on daemon addresses registry.
2025-12-03T23:27:46.499+0700 [DEBUG] [org.gradle.cache.internal.DefaultFileLockManager] Releasing lock on daemon addresses registry.
2025-12-03T23:27:48.060+0700 [DEBUG] [org.gradle.process.internal.health.memory.DefaultMemoryManager] 794965606 physical memory requested, 693862400 free
2025-12-03T23:27:48.060+0700 [DEBUG] [org.gradle.workers.internal.WorkerDaemonExpiration] Will attempt to release 758 of memory
2025-12-03T23:27:48.060+0700 [DEBUG] [org.gradle.process.internal.health.memory.DefaultMemoryManager] 794965606 physical memory requested, 0 released, 693862400 free
2025-12-03T23:27:48.060+0700 [DEBUG] [org.gradle.process.internal.health.memory.DefaultMemoryManager] 1894134579 virtual memory requested, 796884992 free
2025-12-03T23:27:48.060+0700 [DEBUG] [org.gradle.workers.internal.WorkerDaemonExpiration] Will attempt to release 1806 of memory
2025-12-03T23:27:48.060+0700 [DEBUG] [org.gradle.process.internal.health.memory.DefaultMemoryManager] 1894134579 virtual memory requested, 0 released, 796884992 free
2025-12-03T23:27:53.060+0700 [DEBUG] [org.gradle.process.internal.health.memory.DefaultMemoryManager] 794965606 physical memory requested, 656007168 free
2025-12-03T23:27:53.060+0700 [DEBUG] [org.gradle.workers.internal.WorkerDaemonExpiration] Will attempt to release 758 of memory
2025-12-03T23:27:53.060+0700 [DEBUG] [org.gradle.process.internal.health.memory.DefaultMemoryManager] 794965606 physical memory requested, 0 released, 656007168 free
2025-12-03T23:27:53.060+0700 [DEBUG] [org.gradle.process.internal.health.memory.DefaultMemoryManager] 1894134579 virtual memory requested, 842903552 free
2025-12-03T23:27:53.060+0700 [DEBUG] [org.gradle.workers.internal.WorkerDaemonExpiration] Will attempt to release 1806 of memory
2025-12-03T23:27:53.060+0700 [DEBUG] [org.gradle.process.internal.health.memory.DefaultMemoryManager] 1894134579 virtual memory requested, 0 released, 842903552 free
2025-12-03T23:27:56.482+0700 [DEBUG] [org.gradle.cache.internal.DefaultFileLockManager] Waiting to acquire shared lock on daemon addresses registry.
2025-12-03T23:27:56.482+0700 [DEBUG] [org.gradle.cache.internal.DefaultFileLockManager] Lock acquired on daemon addresses registry.
2025-12-03T23:27:56.483+0700 [DEBUG] [org.gradle.cache.internal.DefaultFileLockManager] Releasing lock on daemon addresses registry.
2025-12-03T23:27:56.483+0700 [DEBUG] [org.gradle.cache.internal.DefaultFileLockManager] Waiting to acquire shared lock on daemon addresses registry.
2025-12-03T23:27:56.483+0700 [DEBUG] [org.gradle.cache.internal.DefaultFileLockManager] Lock acquired on daemon addresses registry.
2025-12-03T23:27:56.483+0700 [DEBUG] [org.gradle.cache.internal.DefaultFileLockManager] Releasing lock on daemon addresses registry.
2025-12-03T23:27:56.484+0700 [DEBUG] [org.gradle.cache.internal.DefaultFileLockManager] Waiting to acquire shared lock on daemon addresses registry.
2025-12-03T23:27:56.484+0700 [DEBUG] [org.gradle.cache.internal.DefaultFileLockManager] Lock acquired on daemon addresses registry.
2025-12-03T23:27:56.484+0700 [DEBUG] [org.gradle.cache.internal.DefaultFileLockManager] Releasing lock on daemon addresses registry.
2025-12-03T23:27:58.061+0700 [DEBUG] [org.gradle.process.internal.health.memory.DefaultMemoryManager] 794965606 physical memory requested, 675536896 free
2025-12-03T23:27:58.061+0700 [DEBUG] [org.gradle.workers.internal.WorkerDaemonExpiration] Will attempt to release 758 of memory
2025-12-03T23:27:58.061+0700 [DEBUG] [org.gradle.process.internal.health.memory.DefaultMemoryManager] 794965606 physical memory requested, 0 released, 675536896 free
2025-12-03T23:27:58.061+0700 [DEBUG] [org.gradle.process.internal.health.memory.DefaultMemoryManager] 1894134579 virtual memory requested, 976199680 free
2025-12-03T23:27:58.062+0700 [DEBUG] [org.gradle.workers.internal.WorkerDaemonExpiration] Will attempt to release 1806 of memory
2025-12-03T23:27:58.062+0700 [DEBUG] [org.gradle.process.internal.health.memory.DefaultMemoryManager] 1894134579 virtual memory requested, 0 released, 976199680 free
2025-12-03T23:28:03.061+0700 [DEBUG] [org.gradle.process.internal.health.memory.DefaultMemoryManager] 794965606 physical memory requested, 747458560 free
2025-12-03T23:28:03.061+0700 [DEBUG] [org.gradle.workers.internal.WorkerDaemonExpiration] Will attempt to release 758 of memory
2025-12-03T23:28:03.061+0700 [DEBUG] [org.gradle.process.internal.health.memory.DefaultMemoryManager] 794965606 physical memory requested, 0 released, 747458560 free
2025-12-03T23:28:03.061+0700 [DEBUG] [org.gradle.process.internal.health.memory.DefaultMemoryManager] 1894134579 virtual memory requested, 1064148992 free
2025-12-03T23:28:03.061+0700 [DEBUG] [org.gradle.workers.internal.WorkerDaemonExpiration] Will attempt to release 1806 of memory
2025-12-03T23:28:03.062+0700 [DEBUG] [org.gradle.process.internal.health.memory.DefaultMemoryManager] 1894134579 virtual memory requested, 0 released, 1064148992 free
2025-12-03T23:28:06.497+0700 [DEBUG] [org.gradle.cache.internal.DefaultFileLockManager] Waiting to acquire shared lock on daemon addresses registry.
2025-12-03T23:28:06.497+0700 [DEBUG] [org.gradle.cache.internal.DefaultFileLockManager] Lock acquired on daemon addresses registry.
2025-12-03T23:28:06.497+0700 [DEBUG] [org.gradle.cache.internal.DefaultFileLockManager] Releasing lock on daemon addresses registry.
2025-12-03T23:28:06.498+0700 [DEBUG] [org.gradle.cache.internal.DefaultFileLockManager] Waiting to acquire shared lock on daemon addresses registry.
2025-12-03T23:28:06.498+0700 [DEBUG] [org.gradle.cache.internal.DefaultFileLockManager] Lock acquired on daemon addresses registry.
2025-12-03T23:28:06.498+0700 [DEBUG] [org.gradle.cache.internal.DefaultFileLockManager] Releasing lock on daemon addresses registry.
2025-12-03T23:28:06.499+0700 [DEBUG] [org.gradle.cache.internal.DefaultFileLockManager] Waiting to acquire shared lock on daemon addresses registry.
2025-12-03T23:28:06.499+0700 [DEBUG] [org.gradle.cache.internal.DefaultFileLockManager] Lock acquired on daemon addresses registry.
2025-12-03T23:28:06.499+0700 [DEBUG] [org.gradle.cache.internal.DefaultFileLockManager] Releasing lock on daemon addresses registry.
2025-12-03T23:28:08.059+0700 [DEBUG] [org.gradle.process.internal.health.memory.DefaultMemoryManager] 794965606 physical memory requested, 728408064 free
2025-12-03T23:28:08.060+0700 [DEBUG] [org.gradle.workers.internal.WorkerDaemonExpiration] Will attempt to release 758 of memory
2025-12-03T23:28:08.060+0700 [DEBUG] [org.gradle.process.internal.health.memory.DefaultMemoryManager] 794965606 physical memory requested, 0 released, 728408064 free
2025-12-03T23:28:08.060+0700 [DEBUG] [org.gradle.process.internal.health.memory.DefaultMemoryManager] 1894134579 virtual memory requested, 1065725952 free
2025-12-03T23:28:08.060+0700 [DEBUG] [org.gradle.workers.internal.WorkerDaemonExpiration] Will attempt to release 1806 of memory
2025-12-03T23:28:08.060+0700 [DEBUG] [org.gradle.process.internal.health.memory.DefaultMemoryManager] 1894134579 virtual memory requested, 0 released, 1065725952 free
2025-12-03T23:28:13.059+0700 [DEBUG] [org.gradle.process.internal.health.memory.DefaultMemoryManager] 794965606 physical memory requested, 702894080 free
2025-12-03T23:28:13.059+0700 [DEBUG] [org.gradle.workers.internal.WorkerDaemonExpiration] Will attempt to release 758 of memory
2025-12-03T23:28:13.059+0700 [DEBUG] [org.gradle.process.internal.health.memory.DefaultMemoryManager] 794965606 physical memory requested, 0 released, 702894080 free
2025-12-03T23:28:13.059+0700 [DEBUG] [org.gradle.process.internal.health.memory.DefaultMemoryManager] 1894134579 virtual memory requested, 1057411072 free
2025-12-03T23:28:13.059+0700 [DEBUG] [org.gradle.workers.internal.WorkerDaemonExpiration] Will attempt to release 1806 of memory
2025-12-03T23:28:13.060+0700 [DEBUG] [org.gradle.process.internal.health.memory.DefaultMemoryManager] 1894134579 virtual memory requested, 0 released, 1057411072 free
2025-12-03T23:28:16.483+0700 [DEBUG] [org.gradle.cache.internal.DefaultFileLockManager] Waiting to acquire shared lock on daemon addresses registry.
2025-12-03T23:28:16.483+0700 [DEBUG] [org.gradle.cache.internal.DefaultFileLockManager] Lock acquired on daemon addresses registry.
2025-12-03T23:28:16.483+0700 [DEBUG] [org.gradle.cache.internal.DefaultFileLockManager] Releasing lock on daemon addresses registry.
2025-12-03T23:28:16.484+0700 [DEBUG] [org.gradle.cache.internal.DefaultFileLockManager] Waiting to acquire shared lock on daemon addresses registry.
2025-12-03T23:28:16.484+0700 [DEBUG] [org.gradle.cache.internal.DefaultFileLockManager] Lock acquired on daemon addresses registry.
2025-12-03T23:28:16.485+0700 [DEBUG] [org.gradle.cache.internal.DefaultFileLockManager] Releasing lock on daemon addresses registry.
2025-12-03T23:28:16.485+0700 [DEBUG] [org.gradle.cache.internal.DefaultFileLockManager] Waiting to acquire shared lock on daemon addresses registry.
2025-12-03T23:28:16.485+0700 [DEBUG] [org.gradle.cache.internal.DefaultFileLockManager] Lock acquired on daemon addresses registry.
2025-12-03T23:28:16.485+0700 [DEBUG] [org.gradle.cache.internal.DefaultFileLockManager] Releasing lock on daemon addresses registry.
2025-12-03T23:28:18.061+0700 [DEBUG] [org.gradle.process.internal.health.memory.DefaultMemoryManager] 794965606 physical memory requested, 700121088 free
2025-12-03T23:28:18.061+0700 [DEBUG] [org.gradle.workers.internal.WorkerDaemonExpiration] Will attempt to release 758 of memory
2025-12-03T23:28:18.061+0700 [DEBUG] [org.gradle.process.internal.health.memory.DefaultMemoryManager] 794965606 physical memory requested, 0 released, 700121088 free
2025-12-03T23:28:18.061+0700 [DEBUG] [org.gradle.process.internal.health.memory.DefaultMemoryManager] 1894134579 virtual memory requested, 1072844800 free
2025-12-03T23:28:18.061+0700 [DEBUG] [org.gradle.workers.internal.WorkerDaemonExpiration] Will attempt to release 1806 of memory
2025-12-03T23:28:18.061+0700 [DEBUG] [org.gradle.process.internal.health.memory.DefaultMemoryManager] 1894134579 virtual memory requested, 0 released, 1072844800 free
2025-12-03T23:28:23.060+0700 [DEBUG] [org.gradle.process.internal.health.memory.DefaultMemoryManager] 794965606 physical memory requested, 694751232 free
2025-12-03T23:28:23.060+0700 [DEBUG] [org.gradle.workers.internal.WorkerDaemonExpiration] Will attempt to release 758 of memory
2025-12-03T23:28:23.060+0700 [DEBUG] [org.gradle.process.internal.health.memory.DefaultMemoryManager] 794965606 physical memory requested, 0 released, 694751232 free
2025-12-03T23:28:23.060+0700 [DEBUG] [org.gradle.process.internal.health.memory.DefaultMemoryManager] 1894134579 virtual memory requested, 1090543616 free
2025-12-03T23:28:23.060+0700 [DEBUG] [org.gradle.workers.internal.WorkerDaemonExpiration] Will attempt to release 1806 of memory
2025-12-03T23:28:23.060+0700 [DEBUG] [org.gradle.process.internal.health.memory.DefaultMemoryManager] 1894134579 virtual memory requested, 0 released, 1090543616 free
2025-12-03T23:28:26.483+0700 [DEBUG] [org.gradle.cache.internal.DefaultFileLockManager] Waiting to acquire shared lock on daemon addresses registry.
2025-12-03T23:28:26.483+0700 [DEBUG] [org.gradle.cache.internal.DefaultFileLockManager] Lock acquired on daemon addresses registry.
2025-12-03T23:28:26.483+0700 [DEBUG] [org.gradle.cache.internal.DefaultFileLockManager] Releasing lock on daemon addresses registry.
2025-12-03T23:28:26.484+0700 [DEBUG] [org.gradle.cache.internal.DefaultFileLockManager] Waiting to acquire shared lock on daemon addresses registry.
2025-12-03T23:28:26.484+0700 [DEBUG] [org.gradle.cache.internal.DefaultFileLockManager] Lock acquired on daemon addresses registry.
2025-12-03T23:28:26.484+0700 [DEBUG] [org.gradle.cache.internal.DefaultFileLockManager] Releasing lock on daemon addresses registry.
2025-12-03T23:28:26.485+0700 [DEBUG] [org.gradle.cache.internal.DefaultFileLockManager] Waiting to acquire shared lock on daemon addresses registry.
2025-12-03T23:28:26.485+0700 [DEBUG] [org.gradle.cache.internal.DefaultFileLockManager] Lock acquired on daemon addresses registry.
2025-12-03T23:28:26.485+0700 [DEBUG] [org.gradle.cache.internal.DefaultFileLockManager] Releasing lock on daemon addresses registry.
2025-12-03T23:28:28.060+0700 [DEBUG] [org.gradle.process.internal.health.memory.DefaultMemoryManager] 1894134579 virtual memory requested, 1023283200 free
2025-12-03T23:28:28.060+0700 [DEBUG] [org.gradle.workers.internal.WorkerDaemonExpiration] Will attempt to release 1806 of memory
2025-12-03T23:28:28.060+0700 [DEBUG] [org.gradle.process.internal.health.memory.DefaultMemoryManager] 1894134579 virtual memory requested, 0 released, 1023283200 free
2025-12-03T23:28:33.067+0700 [DEBUG] [org.gradle.process.internal.health.memory.DefaultMemoryManager] 1894134579 virtual memory requested, 959868928 free
2025-12-03T23:28:33.075+0700 [DEBUG] [org.gradle.workers.internal.WorkerDaemonExpiration] Will attempt to release 1806 of memory
2025-12-03T23:28:33.075+0700 [DEBUG] [org.gradle.process.internal.health.memory.DefaultMemoryManager] 1894134579 virtual memory requested, 0 released, 959868928 free
2025-12-03T23:28:36.559+0700 [DEBUG] [org.gradle.cache.internal.DefaultFileLockManager] Waiting to acquire shared lock on daemon addresses registry.
2025-12-03T23:28:36.560+0700 [DEBUG] [org.gradle.cache.internal.DefaultFileLockManager] Lock acquired on daemon addresses registry.
2025-12-03T23:28:36.560+0700 [DEBUG] [org.gradle.cache.internal.DefaultFileLockManager] Releasing lock on daemon addresses registry.
2025-12-03T23:28:36.561+0700 [DEBUG] [org.gradle.cache.internal.DefaultFileLockManager] Waiting to acquire shared lock on daemon addresses registry.
2025-12-03T23:28:36.561+0700 [DEBUG] [org.gradle.cache.internal.DefaultFileLockManager] Lock acquired on daemon addresses registry.
2025-12-03T23:28:36.561+0700 [DEBUG] [org.gradle.cache.internal.DefaultFileLockManager] Releasing lock on daemon addresses registry.
2025-12-03T23:28:36.562+0700 [DEBUG] [org.gradle.cache.internal.DefaultFileLockManager] Waiting to acquire shared lock on daemon addresses registry.
2025-12-03T23:28:36.562+0700 [DEBUG] [org.gradle.cache.internal.DefaultFileLockManager] Lock acquired on daemon addresses registry.
2025-12-03T23:28:36.562+0700 [DEBUG] [org.gradle.cache.internal.DefaultFileLockManager] Releasing lock on daemon addresses registry.
2025-12-03T23:28:38.055+0700 [DEBUG] [org.gradle.process.internal.health.memory.DefaultMemoryManager] 1894134579 virtual memory requested, 1050730496 free
2025-12-03T23:28:38.055+0700 [DEBUG] [org.gradle.workers.internal.WorkerDaemonExpiration] Will attempt to release 1806 of memory
2025-12-03T23:28:38.055+0700 [DEBUG] [org.gradle.process.internal.health.memory.DefaultMemoryManager] 1894134579 virtual memory requested, 0 released, 1050730496 free
2025-12-03T23:28:43.056+0700 [DEBUG] [org.gradle.process.internal.health.memory.DefaultMemoryManager] 1894134579 virtual memory requested, 919867392 free
2025-12-03T23:28:43.056+0700 [DEBUG] [org.gradle.workers.internal.WorkerDaemonExpiration] Will attempt to release 1806 of memory
2025-12-03T23:28:43.056+0700 [DEBUG] [org.gradle.process.internal.health.memory.DefaultMemoryManager] 1894134579 virtual memory requested, 0 released, 919867392 free
2025-12-03T23:28:46.482+0700 [DEBUG] [org.gradle.cache.internal.DefaultFileLockManager] Waiting to acquire shared lock on daemon addresses registry.
2025-12-03T23:28:46.482+0700 [DEBUG] [org.gradle.cache.internal.DefaultFileLockManager] Lock acquired on daemon addresses registry.
2025-12-03T23:28:46.482+0700 [DEBUG] [org.gradle.cache.internal.DefaultFileLockManager] Releasing lock on daemon addresses registry.
2025-12-03T23:28:46.483+0700 [DEBUG] [org.gradle.cache.internal.DefaultFileLockManager] Waiting to acquire shared lock on daemon addresses registry.
2025-12-03T23:28:46.483+0700 [DEBUG] [org.gradle.cache.internal.DefaultFileLockManager] Lock acquired on daemon addresses registry.
2025-12-03T23:28:46.483+0700 [DEBUG] [org.gradle.cache.internal.DefaultFileLockManager] Releasing lock on daemon addresses registry.
2025-12-03T23:28:46.484+0700 [DEBUG] [org.gradle.cache.internal.DefaultFileLockManager] Waiting to acquire shared lock on daemon addresses registry.
2025-12-03T23:28:46.484+0700 [DEBUG] [org.gradle.cache.internal.DefaultFileLockManager] Lock acquired on daemon addresses registry.
2025-12-03T23:28:46.484+0700 [DEBUG] [org.gradle.cache.internal.DefaultFileLockManager] Releasing lock on daemon addresses registry.
2025-12-03T23:28:47.369+0700 [DEBUG] [org.gradle.internal.watch.vfs.impl.WatchingVirtualFileSystem] Handling VFS change CREATED D:\RemoteLamp\app\src\main\java\com\remotelamp\app\EnhancedConnectScreen.kt~
2025-12-03T23:28:47.370+0700 [DEBUG] [org.gradle.internal.watch.vfs.impl.WatchingVirtualFileSystem] Handling VFS change MODIFIED D:\RemoteLamp\app\src\main\java\com\remotelamp\app\EnhancedConnectScreen.kt
2025-12-03T23:28:47.396+0700 [DEBUG] [org.gradle.internal.remote.internal.inet.TcpIncomingConnector] Accepted connection from /127.0.0.1:57289 to /127.0.0.1:54574.
2025-12-03T23:28:47.404+0700 [DEBUG] [org.gradle.launcher.daemon.server.SynchronizedDispatchConnection] thread 919: received class org.gradle.launcher.daemon.protocol.Build
2025-12-03T23:28:47.404+0700 [DEBUG] [org.gradle.launcher.daemon.server.DefaultDaemonConnection] thread 919: Received non-IO message from client: Build{id=97bcdcd1-edbe-4b47-90d0-75a1dba67c66, currentDir=D:\RemoteLamp}
2025-12-03T23:28:47.404+0700 [INFO] [org.gradle.launcher.daemon.server.DefaultIncomingConnectionHandler] Received command: Build{id=97bcdcd1-edbe-4b47-90d0-75a1dba67c66, currentDir=D:\RemoteLamp}.
2025-12-03T23:28:47.404+0700 [DEBUG] [org.gradle.launcher.daemon.server.DefaultIncomingConnectionHandler] Starting executing command: Build{id=97bcdcd1-edbe-4b47-90d0-75a1dba67c66, currentDir=D:\RemoteLamp} with connection: socket connection from /127.0.0.1:54574 to /127.0.0.1:57289.
2025-12-03T23:28:47.405+0700 [DEBUG] [org.gradle.launcher.daemon.server.DaemonStateCoordinator] Command execution: started DaemonCommandExecution[command = Build{id=97bcdcd1-edbe-4b47-90d0-75a1dba67c66, currentDir=D:\RemoteLamp}, connection = DefaultDaemonConnection: socket connection from /127.0.0.1:54574 to /127.0.0.1:57289] after 1.7952000000000001 minutes of idle
2025-12-03T23:28:47.405+0700 [INFO] [org.gradle.launcher.daemon.server.DaemonRegistryUpdater] Marking the daemon as busy, address: [7714e9e6-fef7-4d31-a1e2-ebb0d063ec69 port:54574, addresses:[localhost/127.0.0.1]]
2025-12-03T23:28:47.405+0700 [DEBUG] [org.gradle.launcher.daemon.registry.PersistentDaemonRegistry] Marking busy by address: [7714e9e6-fef7-4d31-a1e2-ebb0d063ec69 port:54574, addresses:[localhost/127.0.0.1]]
2025-12-03T23:28:47.406+0700 [DEBUG] [org.gradle.cache.internal.DefaultFileLockManager] Waiting to acquire exclusive lock on daemon addresses registry.
2025-12-03T23:28:47.407+0700 [DEBUG] [org.gradle.cache.internal.DefaultFileLockManager] Lock acquired on daemon addresses registry.
2025-12-03T23:28:47.408+0700 [DEBUG] [org.gradle.cache.internal.DefaultFileLockManager] Releasing lock on daemon addresses registry.
2025-12-03T23:28:47.409+0700 [DEBUG] [org.gradle.launcher.daemon.server.DaemonStateCoordinator] resetting idle timer
2025-12-03T23:28:47.409+0700 [DEBUG] [org.gradle.launcher.daemon.server.DaemonStateCoordinator] daemon is running. Sleeping until state changes.
2025-12-03T23:28:47.409+0700 [INFO] [org.gradle.launcher.daemon.server.exec.StartBuildOrRespondWithBusy] Daemon is about to start building Build{id=97bcdcd1-edbe-4b47-90d0-75a1dba67c66, currentDir=D:\RemoteLamp}. Dispatching build started information...
2025-12-03T23:28:47.409+0700 [DEBUG] [org.gradle.launcher.daemon.server.SynchronizedDispatchConnection] thread 921: dispatching org.gradle.launcher.daemon.protocol.BuildStarted@5468a017
2025-12-03T23:28:47.410+0700 [DEBUG] [org.gradle.launcher.daemon.server.exec.EstablishBuildEnvironment] Configuring env variables: [USERDOMAIN_ROAMINGPROFILE, LOCALAPPDATA, NVM_SYMLINK, PROCESSOR_LEVEL, USERDOMAIN, LOGONSERVER, JAVA_HOME, SESSIONNAME, ALLUSERSPROFILE, PROCESSOR_ARCHITECTURE, EFC_14128_1592913036, PSModulePath, SystemDrive, OneDrive, PT8HOME, APPDATA, USERNAME, ProgramFiles(x86), VBOX_MSI_INSTALL_PATH, CommonProgramFiles, Path, PATHEXT, DriverData, OS, COMPUTERNAME, IntelliJ IDEA Community Edition, NVM_HOME, PROCESSOR_REVISION, CommonProgramW6432, ComSpec, ProgramData, ProgramW6432, TEMP, HOMEPATH, SystemRoot, PROCESSOR_IDENTIFIER, HOMEDRIVE, USERPROFILE, TMP, POWERSHELL_DISTRIBUTION_CHANNEL, CommonProgramFiles(x86), ProgramFiles, PUBLIC, windir, NUMBER_OF_PROCESSORS, =::]
2025-12-03T23:28:47.412+0700 [DEBUG] [org.gradle.launcher.daemon.server.exec.LogToClient] About to start relaying all logs to the client via the connection.
2025-12-03T23:28:47.412+0700 [INFO] [org.gradle.launcher.daemon.server.exec.LogToClient] The client will now receive all logging from the daemon (pid: 18756). The daemon log file: D:\RemoteLamp\daemon\8.10.2\daemon-18756.out.log
2025-12-03T23:28:47.414+0700 [INFO] [org.gradle.launcher.daemon.server.exec.LogAndCheckHealth] Starting 8th build in daemon [uptime: 21 mins 31.128 secs, performance: 98%, GC rate: 0.00/s, heap usage: 1% of 1.5 GiB]
2025-12-03T23:28:47.415+0700 [DEBUG] [org.gradle.launcher.daemon.server.exec.ExecuteBuild] The daemon has started executing the build.
2025-12-03T23:28:47.415+0700 [DEBUG] [org.gradle.launcher.daemon.server.exec.ExecuteBuild] Executing build with daemon context: DefaultDaemonContext[uid=66c12390-f998-4156-9118-506455305028,javaHome=D:\DARI C\Documents\Android Studio\jbr,javaVersion=21,javaVendor=JetBrains s.r.o.,daemonRegistryDir=D:\RemoteLamp\daemon,pid=18756,idleTimeout=10800000,priority=NORMAL,applyInstrumentationAgent=true,nativeServicesMode=ENABLED,daemonOpts=--add-opens=java.base/java.util=ALL-UNNAMED,--add-opens=java.base/java.lang=ALL-UNNAMED,--add-opens=java.base/java.lang.invoke=ALL-UNNAMED,--add-opens=java.prefs/java.util.prefs=ALL-UNNAMED,--add-exports=jdk.compiler/com.sun.tools.javac.api=ALL-UNNAMED,--add-exports=jdk.compiler/com.sun.tools.javac.util=ALL-UNNAMED,--add-opens=java.base/java.nio.charset=ALL-UNNAMED,--add-opens=java.base/java.net=ALL-UNNAMED,--add-opens=java.base/java.util.concurrent.atomic=ALL-UNNAMED,-Xmx1536m,-Dfile.encoding=UTF-8,-Duser.country=ID,-Duser.language=en,-Duser.variant]

BUILD SUCCESSFUL in 14s
36 actionable tasks: 5 executed, 31 up-to-date
2025-12-03T23:29:02.110+0700 [DEBUG] [org.gradle.launcher.daemon.server.exec.ExecuteBuild] The daemon has finished executing the build.
2025-12-03T23:29:02.123+0700 [DEBUG] [org.gradle.launcher.daemon.server.DaemonStateCoordinator] daemon is running. Sleeping until state changes.
2025-12-03T23:29:02.123+0700 [DEBUG] [org.gradle.launcher.daemon.server.DaemonStateCoordinator] Command execution: finished waiting for DaemonCommandExecution[command = Build{id=97bcdcd1-edbe-4b47-90d0-75a1dba67c66, currentDir=D:\RemoteLamp}, connection = DefaultDaemonConnection: socket connection from /127.0.0.1:54574 to /127.0.0.1:57289]. Result org.gradle.launcher.daemon.server.DaemonStateCoordinator@31b0e048 with state Busy
2025-12-03T23:29:02.123+0700 [DEBUG] [org.gradle.launcher.daemon.server.DaemonStateCoordinator] Command execution: completed DaemonCommandExecution[command = Build{id=97bcdcd1-edbe-4b47-90d0-75a1dba67c66, currentDir=D:\RemoteLamp}, connection = DefaultDaemonConnection: socket connection from /127.0.0.1:54574 to /127.0.0.1:57289]
2025-12-03T23:29:02.123+0700 [DEBUG] [org.gradle.launcher.daemon.server.DaemonStateCoordinator] resetting idle timer
2025-12-03T23:29:02.124+0700 [INFO] [org.gradle.launcher.daemon.server.DaemonRegistryUpdater] Marking the daemon as idle, address: [7714e9e6-fef7-4d31-a1e2-ebb0d063ec69 port:54574, addresses:[localhost/127.0.0.1]]
2025-12-03T23:29:02.124+0700 [DEBUG] [org.gradle.launcher.daemon.registry.PersistentDaemonRegistry] Marking busy by address: [7714e9e6-fef7-4d31-a1e2-ebb0d063ec69 port:54574, addresses:[localhost/127.0.0.1]]
2025-12-03T23:29:02.125+0700 [DEBUG] [org.gradle.cache.internal.DefaultFileLockManager] Waiting to acquire exclusive lock on daemon addresses registry.
2025-12-03T23:29:02.126+0700 [DEBUG] [org.gradle.cache.internal.DefaultFileLockManager] Lock acquired on daemon addresses registry.
2025-12-03T23:29:02.128+0700 [DEBUG] [org.gradle.cache.internal.DefaultFileLockManager] Releasing lock on daemon addresses registry.
2025-12-03T23:29:02.128+0700 [DEBUG] [org.gradle.launcher.daemon.server.DaemonStateCoordinator] daemon is running. Sleeping until state changes.
2025-12-03T23:29:02.128+0700 [DEBUG] [org.gradle.launcher.daemon.server.exec.ReturnResult] Daemon is dispatching the build result: Success[value=org.gradle.launcher.exec.BuildActionResult@2574f7c8]
2025-12-03T23:29:02.128+0700 [DEBUG] [org.gradle.launcher.daemon.server.SynchronizedDispatchConnection] thread 918: dispatching Success[value=org.gradle.launcher.exec.BuildActionResult@2574f7c8]
2025-12-03T23:29:02.130+0700 [DEBUG] [org.gradle.launcher.daemon.server.exec.CleanUpVirtualFileSystemAfterBuild] Cleaning virtual file system after build finished
2025-12-03T23:29:02.130+0700 [DEBUG] [org.gradle.launcher.daemon.server.SynchronizedDispatchConnection] thread 919: received class org.gradle.launcher.daemon.protocol.CloseInput
2025-12-03T23:29:02.130+0700 [DEBUG] [org.gradle.launcher.daemon.server.DefaultIncomingConnectionHandler] Finishing executing command: Build{id=97bcdcd1-edbe-4b47-90d0-75a1dba67c66, currentDir=D:\RemoteLamp}
2025-12-03T23:29:02.130+0700 [DEBUG] [org.gradle.launcher.daemon.server.DefaultDaemonConnection] thread 919: Received IO message from client: org.gradle.launcher.daemon.protocol.CloseInput@3e645f79
2025-12-03T23:29:02.130+0700 [DEBUG] [org.gradle.launcher.daemon.server.SynchronizedDispatchConnection] thread 919: received class org.gradle.launcher.daemon.protocol.Finished
2025-12-03T23:29:02.130+0700 [DEBUG] [org.gradle.launcher.daemon.server.DefaultDaemonConnection] thread 919: Received non-IO message from client: org.gradle.launcher.daemon.protocol.Finished@30a3a6c5
2025-12-03T23:29:02.130+0700 [DEBUG] [org.gradle.launcher.daemon.server.DefaultIncomingConnectionHandler] Received finished message: org.gradle.launcher.daemon.protocol.Finished@30a3a6c5
2025-12-03T23:29:02.130+0700 [DEBUG] [org.gradle.launcher.daemon.server.SynchronizedDispatchConnection] thread 918: stopping connection
2025-12-03T23:29:02.131+0700 [DEBUG] [org.gradle.internal.remote.internal.inet.SocketConnection] Discarding EOFException: java.io.EOFException
2025-12-03T23:29:02.131+0700 [DEBUG] [org.gradle.launcher.daemon.server.SynchronizedDispatchConnection] thread 919: received null
2025-12-03T23:29:02.131+0700 [DEBUG] [org.gradle.launcher.daemon.server.DefaultDaemonConnection] thread 919: Received end-of-input from client.
2025-12-03T23:29:02.131+0700 [DEBUG] [org.gradle.launcher.daemon.server.SynchronizedDispatchConnection] thread 918: stopping connection
2025-12-03T23:29:03.056+0700 [DEBUG] [org.gradle.process.internal.health.memory.DefaultMemoryManager] 794965606 physical memory requested, 374714368 free
2025-12-03T23:29:03.056+0700 [DEBUG] [org.gradle.workers.internal.WorkerDaemonExpiration] Will attempt to release 758 of memory
2025-12-03T23:29:03.056+0700 [DEBUG] [org.gradle.process.internal.health.memory.DefaultMemoryManager] 794965606 physical memory requested, 0 released, 374714368 free
2025-12-03T23:29:03.056+0700 [DEBUG] [org.gradle.process.internal.health.memory.DefaultMemoryManager] 1894134579 virtual memory requested, 1014124544 free
2025-12-03T23:29:03.056+0700 [DEBUG] [org.gradle.workers.internal.WorkerDaemonExpiration] Will attempt to release 1806 of memory
2025-12-03T23:29:03.056+0700 [DEBUG] [org.gradle.process.internal.health.memory.DefaultMemoryManager] 1894134579 virtual memory requested, 0 released, 1014124544 free
2025-12-03T23:29:06.482+0700 [DEBUG] [org.gradle.cache.internal.DefaultFileLockManager] Waiting to acquire shared lock on daemon addresses registry.
2025-12-03T23:29:06.483+0700 [DEBUG] [org.gradle.cache.internal.DefaultFileLockManager] Lock acquired on daemon addresses registry.
2025-12-03T23:29:06.483+0700 [DEBUG] [org.gradle.cache.internal.DefaultFileLockManager] Releasing lock on daemon addresses registry.
2025-12-03T23:29:06.483+0700 [DEBUG] [org.gradle.cache.internal.DefaultFileLockManager] Waiting to acquire shared lock on daemon addresses registry.
2025-12-03T23:29:06.483+0700 [DEBUG] [org.gradle.cache.internal.DefaultFileLockManager] Lock acquired on daemon addresses registry.
2025-12-03T23:29:06.484+0700 [DEBUG] [org.gradle.cache.internal.DefaultFileLockManager] Releasing lock on daemon addresses registry.
2025-12-03T23:29:08.055+0700 [DEBUG] [org.gradle.process.internal.health.memory.DefaultMemoryManager] 1894134579 virtual memory requested, 1105158144 free
2025-12-03T23:29:08.055+0700 [DEBUG] [org.gradle.workers.internal.WorkerDaemonExpiration] Will attempt to release 1806 of memory
2025-12-03T23:29:08.055+0700 [DEBUG] [org.gradle.process.internal.health.memory.DefaultMemoryManager] 1894134579 virtual memory requested, 0 released, 1105158144 free
2025-12-03T23:29:13.055+0700 [DEBUG] [org.gradle.process.internal.health.memory.DefaultMemoryManager] 1894134579 virtual memory requested, 1107439616 free
2025-12-03T23:29:13.055+0700 [DEBUG] [org.gradle.workers.internal.WorkerDaemonExpiration] Will attempt to release 1806 of memory
2025-12-03T23:29:13.055+0700 [DEBUG] [org.gradle.process.internal.health.memory.DefaultMemoryManager] 1894134579 virtual memory requested, 0 released, 1107439616 free
2025-12-03T23:29:15.182+0700 [DEBUG] [sun.rmi.transport.tcp] RMI Scheduler(0): close connection, socket: Socket[addr=localhost/127.0.0.1,port=17518,localport=57780]
2025-12-03T23:29:16.482+0700 [DEBUG] [org.gradle.cache.internal.DefaultFileLockManager] Waiting to acquire shared lock on daemon addresses registry.
2025-12-03T23:29:16.482+0700 [DEBUG] [org.gradle.cache.internal.DefaultFileLockManager] Lock acquired on daemon addresses registry.
2025-12-03T23:29:16.483+0700 [DEBUG] [org.gradle.cache.internal.DefaultFileLockManager] Releasing lock on daemon addresses registry.
2025-12-03T23:29:16.483+0700 [DEBUG] [org.gradle.cache.internal.DefaultFileLockManager] Waiting to acquire shared lock on daemon addresses registry.
2025-12-03T23:29:16.484+0700 [DEBUG] [org.gradle.cache.internal.DefaultFileLockManager] Lock acquired on daemon addresses registry.
2025-12-03T23:29:16.484+0700 [DEBUG] [org.gradle.cache.internal.DefaultFileLockManager] Releasing lock on daemon addresses registry.
2025-12-03T23:29:16.484+0700 [DEBUG] [org.gradle.cache.internal.DefaultFileLockManager] Waiting to acquire shared lock on daemon addresses registry.
2025-12-03T23:29:16.484+0700 [DEBUG] [org.gradle.cache.internal.DefaultFileLockManager] Lock acquired on daemon addresses registry.
2025-12-03T23:29:16.484+0700 [DEBUG] [org.gradle.cache.internal.DefaultFileLockManager] Releasing lock on daemon addresses registry.
2025-12-03T23:29:18.055+0700 [DEBUG] [org.gradle.process.internal.health.memory.DefaultMemoryManager] 1894134579 virtual memory requested, 1095856128 free
2025-12-03T23:29:18.055+0700 [DEBUG] [org.gradle.workers.internal.WorkerDaemonExpiration] Will attempt to release 1806 of memory
2025-12-03T23:29:18.055+0700 [DEBUG] [org.gradle.process.internal.health.memory.DefaultMemoryManager] 1894134579 virtual memory requested, 0 released, 1095856128 free
2025-12-03T23:29:19.093+0700 [DEBUG] [sun.rmi.transport.tcp] RMI Scheduler(0): close connection, socket: Socket[addr=localhost/127.0.0.1,port=17518,localport=57290]
2025-12-03T23:29:19.102+0700 [DEBUG] [sun.rmi.transport.tcp] RMI Scheduler(0): close connection, socket: Socket[addr=localhost/127.0.0.1,port=17518,localport=57779]
2025-12-03T23:29:19.164+0700 [DEBUG] [sun.rmi.transport.tcp] RMI TCP Connection(16)-127.0.0.1: (port 54599) connection closed
2025-12-03T23:29:19.164+0700 [DEBUG] [sun.rmi.transport.tcp] RMI TCP Connection(16)-127.0.0.1: close connection, socket: Socket[addr=/127.0.0.1,port=57292,localport=54599]
2025-12-03T23:29:19.165+0700 [DEBUG] [sun.rmi.transport.tcp] RMI TCP Connection(16)-127.0.0.1: socket close: Socket[addr=/127.0.0.1,port=57292,localport=54599]
2025-12-03T23:29:23.055+0700 [DEBUG] [org.gradle.process.internal.health.memory.DefaultMemoryManager] 1894134579 virtual memory requested, 1110773760 free
2025-12-03T23:29:23.055+0700 [DEBUG] [org.gradle.workers.internal.WorkerDaemonExpiration] Will attempt to release 1806 of memory
2025-12-03T23:29:23.055+0700 [DEBUG] [org.gradle.process.internal.health.memory.DefaultMemoryManager] 1894134579 virtual memory requested, 0 released, 1110773760 free
2025-12-03T23:29:26.482+0700 [DEBUG] [org.gradle.cache.internal.DefaultFileLockManager] Waiting to acquire shared lock on daemon addresses registry.
2025-12-03T23:29:26.482+0700 [DEBUG] [org.gradle.cache.internal.DefaultFileLockManager] Lock acquired on daemon addresses registry.
2025-12-03T23:29:26.482+0700 [DEBUG] [org.gradle.cache.internal.DefaultFileLockManager] Releasing lock on daemon addresses registry.
2025-12-03T23:29:26.483+0700 [DEBUG] [org.gradle.cache.internal.DefaultFileLockManager] Waiting to acquire shared lock on daemon addresses registry.
2025-12-03T23:29:26.483+0700 [DEBUG] [org.gradle.cache.internal.DefaultFileLockManager] Lock acquired on daemon addresses registry.
2025-12-03T23:29:26.483+0700 [DEBUG] [org.gradle.cache.internal.DefaultFileLockManager] Releasing lock on daemon addresses registry.
2025-12-03T23:29:26.483+0700 [DEBUG] [org.gradle.cache.internal.DefaultFileLockManager] Waiting to acquire shared lock on daemon addresses registry.
2025-12-03T23:29:26.483+0700 [DEBUG] [org.gradle.cache.internal.DefaultFileLockManager] Lock acquired on daemon addresses registry.
2025-12-03T23:29:26.483+0700 [DEBUG] [org.gradle.cache.internal.DefaultFileLockManager] Releasing lock on daemon addresses registry.
2025-12-03T23:29:28.055+0700 [DEBUG] [org.gradle.process.internal.health.memory.DefaultMemoryManager] 1894134579 virtual memory requested, 1113534464 free
2025-12-03T23:29:28.055+0700 [DEBUG] [org.gradle.workers.internal.WorkerDaemonExpiration] Will attempt to release 1806 of memory
2025-12-03T23:29:28.055+0700 [DEBUG] [org.gradle.process.internal.health.memory.DefaultMemoryManager] 1894134579 virtual memory requested, 0 released, 1113534464 free
2025-12-03T23:29:33.055+0700 [DEBUG] [org.gradle.process.internal.health.memory.DefaultMemoryManager] 1894134579 virtual memory requested, 1112285184 free
2025-12-03T23:29:33.055+0700 [DEBUG] [org.gradle.workers.internal.WorkerDaemonExpiration] Will attempt to release 1806 of memory
2025-12-03T23:29:33.055+0700 [DEBUG] [org.gradle.process.internal.health.memory.DefaultMemoryManager] 1894134579 virtual memory requested, 0 released, 1112285184 free
2025-12-03T23:29:36.483+0700 [DEBUG] [org.gradle.cache.internal.DefaultFileLockManager] Waiting to acquire shared lock on daemon addresses registry.
2025-12-03T23:29:36.483+0700 [DEBUG] [org.gradle.cache.internal.DefaultFileLockManager] Lock acquired on daemon addresses registry.
2025-12-03T23:29:36.484+0700 [DEBUG] [org.gradle.cache.internal.DefaultFileLockManager] Releasing lock on daemon addresses registry.
2025-12-03T23:29:36.484+0700 [DEBUG] [org.gradle.cache.internal.DefaultFileLockManager] Waiting to acquire shared lock on daemon addresses registry.
2025-12-03T23:29:36.484+0700 [DEBUG] [org.gradle.cache.internal.DefaultFileLockManager] Lock acquired on daemon addresses registry.
2025-12-03T23:29:36.484+0700 [DEBUG] [org.gradle.cache.internal.DefaultFileLockManager] Releasing lock on daemon addresses registry.
2025-12-03T23:29:36.485+0700 [DEBUG] [org.gradle.cache.internal.DefaultFileLockManager] Waiting to acquire shared lock on daemon addresses registry.
2025-12-03T23:29:36.485+0700 [DEBUG] [org.gradle.cache.internal.DefaultFileLockManager] Lock acquired on daemon addresses registry.
2025-12-03T23:29:36.485+0700 [DEBUG] [org.gradle.cache.internal.DefaultFileLockManager] Releasing lock on daemon addresses registry.
2025-12-03T23:29:38.055+0700 [DEBUG] [org.gradle.process.internal.health.memory.DefaultMemoryManager] 1894134579 virtual memory requested, 1120538624 free
2025-12-03T23:29:38.055+0700 [DEBUG] [org.gradle.workers.internal.WorkerDaemonExpiration] Will attempt to release 1806 of memory
2025-12-03T23:29:38.055+0700 [DEBUG] [org.gradle.process.internal.health.memory.DefaultMemoryManager] 1894134579 virtual memory requested, 0 released, 1120538624 free
2025-12-03T23:29:43.055+0700 [DEBUG] [org.gradle.process.internal.health.memory.DefaultMemoryManager] 1894134579 virtual memory requested, 1112125440 free
2025-12-03T23:29:43.055+0700 [DEBUG] [org.gradle.workers.internal.WorkerDaemonExpiration] Will attempt to release 1806 of memory
2025-12-03T23:29:43.055+0700 [DEBUG] [org.gradle.process.internal.health.memory.DefaultMemoryManager] 1894134579 virtual memory requested, 0 released, 1112125440 free
2025-12-03T23:29:46.482+0700 [DEBUG] [org.gradle.cache.internal.DefaultFileLockManager] Waiting to acquire shared lock on daemon addresses registry.
2025-12-03T23:29:46.482+0700 [DEBUG] [org.gradle.cache.internal.DefaultFileLockManager] Lock acquired on daemon addresses registry.
2025-12-03T23:29:46.482+0700 [DEBUG] [org.gradle.cache.internal.DefaultFileLockManager] Releasing lock on daemon addresses registry.
2025-12-03T23:29:46.482+0700 [DEBUG] [org.gradle.cache.internal.DefaultFileLockManager] Waiting to acquire shared lock on daemon addresses registry.
2025-12-03T23:29:46.482+0700 [DEBUG] [org.gradle.cache.internal.DefaultFileLockManager] Lock acquired on daemon addresses registry.
2025-12-03T23:29:46.483+0700 [DEBUG] [org.gradle.cache.internal.DefaultFileLockManager] Releasing lock on daemon addresses registry.
2025-12-03T23:29:46.483+0700 [DEBUG] [org.gradle.cache.internal.DefaultFileLockManager] Waiting to acquire shared lock on daemon addresses registry.
2025-12-03T23:29:46.483+0700 [DEBUG] [org.gradle.cache.internal.DefaultFileLockManager] Lock acquired on daemon addresses registry.
2025-12-03T23:29:46.483+0700 [DEBUG] [org.gradle.cache.internal.DefaultFileLockManager] Releasing lock on daemon addresses registry.
2025-12-03T23:29:48.055+0700 [DEBUG] [org.gradle.process.internal.health.memory.DefaultMemoryManager] 1894134579 virtual memory requested, 1113493504 free
2025-12-03T23:29:48.056+0700 [DEBUG] [org.gradle.workers.internal.WorkerDaemonExpiration] Will attempt to release 1806 of memory
2025-12-03T23:29:48.056+0700 [DEBUG] [org.gradle.process.internal.health.memory.DefaultMemoryManager] 1894134579 virtual memory requested, 0 released, 1113493504 free
2025-12-03T23:29:53.055+0700 [DEBUG] [org.gradle.process.internal.health.memory.DefaultMemoryManager] 1894134579 virtual memory requested, 1257738240 free
2025-12-03T23:29:53.055+0700 [DEBUG] [org.gradle.workers.internal.WorkerDaemonExpiration] Will attempt to release 1806 of memory
2025-12-03T23:29:53.056+0700 [DEBUG] [org.gradle.process.internal.health.memory.DefaultMemoryManager] 1894134579 virtual memory requested, 0 released, 1257738240 free
2025-12-03T23:29:56.483+0700 [DEBUG] [org.gradle.cache.internal.DefaultFileLockManager] Waiting to acquire shared lock on daemon addresses registry.
2025-12-03T23:29:56.483+0700 [DEBUG] [org.gradle.cache.internal.DefaultFileLockManager] Lock acquired on daemon addresses registry.
2025-12-03T23:29:56.484+0700 [DEBUG] [org.gradle.cache.internal.DefaultFileLockManager] Releasing lock on daemon addresses registry.
2025-12-03T23:29:56.485+0700 [DEBUG] [org.gradle.cache.internal.DefaultFileLockManager] Waiting to acquire shared lock on daemon addresses registry.
2025-12-03T23:29:56.485+0700 [DEBUG] [org.gradle.cache.internal.DefaultFileLockManager] Lock acquired on daemon addresses registry.
2025-12-03T23:29:56.485+0700 [DEBUG] [org.gradle.cache.internal.DefaultFileLockManager] Releasing lock on daemon addresses registry.
2025-12-03T23:29:56.486+0700 [DEBUG] [org.gradle.cache.internal.DefaultFileLockManager] Waiting to acquire shared lock on daemon addresses registry.
2025-12-03T23:29:56.486+0700 [DEBUG] [org.gradle.cache.internal.DefaultFileLockManager] Lock acquired on daemon addresses registry.
2025-12-03T23:29:56.486+0700 [DEBUG] [org.gradle.cache.internal.DefaultFileLockManager] Releasing lock on daemon addresses registry.
2025-12-03T23:29:58.055+0700 [DEBUG] [org.gradle.process.internal.health.memory.DefaultMemoryManager] 1894134579 virtual memory requested, 1179123712 free
2025-12-03T23:29:58.055+0700 [DEBUG] [org.gradle.workers.internal.WorkerDaemonExpiration] Will attempt to release 1806 of memory
2025-12-03T23:29:58.055+0700 [DEBUG] [org.gradle.process.internal.health.memory.DefaultMemoryManager] 1894134579 virtual memory requested, 0 released, 1179123712 free
2025-12-03T23:30:03.055+0700 [DEBUG] [org.gradle.process.internal.health.memory.DefaultMemoryManager] 1894134579 virtual memory requested, 1207996416 free
2025-12-03T23:30:03.055+0700 [DEBUG] [org.gradle.workers.internal.WorkerDaemonExpiration] Will attempt to release 1806 of memory
2025-12-03T23:30:03.055+0700 [DEBUG] [org.gradle.process.internal.health.memory.DefaultMemoryManager] 1894134579 virtual memory requested, 0 released, 1207996416 free
2025-12-03T23:30:06.483+0700 [DEBUG] [org.gradle.cache.internal.DefaultFileLockManager] Waiting to acquire shared lock on daemon addresses registry.
2025-12-03T23:30:06.483+0700 [DEBUG] [org.gradle.cache.internal.DefaultFileLockManager] Lock acquired on daemon addresses registry.
2025-12-03T23:30:06.484+0700 [DEBUG] [org.gradle.cache.internal.DefaultFileLockManager] Releasing lock on daemon addresses registry.
2025-12-03T23:30:06.485+0700 [DEBUG] [org.gradle.cache.internal.DefaultFileLockManager] Waiting to acquire shared lock on daemon addresses registry.
2025-12-03T23:30:06.485+0700 [DEBUG] [org.gradle.cache.internal.DefaultFileLockManager] Lock acquired on daemon addresses registry.
2025-12-03T23:30:06.485+0700 [DEBUG] [org.gradle.cache.internal.DefaultFileLockManager] Releasing lock on daemon addresses registry.
2025-12-03T23:30:06.486+0700 [DEBUG] [org.gradle.cache.internal.DefaultFileLockManager] Waiting to acquire shared lock on daemon addresses registry.
2025-12-03T23:30:06.486+0700 [DEBUG] [org.gradle.cache.internal.DefaultFileLockManager] Lock acquired on daemon addresses registry.
2025-12-03T23:30:06.486+0700 [DEBUG] [org.gradle.cache.internal.DefaultFileLockManager] Releasing lock on daemon addresses registry.
2025-12-03T23:30:08.055+0700 [DEBUG] [org.gradle.process.internal.health.memory.DefaultMemoryManager] 1894134579 virtual memory requested, 981102592 free
2025-12-03T23:30:08.055+0700 [DEBUG] [org.gradle.workers.internal.WorkerDaemonExpiration] Will attempt to release 1806 of memory
2025-12-03T23:30:08.055+0700 [DEBUG] [org.gradle.process.internal.health.memory.DefaultMemoryManager] 1894134579 virtual memory requested, 0 released, 981102592 free
2025-12-03T23:30:13.055+0700 [DEBUG] [org.gradle.process.internal.health.memory.DefaultMemoryManager] 1894134579 virtual memory requested, 1063411712 free
2025-12-03T23:30:13.055+0700 [DEBUG] [org.gradle.workers.internal.WorkerDaemonExpiration] Will attempt to release 1806 of memory
2025-12-03T23:30:13.055+0700 [DEBUG] [org.gradle.process.internal.health.memory.DefaultMemoryManager] 1894134579 virtual memory requested, 0 released, 1063411712 free
2025-12-03T23:30:16.483+0700 [DEBUG] [org.gradle.cache.internal.DefaultFileLockManager] Waiting to acquire shared lock on daemon addresses registry.
2025-12-03T23:30:16.483+0700 [DEBUG] [org.gradle.cache.internal.DefaultFileLockManager] Lock acquired on daemon addresses registry.
2025-12-03T23:30:16.484+0700 [DEBUG] [org.gradle.cache.internal.DefaultFileLockManager] Releasing lock on daemon addresses registry.
2025-12-03T23:30:16.484+0700 [DEBUG] [org.gradle.cache.internal.DefaultFileLockManager] Waiting to acquire shared lock on daemon addresses registry.
2025-12-03T23:30:16.484+0700 [DEBUG] [org.gradle.cache.internal.DefaultFileLockManager] Lock acquired on daemon addresses registry.
2025-12-03T23:30:16.484+0700 [DEBUG] [org.gradle.cache.internal.DefaultFileLockManager] Releasing lock on daemon addresses registry.
2025-12-03T23:30:16.485+0700 [DEBUG] [org.gradle.cache.internal.DefaultFileLockManager] Waiting to acquire shared lock on daemon addresses registry.
2025-12-03T23:30:16.485+0700 [DEBUG] [org.gradle.cache.internal.DefaultFileLockManager] Lock acquired on daemon addresses registry.
2025-12-03T23:30:16.485+0700 [DEBUG] [org.gradle.cache.internal.DefaultFileLockManager] Releasing lock on daemon addresses registry.
2025-12-03T23:30:18.055+0700 [DEBUG] [org.gradle.process.internal.health.memory.DefaultMemoryManager] 1894134579 virtual memory requested, 1093439488 free
2025-12-03T23:30:18.055+0700 [DEBUG] [org.gradle.workers.internal.WorkerDaemonExpiration] Will attempt to release 1806 of memory
2025-12-03T23:30:18.056+0700 [DEBUG] [org.gradle.process.internal.health.memory.DefaultMemoryManager] 1894134579 virtual memory requested, 0 released, 1093439488 free
2025-12-03T23:30:23.055+0700 [DEBUG] [org.gradle.process.internal.health.memory.DefaultMemoryManager] 1894134579 virtual memory requested, 1100410880 free
2025-12-03T23:30:23.055+0700 [DEBUG] [org.gradle.workers.internal.WorkerDaemonExpiration] Will attempt to release 1806 of memory
2025-12-03T23:30:23.055+0700 [DEBUG] [org.gradle.process.internal.health.memory.DefaultMemoryManager] 1894134579 virtual memory requested, 0 released, 1100410880 free
2025-12-03T23:30:26.481+0700 [DEBUG] [org.gradle.cache.internal.DefaultFileLockManager] Waiting to acquire shared lock on daemon addresses registry.
2025-12-03T23:30:26.482+0700 [DEBUG] [org.gradle.cache.internal.DefaultFileLockManager] Lock acquired on daemon addresses registry.
2025-12-03T23:30:26.482+0700 [DEBUG] [org.gradle.cache.internal.DefaultFileLockManager] Releasing lock on daemon addresses registry.
2025-12-03T23:30:26.482+0700 [DEBUG] [org.gradle.cache.internal.DefaultFileLockManager] Waiting to acquire shared lock on daemon addresses registry.
2025-12-03T23:30:26.482+0700 [DEBUG] [org.gradle.cache.internal.DefaultFileLockManager] Lock acquired on daemon addresses registry.
2025-12-03T23:30:26.482+0700 [DEBUG] [org.gradle.cache.internal.DefaultFileLockManager] Releasing lock on daemon addresses registry.
2025-12-03T23:30:26.483+0700 [DEBUG] [org.gradle.cache.internal.DefaultFileLockManager] Waiting to acquire shared lock on daemon addresses registry.
2025-12-03T23:30:26.483+0700 [DEBUG] [org.gradle.cache.internal.DefaultFileLockManager] Lock acquired on daemon addresses registry.
2025-12-03T23:30:26.483+0700 [DEBUG] [org.gradle.cache.internal.DefaultFileLockManager] Releasing lock on daemon addresses registry.
2025-12-03T23:30:28.054+0700 [DEBUG] [org.gradle.process.internal.health.memory.DefaultMemoryManager] 1894134579 virtual memory requested, 1103089664 free
2025-12-03T23:30:28.054+0700 [DEBUG] [org.gradle.workers.internal.WorkerDaemonExpiration] Will attempt to release 1806 of memory
2025-12-03T23:30:28.054+0700 [DEBUG] [org.gradle.process.internal.health.memory.DefaultMemoryManager] 1894134579 virtual memory requested, 0 released, 1103089664 free
2025-12-03T23:30:33.055+0700 [DEBUG] [org.gradle.process.internal.health.memory.DefaultMemoryManager] 1894134579 virtual memory requested, 1107472384 free
2025-12-03T23:30:33.055+0700 [DEBUG] [org.gradle.workers.internal.WorkerDaemonExpiration] Will attempt to release 1806 of memory
2025-12-03T23:30:33.055+0700 [DEBUG] [org.gradle.process.internal.health.memory.DefaultMemoryManager] 1894134579 virtual memory requested, 0 released, 1107472384 free
2025-12-03T23:30:36.483+0700 [DEBUG] [org.gradle.cache.internal.DefaultFileLockManager] Waiting to acquire shared lock on daemon addresses registry.
2025-12-03T23:30:36.483+0700 [DEBUG] [org.gradle.cache.internal.DefaultFileLockManager] Lock acquired on daemon addresses registry.
2025-12-03T23:30:36.483+0700 [DEBUG] [org.gradle.cache.internal.DefaultFileLockManager] Releasing lock on daemon addresses registry.
2025-12-03T23:30:36.484+0700 [DEBUG] [org.gradle.cache.internal.DefaultFileLockManager] Waiting to acquire shared lock on daemon addresses registry.
2025-12-03T23:30:36.484+0700 [DEBUG] [org.gradle.cache.internal.DefaultFileLockManager] Lock acquired on daemon addresses registry.
2025-12-03T23:30:36.484+0700 [DEBUG] [org.gradle.cache.internal.DefaultFileLockManager] Releasing lock on daemon addresses registry.
2025-12-03T23:30:36.484+0700 [DEBUG] [org.gradle.cache.internal.DefaultFileLockManager] Waiting to acquire shared lock on daemon addresses registry.
2025-12-03T23:30:36.484+0700 [DEBUG] [org.gradle.cache.internal.DefaultFileLockManager] Lock acquired on daemon addresses registry.
2025-12-03T23:30:36.484+0700 [DEBUG] [org.gradle.cache.internal.DefaultFileLockManager] Releasing lock on daemon addresses registry.
2025-12-03T23:30:38.056+0700 [DEBUG] [org.gradle.process.internal.health.memory.DefaultMemoryManager] 1894134579 virtual memory requested, 1261785088 free
2025-12-03T23:30:38.056+0700 [DEBUG] [org.gradle.workers.internal.WorkerDaemonExpiration] Will attempt to release 1806 of memory
2025-12-03T23:30:38.056+0700 [DEBUG] [org.gradle.process.internal.health.memory.DefaultMemoryManager] 1894134579 virtual memory requested, 0 released, 1261785088 free
2025-12-03T23:30:43.055+0700 [DEBUG] [org.gradle.process.internal.health.memory.DefaultMemoryManager] 1894134579 virtual memory requested, 1268748288 free
2025-12-03T23:30:43.056+0700 [DEBUG] [org.gradle.workers.internal.WorkerDaemonExpiration] Will attempt to release 1806 of memory
2025-12-03T23:30:43.056+0700 [DEBUG] [org.gradle.process.internal.health.memory.DefaultMemoryManager] 1894134579 virtual memory requested, 0 released, 1268748288 free
2025-12-03T23:30:46.483+0700 [DEBUG] [org.gradle.cache.internal.DefaultFileLockManager] Waiting to acquire shared lock on daemon addresses registry.
2025-12-03T23:30:46.483+0700 [DEBUG] [org.gradle.cache.internal.DefaultFileLockManager] Lock acquired on daemon addresses registry.
2025-12-03T23:30:46.483+0700 [DEBUG] [org.gradle.cache.internal.DefaultFileLockManager] Releasing lock on daemon addresses registry.
2025-12-03T23:30:46.484+0700 [DEBUG] [org.gradle.cache.internal.DefaultFileLockManager] Waiting to acquire shared lock on daemon addresses registry.
2025-12-03T23:30:46.484+0700 [DEBUG] [org.gradle.cache.internal.DefaultFileLockManager] Lock acquired on daemon addresses registry.
2025-12-03T23:30:46.484+0700 [DEBUG] [org.gradle.cache.internal.DefaultFileLockManager] Releasing lock on daemon addresses registry.
2025-12-03T23:30:46.484+0700 [DEBUG] [org.gradle.cache.internal.DefaultFileLockManager] Waiting to acquire shared lock on daemon addresses registry.
2025-12-03T23:30:46.484+0700 [DEBUG] [org.gradle.cache.internal.DefaultFileLockManager] Lock acquired on daemon addresses registry.
2025-12-03T23:30:46.485+0700 [DEBUG] [org.gradle.cache.internal.DefaultFileLockManager] Releasing lock on daemon addresses registry.
2025-12-03T23:30:48.056+0700 [DEBUG] [org.gradle.process.internal.health.memory.DefaultMemoryManager] 1894134579 virtual memory requested, 1273368576 free
2025-12-03T23:30:48.056+0700 [DEBUG] [org.gradle.workers.internal.WorkerDaemonExpiration] Will attempt to release 1806 of memory
2025-12-03T23:30:48.056+0700 [DEBUG] [org.gradle.process.internal.health.memory.DefaultMemoryManager] 1894134579 virtual memory requested, 0 released, 1273368576 free
2025-12-03T23:30:53.054+0700 [DEBUG] [org.gradle.process.internal.health.memory.DefaultMemoryManager] 1894134579 virtual memory requested, 1274310656 free
2025-12-03T23:30:53.055+0700 [DEBUG] [org.gradle.workers.internal.WorkerDaemonExpiration] Will attempt to release 1806 of memory
2025-12-03T23:30:53.055+0700 [DEBUG] [org.gradle.process.internal.health.memory.DefaultMemoryManager] 1894134579 virtual memory requested, 0 released, 1274310656 free
2025-12-03T23:30:56.483+0700 [DEBUG] [org.gradle.cache.internal.DefaultFileLockManager] Waiting to acquire shared lock on daemon addresses registry.
2025-12-03T23:30:56.483+0700 [DEBUG] [org.gradle.cache.internal.DefaultFileLockManager] Lock acquired on daemon addresses registry.
2025-12-03T23:30:56.483+0700 [DEBUG] [org.gradle.cache.internal.DefaultFileLockManager] Releasing lock on daemon addresses registry.
2025-12-03T23:30:56.484+0700 [DEBUG] [org.gradle.cache.internal.DefaultFileLockManager] Waiting to acquire shared lock on daemon addresses registry.
2025-12-03T23:30:56.484+0700 [DEBUG] [org.gradle.cache.internal.DefaultFileLockManager] Lock acquired on daemon addresses registry.
2025-12-03T23:30:56.484+0700 [DEBUG] [org.gradle.cache.internal.DefaultFileLockManager] Releasing lock on daemon addresses registry.
2025-12-03T23:30:56.484+0700 [DEBUG] [org.gradle.cache.internal.DefaultFileLockManager] Waiting to acquire shared lock on daemon addresses registry.
2025-12-03T23:30:56.484+0700 [DEBUG] [org.gradle.cache.internal.DefaultFileLockManager] Lock acquired on daemon addresses registry.
2025-12-03T23:30:56.485+0700 [DEBUG] [org.gradle.cache.internal.DefaultFileLockManager] Releasing lock on daemon addresses registry.
2025-12-03T23:30:58.055+0700 [DEBUG] [org.gradle.process.internal.health.memory.DefaultMemoryManager] 1894134579 virtual memory requested, 1276428288 free
2025-12-03T23:30:58.055+0700 [DEBUG] [org.gradle.workers.internal.WorkerDaemonExpiration] Will attempt to release 1806 of memory
2025-12-03T23:30:58.055+0700 [DEBUG] [org.gradle.process.internal.health.memory.DefaultMemoryManager] 1894134579 virtual memory requested, 0 released, 1276428288 free
2025-12-03T23:31:01.843+0700 [DEBUG] [sun.rmi.transport.tcp] RMI TCP Connection(17)-127.0.0.1: accepted socket from [127.0.0.1:57941]
2025-12-03T23:31:01.845+0700 [DEBUG] [sun.rmi.transport.tcp] RMI TCP Connection(17)-127.0.0.1: (port 54599) op = 80
2025-12-03T23:31:01.848+0700 [DEBUG] [sun.rmi.loader] RMI TCP Connection(17)-127.0.0.1: name = "[Ljava.rmi.server.ObjID;", codebase = "", defaultLoader = jdk.internal.loader.ClassLoaders$PlatformClassLoader@13701091
2025-12-03T23:31:01.849+0700 [DEBUG] [sun.rmi.loader] RMI TCP Connection(17)-127.0.0.1: name = "java.rmi.dgc.Lease", codebase = "", defaultLoader = jdk.internal.loader.ClassLoaders$PlatformClassLoader@13701091
2025-12-03T23:31:01.849+0700 [DEBUG] [sun.rmi.loader] RMI TCP Connection(17)-127.0.0.1: name = "java.rmi.dgc.VMID", codebase = "", defaultLoader = jdk.internal.loader.ClassLoaders$PlatformClassLoader@13701091
2025-12-03T23:31:01.849+0700 [DEBUG] [sun.rmi.loader] RMI TCP Connection(17)-127.0.0.1: name = "[B", codebase = "", defaultLoader = jdk.internal.loader.ClassLoaders$PlatformClassLoader@13701091
2025-12-03T23:31:01.850+0700 [DEBUG] [sun.rmi.loader] RMI TCP Connection(17)-127.0.0.1: name = "java.rmi.server.UID", codebase = "", defaultLoader = jdk.internal.loader.ClassLoaders$PlatformClassLoader@13701091
2025-12-03T23:31:03.055+0700 [DEBUG] [org.gradle.process.internal.health.memory.DefaultMemoryManager] 1894134579 virtual memory requested, 1277612032 free
2025-12-03T23:31:03.055+0700 [DEBUG] [org.gradle.workers.internal.WorkerDaemonExpiration] Will attempt to release 1806 of memory
2025-12-03T23:31:03.055+0700 [DEBUG] [org.gradle.process.internal.health.memory.DefaultMemoryManager] 1894134579 virtual memory requested, 0 released, 1277612032 free
2025-12-03T23:31:06.483+0700 [DEBUG] [org.gradle.cache.internal.DefaultFileLockManager] Waiting to acquire shared lock on daemon addresses registry.
2025-12-03T23:31:06.483+0700 [DEBUG] [org.gradle.cache.internal.DefaultFileLockManager] Lock acquired on daemon addresses registry.
2025-12-03T23:31:06.484+0700 [DEBUG] [org.gradle.cache.internal.DefaultFileLockManager] Releasing lock on daemon addresses registry.
2025-12-03T23:31:06.484+0700 [DEBUG] [org.gradle.cache.internal.DefaultFileLockManager] Waiting to acquire shared lock on daemon addresses registry.
2025-12-03T23:31:06.484+0700 [DEBUG] [org.gradle.cache.internal.DefaultFileLockManager] Lock acquired on daemon addresses registry.
2025-12-03T23:31:06.494+0700 [DEBUG] [org.gradle.cache.internal.DefaultFileLockManager] Releasing lock on daemon addresses registry.
2025-12-03T23:31:06.494+0700 [DEBUG] [org.gradle.cache.internal.DefaultFileLockManager] Waiting to acquire shared lock on daemon addresses registry.
2025-12-03T23:31:06.494+0700 [DEBUG] [org.gradle.cache.internal.DefaultFileLockManager] Lock acquired on daemon addresses registry.
2025-12-03T23:31:06.494+0700 [DEBUG] [org.gradle.cache.internal.DefaultFileLockManager] Releasing lock on daemon addresses registry.
2025-12-03T23:31:08.055+0700 [DEBUG] [org.gradle.process.internal.health.memory.DefaultMemoryManager] 1894134579 virtual memory requested, 1276248064 free
2025-12-03T23:31:08.055+0700 [DEBUG] [org.gradle.workers.internal.WorkerDaemonExpiration] Will attempt to release 1806 of memory
2025-12-03T23:31:08.055+0700 [DEBUG] [org.gradle.process.internal.health.memory.DefaultMemoryManager] 1894134579 virtual memory requested, 0 released, 1276248064 free
2025-12-03T23:31:13.056+0700 [DEBUG] [org.gradle.process.internal.health.memory.DefaultMemoryManager] 1894134579 virtual memory requested, 1278857216 free
2025-12-03T23:31:13.057+0700 [DEBUG] [org.gradle.workers.internal.WorkerDaemonExpiration] Will attempt to release 1806 of memory
2025-12-03T23:31:13.057+0700 [DEBUG] [org.gradle.process.internal.health.memory.DefaultMemoryManager] 1894134579 virtual memory requested, 0 released, 1278857216 free
2025-12-03T23:31:16.482+0700 [DEBUG] [org.gradle.cache.internal.DefaultFileLockManager] Waiting to acquire shared lock on daemon addresses registry.
2025-12-03T23:31:16.482+0700 [DEBUG] [org.gradle.cache.internal.DefaultFileLockManager] Lock acquired on daemon addresses registry.
2025-12-03T23:31:16.482+0700 [DEBUG] [org.gradle.cache.internal.DefaultFileLockManager] Releasing lock on daemon addresses registry.
2025-12-03T23:31:16.482+0700 [DEBUG] [org.gradle.cache.internal.DefaultFileLockManager] Waiting to acquire shared lock on daemon addresses registry.
2025-12-03T23:31:16.482+0700 [DEBUG] [org.gradle.cache.internal.DefaultFileLockManager] Lock acquired on daemon addresses registry.
2025-12-03T23:31:16.483+0700 [DEBUG] [org.gradle.cache.internal.DefaultFileLockManager] Releasing lock on daemon addresses registry.
2025-12-03T23:31:16.483+0700 [DEBUG] [org.gradle.cache.internal.DefaultFileLockManager] Waiting to acquire shared lock on daemon addresses registry.
2025-12-03T23:31:16.483+0700 [DEBUG] [org.gradle.cache.internal.DefaultFileLockManager] Lock acquired on daemon addresses registry.
2025-12-03T23:31:16.483+0700 [DEBUG] [org.gradle.cache.internal.DefaultFileLockManager] Releasing lock on daemon addresses registry.
2025-12-03T23:31:16.853+0700 [DEBUG] [sun.rmi.transport.tcp] RMI TCP Connection(17)-127.0.0.1: (port 54599) connection closed
2025-12-03T23:31:16.853+0700 [DEBUG] [sun.rmi.transport.tcp] RMI TCP Connection(17)-127.0.0.1: close connection, socket: Socket[addr=/127.0.0.1,port=57941,localport=54599]
2025-12-03T23:31:16.853+0700 [DEBUG] [sun.rmi.transport.tcp] RMI TCP Connection(17)-127.0.0.1: socket close: Socket[addr=/127.0.0.1,port=57941,localport=54599]
2025-12-03T23:31:18.056+0700 [DEBUG] [org.gradle.process.internal.health.memory.DefaultMemoryManager] 1894134579 virtual memory requested, 1090891776 free
2025-12-03T23:31:18.056+0700 [DEBUG] [org.gradle.workers.internal.WorkerDaemonExpiration] Will attempt to release 1806 of memory
2025-12-03T23:31:18.056+0700 [DEBUG] [org.gradle.process.internal.health.memory.DefaultMemoryManager] 1894134579 virtual memory requested, 0 released, 1090891776 free
2025-12-03T23:31:23.055+0700 [DEBUG] [org.gradle.process.internal.health.memory.DefaultMemoryManager] 1894134579 virtual memory requested, 1123983360 free
2025-12-03T23:31:23.055+0700 [DEBUG] [org.gradle.workers.internal.WorkerDaemonExpiration] Will attempt to release 1806 of memory
2025-12-03T23:31:23.055+0700 [DEBUG] [org.gradle.process.internal.health.memory.DefaultMemoryManager] 1894134579 virtual memory requested, 0 released, 1123983360 free
2025-12-03T23:31:26.483+0700 [DEBUG] [org.gradle.cache.internal.DefaultFileLockManager] Waiting to acquire shared lock on daemon addresses registry.
2025-12-03T23:31:26.483+0700 [DEBUG] [org.gradle.cache.internal.DefaultFileLockManager] Lock acquired on daemon addresses registry.
2025-12-03T23:31:26.483+0700 [DEBUG] [org.gradle.cache.internal.DefaultFileLockManager] Releasing lock on daemon addresses registry.
2025-12-03T23:31:26.484+0700 [DEBUG] [org.gradle.cache.internal.DefaultFileLockManager] Waiting to acquire shared lock on daemon addresses registry.
2025-12-03T23:31:26.484+0700 [DEBUG] [org.gradle.cache.internal.DefaultFileLockManager] Lock acquired on daemon addresses registry.
2025-12-03T23:31:26.484+0700 [DEBUG] [org.gradle.cache.internal.DefaultFileLockManager] Releasing lock on daemon addresses registry.
2025-12-03T23:31:26.484+0700 [DEBUG] [org.gradle.cache.internal.DefaultFileLockManager] Waiting to acquire shared lock on daemon addresses registry.
2025-12-03T23:31:26.485+0700 [DEBUG] [org.gradle.cache.internal.DefaultFileLockManager] Lock acquired on daemon addresses registry.
2025-12-03T23:31:26.485+0700 [DEBUG] [org.gradle.cache.internal.DefaultFileLockManager] Releasing lock on daemon addresses registry.
2025-12-03T23:31:28.055+0700 [DEBUG] [org.gradle.process.internal.health.memory.DefaultMemoryManager] 794965606 physical memory requested, 754393088 free
2025-12-03T23:31:28.056+0700 [DEBUG] [org.gradle.workers.internal.WorkerDaemonExpiration] Will attempt to release 758 of memory
2025-12-03T23:31:28.056+0700 [DEBUG] [org.gradle.process.internal.health.memory.DefaultMemoryManager] 794965606 physical memory requested, 0 released, 754393088 free
2025-12-03T23:31:28.056+0700 [DEBUG] [org.gradle.process.internal.health.memory.DefaultMemoryManager] 1894134579 virtual memory requested, 1127120896 free
2025-12-03T23:31:28.057+0700 [DEBUG] [org.gradle.workers.internal.WorkerDaemonExpiration] Will attempt to release 1806 of memory
2025-12-03T23:31:28.057+0700 [DEBUG] [org.gradle.process.internal.health.memory.DefaultMemoryManager] 1894134579 virtual memory requested, 0 released, 1127120896 free
2025-12-03T23:31:33.055+0700 [DEBUG] [org.gradle.process.internal.health.memory.DefaultMemoryManager] 1894134579 virtual memory requested, 1128173568 free
2025-12-03T23:31:33.056+0700 [DEBUG] [org.gradle.workers.internal.WorkerDaemonExpiration] Will attempt to release 1806 of memory
2025-12-03T23:31:33.056+0700 [DEBUG] [org.gradle.process.internal.health.memory.DefaultMemoryManager] 1894134579 virtual memory requested, 0 released, 1128173568 free
2025-12-03T23:31:36.482+0700 [DEBUG] [org.gradle.cache.internal.DefaultFileLockManager] Waiting to acquire shared lock on daemon addresses registry.
2025-12-03T23:31:36.483+0700 [DEBUG] [org.gradle.cache.internal.DefaultFileLockManager] Lock acquired on daemon addresses registry.
2025-12-03T23:31:36.483+0700 [DEBUG] [org.gradle.cache.internal.DefaultFileLockManager] Releasing lock on daemon addresses registry.
2025-12-03T23:31:36.484+0700 [DEBUG] [org.gradle.cache.internal.DefaultFileLockManager] Waiting to acquire shared lock on daemon addresses registry.
2025-12-03T23:31:36.484+0700 [DEBUG] [org.gradle.cache.internal.DefaultFileLockManager] Lock acquired on daemon addresses registry.
2025-12-03T23:31:36.484+0700 [DEBUG] [org.gradle.cache.internal.DefaultFileLockManager] Releasing lock on daemon addresses registry.
2025-12-03T23:31:36.484+0700 [DEBUG] [org.gradle.cache.internal.DefaultFileLockManager] Waiting to acquire shared lock on daemon addresses registry.
2025-12-03T23:31:36.484+0700 [DEBUG] [org.gradle.cache.internal.DefaultFileLockManager] Lock acquired on daemon addresses registry.
2025-12-03T23:31:36.485+0700 [DEBUG] [org.gradle.cache.internal.DefaultFileLockManager] Releasing lock on daemon addresses registry.
2025-12-03T23:31:38.055+0700 [DEBUG] [org.gradle.process.internal.health.memory.DefaultMemoryManager] 1894134579 virtual memory requested, 1130123264 free
2025-12-03T23:31:38.055+0700 [DEBUG] [org.gradle.workers.internal.WorkerDaemonExpiration] Will attempt to release 1806 of memory
2025-12-03T23:31:38.055+0700 [DEBUG] [org.gradle.process.internal.health.memory.DefaultMemoryManager] 1894134579 virtual memory requested, 0 released, 1130123264 free
2025-12-03T23:31:43.055+0700 [DEBUG] [org.gradle.process.internal.health.memory.DefaultMemoryManager] 1894134579 virtual memory requested, 1130909696 free
2025-12-03T23:31:43.055+0700 [DEBUG] [org.gradle.workers.internal.WorkerDaemonExpiration] Will attempt to release 1806 of memory
2025-12-03T23:31:43.056+0700 [DEBUG] [org.gradle.process.internal.health.memory.DefaultMemoryManager] 1894134579 virtual memory requested, 0 released, 1130909696 free
2025-12-03T23:31:46.482+0700 [DEBUG] [org.gradle.cache.internal.DefaultFileLockManager] Waiting to acquire shared lock on daemon addresses registry.
2025-12-03T23:31:46.483+0700 [DEBUG] [org.gradle.cache.internal.DefaultFileLockManager] Lock acquired on daemon addresses registry.
2025-12-03T23:31:46.483+0700 [DEBUG] [org.gradle.cache.internal.DefaultFileLockManager] Releasing lock on daemon addresses registry.
2025-12-03T23:31:46.493+0700 [DEBUG] [org.gradle.cache.internal.DefaultFileLockManager] Waiting to acquire shared lock on daemon addresses registry.
2025-12-03T23:31:46.493+0700 [DEBUG] [org.gradle.cache.internal.DefaultFileLockManager] Lock acquired on daemon addresses registry.
2025-12-03T23:31:46.493+0700 [DEBUG] [org.gradle.cache.internal.DefaultFileLockManager] Releasing lock on daemon addresses registry.
2025-12-03T23:31:46.493+0700 [DEBUG] [org.gradle.cache.internal.DefaultFileLockManager] Waiting to acquire shared lock on daemon addresses registry.
2025-12-03T23:31:46.493+0700 [DEBUG] [org.gradle.cache.internal.DefaultFileLockManager] Lock acquired on daemon addresses registry.
2025-12-03T23:31:46.493+0700 [DEBUG] [org.gradle.cache.internal.DefaultFileLockManager] Releasing lock on daemon addresses registry.
2025-12-03T23:31:48.055+0700 [DEBUG] [org.gradle.process.internal.health.memory.DefaultMemoryManager] 1894134579 virtual memory requested, 1129512960 free
2025-12-03T23:31:48.055+0700 [DEBUG] [org.gradle.workers.internal.WorkerDaemonExpiration] Will attempt to release 1806 of memory
2025-12-03T23:31:48.055+0700 [DEBUG] [org.gradle.process.internal.health.memory.DefaultMemoryManager] 1894134579 virtual memory requested, 0 released, 1129512960 free
2025-12-03T23:31:53.056+0700 [DEBUG] [org.gradle.process.internal.health.memory.DefaultMemoryManager] 1894134579 virtual memory requested, 1143644160 free
2025-12-03T23:31:53.056+0700 [DEBUG] [org.gradle.workers.internal.WorkerDaemonExpiration] Will attempt to release 1806 of memory
2025-12-03T23:31:53.056+0700 [DEBUG] [org.gradle.process.internal.health.memory.DefaultMemoryManager] 1894134579 virtual memory requested, 0 released, 1143644160 free
2025-12-03T23:31:56.482+0700 [DEBUG] [org.gradle.cache.internal.DefaultFileLockManager] Waiting to acquire shared lock on daemon addresses registry.
2025-12-03T23:31:56.483+0700 [DEBUG] [org.gradle.cache.internal.DefaultFileLockManager] Lock acquired on daemon addresses registry.
2025-12-03T23:31:56.491+0700 [DEBUG] [org.gradle.cache.internal.DefaultFileLockManager] Releasing lock on daemon addresses registry.
2025-12-03T23:31:56.492+0700 [DEBUG] [org.gradle.cache.internal.DefaultFileLockManager] Waiting to acquire shared lock on daemon addresses registry.
2025-12-03T23:31:56.492+0700 [DEBUG] [org.gradle.cache.internal.DefaultFileLockManager] Lock acquired on daemon addresses registry.
2025-12-03T23:31:56.492+0700 [DEBUG] [org.gradle.cache.internal.DefaultFileLockManager] Releasing lock on daemon addresses registry.
2025-12-03T23:31:56.492+0700 [DEBUG] [org.gradle.cache.internal.DefaultFileLockManager] Waiting to acquire shared lock on daemon addresses registry.
2025-12-03T23:31:56.492+0700 [DEBUG] [org.gradle.cache.internal.DefaultFileLockManager] Lock acquired on daemon addresses registry.
2025-12-03T23:31:56.493+0700 [DEBUG] [org.gradle.cache.internal.DefaultFileLockManager] Releasing lock on daemon addresses registry.
2025-12-03T23:31:57.347+0700 [DEBUG] [sun.rmi.transport.tcp] RMI TCP Connection(18)-127.0.0.1: accepted socket from [127.0.0.1:56919]
2025-12-03T23:31:57.348+0700 [DEBUG] [sun.rmi.transport.tcp] RMI TCP Connection(18)-127.0.0.1: (port 54599) op = 80
2025-12-03T23:31:57.348+0700 [DEBUG] [sun.rmi.loader] RMI TCP Connection(18)-127.0.0.1: name = "[Ljava.rmi.server.ObjID;", codebase = "", defaultLoader = jdk.internal.loader.ClassLoaders$PlatformClassLoader@13701091
2025-12-03T23:31:57.348+0700 [DEBUG] [sun.rmi.loader] RMI TCP Connection(18)-127.0.0.1: name = "java.rmi.dgc.Lease", codebase = "", defaultLoader = jdk.internal.loader.ClassLoaders$PlatformClassLoader@13701091
2025-12-03T23:31:57.348+0700 [DEBUG] [sun.rmi.loader] RMI TCP Connection(18)-127.0.0.1: name = "java.rmi.dgc.VMID", codebase = "", defaultLoader = jdk.internal.loader.ClassLoaders$PlatformClassLoader@13701091
2025-12-03T23:31:57.348+0700 [DEBUG] [sun.rmi.loader] RMI TCP Connection(18)-127.0.0.1: name = "[B", codebase = "", defaultLoader = jdk.internal.loader.ClassLoaders$PlatformClassLoader@13701091
2025-12-03T23:31:57.349+0700 [DEBUG] [sun.rmi.loader] RMI TCP Connection(18)-127.0.0.1: name = "java.rmi.server.UID", codebase = "", defaultLoader = jdk.internal.loader.ClassLoaders$PlatformClassLoader@13701091
2025-12-03T23:31:58.055+0700 [DEBUG] [org.gradle.process.internal.health.memory.DefaultMemoryManager] 1894134579 virtual memory requested, 1148149760 free
2025-12-03T23:31:58.055+0700 [DEBUG] [org.gradle.workers.internal.WorkerDaemonExpiration] Will attempt to release 1806 of memory
2025-12-03T23:31:58.057+0700 [DEBUG] [org.gradle.process.internal.health.memory.DefaultMemoryManager] 1894134579 virtual memory requested, 0 released, 1148149760 free
2025-12-03T23:32:03.055+0700 [DEBUG] [org.gradle.process.internal.health.memory.DefaultMemoryManager] 1894134579 virtual memory requested, 1279967232 free
2025-12-03T23:32:03.055+0700 [DEBUG] [org.gradle.workers.internal.WorkerDaemonExpiration] Will attempt to release 1806 of memory
2025-12-03T23:32:03.055+0700 [DEBUG] [org.gradle.process.internal.health.memory.DefaultMemoryManager] 1894134579 virtual memory requested, 0 released, 1279967232 free
2025-12-03T23:32:06.482+0700 [DEBUG] [org.gradle.cache.internal.DefaultFileLockManager] Waiting to acquire shared lock on daemon addresses registry.
2025-12-03T23:32:06.492+0700 [DEBUG] [org.gradle.cache.internal.DefaultFileLockManager] Lock acquired on daemon addresses registry.
2025-12-03T23:32:06.493+0700 [DEBUG] [org.gradle.cache.internal.DefaultFileLockManager] Releasing lock on daemon addresses registry.
2025-12-03T23:32:06.493+0700 [DEBUG] [org.gradle.cache.internal.DefaultFileLockManager] Waiting to acquire shared lock on daemon addresses registry.
2025-12-03T23:32:06.493+0700 [DEBUG] [org.gradle.cache.internal.DefaultFileLockManager] Lock acquired on daemon addresses registry.
2025-12-03T23:32:06.493+0700 [DEBUG] [org.gradle.cache.internal.DefaultFileLockManager] Releasing lock on daemon addresses registry.
2025-12-03T23:32:06.494+0700 [DEBUG] [org.gradle.cache.internal.DefaultFileLockManager] Waiting to acquire shared lock on daemon addresses registry.
2025-12-03T23:32:06.494+0700 [DEBUG] [org.gradle.cache.internal.DefaultFileLockManager] Lock acquired on daemon addresses registry.
2025-12-03T23:32:06.494+0700 [DEBUG] [org.gradle.cache.internal.DefaultFileLockManager] Releasing lock on daemon addresses registry.
2025-12-03T23:32:08.055+0700 [DEBUG] [org.gradle.process.internal.health.memory.DefaultMemoryManager] 1894134579 virtual memory requested, 1288613888 free
2025-12-03T23:32:08.055+0700 [DEBUG] [org.gradle.workers.internal.WorkerDaemonExpiration] Will attempt to release 1806 of memory
2025-12-03T23:32:08.055+0700 [DEBUG] [org.gradle.process.internal.health.memory.DefaultMemoryManager] 1894134579 virtual memory requested, 0 released, 1288613888 free
2025-12-03T23:32:12.352+0700 [DEBUG] [sun.rmi.transport.tcp] RMI TCP Connection(18)-127.0.0.1: (port 54599) connection closed
2025-12-03T23:32:12.352+0700 [DEBUG] [sun.rmi.transport.tcp] RMI TCP Connection(18)-127.0.0.1: close connection, socket: Socket[addr=/127.0.0.1,port=56919,localport=54599]
2025-12-03T23:32:12.353+0700 [DEBUG] [sun.rmi.transport.tcp] RMI TCP Connection(18)-127.0.0.1: socket close: Socket[addr=/127.0.0.1,port=56919,localport=54599]
2025-12-03T23:32:13.056+0700 [DEBUG] [org.gradle.process.internal.health.memory.DefaultMemoryManager] 794965606 physical memory requested, 729210880 free
2025-12-03T23:32:13.056+0700 [DEBUG] [org.gradle.workers.internal.WorkerDaemonExpiration] Will attempt to release 758 of memory
2025-12-03T23:32:13.056+0700 [DEBUG] [org.gradle.process.internal.health.memory.DefaultMemoryManager] 794965606 physical memory requested, 0 released, 729210880 free
2025-12-03T23:32:13.056+0700 [DEBUG] [org.gradle.process.internal.health.memory.DefaultMemoryManager] 1894134579 virtual memory requested, 1119670272 free
2025-12-03T23:32:13.056+0700 [DEBUG] [org.gradle.workers.internal.WorkerDaemonExpiration] Will attempt to release 1806 of memory
2025-12-03T23:32:13.056+0700 [DEBUG] [org.gradle.process.internal.health.memory.DefaultMemoryManager] 1894134579 virtual memory requested, 0 released, 1119670272 free
2025-12-03T23:32:16.482+0700 [DEBUG] [org.gradle.cache.internal.DefaultFileLockManager] Waiting to acquire shared lock on daemon addresses registry.
2025-12-03T23:32:16.482+0700 [DEBUG] [org.gradle.cache.internal.DefaultFileLockManager] Lock acquired on daemon addresses registry.
2025-12-03T23:32:16.482+0700 [DEBUG] [org.gradle.cache.internal.DefaultFileLockManager] Releasing lock on daemon addresses registry.
2025-12-03T23:32:16.483+0700 [DEBUG] [org.gradle.cache.internal.DefaultFileLockManager] Waiting to acquire shared lock on daemon addresses registry.
2025-12-03T23:32:16.483+0700 [DEBUG] [org.gradle.cache.internal.DefaultFileLockManager] Lock acquired on daemon addresses registry.
2025-12-03T23:32:16.483+0700 [DEBUG] [org.gradle.cache.internal.DefaultFileLockManager] Releasing lock on daemon addresses registry.
2025-12-03T23:32:16.484+0700 [DEBUG] [org.gradle.cache.internal.DefaultFileLockManager] Waiting to acquire shared lock on daemon addresses registry.
2025-12-03T23:32:16.484+0700 [DEBUG] [org.gradle.cache.internal.DefaultFileLockManager] Lock acquired on daemon addresses registry.
2025-12-03T23:32:16.485+0700 [DEBUG] [org.gradle.cache.internal.DefaultFileLockManager] Releasing lock on daemon addresses registry.
2025-12-03T23:32:18.054+0700 [DEBUG] [org.gradle.process.internal.health.memory.DefaultMemoryManager] 1894134579 virtual memory requested, 1101852672 free
2025-12-03T23:32:18.055+0700 [DEBUG] [org.gradle.workers.internal.WorkerDaemonExpiration] Will attempt to release 1806 of memory
2025-12-03T23:32:18.055+0700 [DEBUG] [org.gradle.process.internal.health.memory.DefaultMemoryManager] 1894134579 virtual memory requested, 0 released, 1101852672 free
2025-12-03T23:32:23.055+0700 [DEBUG] [org.gradle.process.internal.health.memory.DefaultMemoryManager] 1894134579 virtual memory requested, 1111879680 free
2025-12-03T23:32:23.055+0700 [DEBUG] [org.gradle.workers.internal.WorkerDaemonExpiration] Will attempt to release 1806 of memory
2025-12-03T23:32:23.056+0700 [DEBUG] [org.gradle.process.internal.health.memory.DefaultMemoryManager] 1894134579 virtual memory requested, 0 released, 1111879680 free
2025-12-03T23:32:26.483+0700 [DEBUG] [org.gradle.cache.internal.DefaultFileLockManager] Waiting to acquire shared lock on daemon addresses registry.
2025-12-03T23:32:26.483+0700 [DEBUG] [org.gradle.cache.internal.DefaultFileLockManager] Lock acquired on daemon addresses registry.
2025-12-03T23:32:26.483+0700 [DEBUG] [org.gradle.cache.internal.DefaultFileLockManager] Releasing lock on daemon addresses registry.
2025-12-03T23:32:26.484+0700 [DEBUG] [org.gradle.cache.internal.DefaultFileLockManager] Waiting to acquire shared lock on daemon addresses registry.
2025-12-03T23:32:26.484+0700 [DEBUG] [org.gradle.cache.internal.DefaultFileLockManager] Lock acquired on daemon addresses registry.
2025-12-03T23:32:26.484+0700 [DEBUG] [org.gradle.cache.internal.DefaultFileLockManager] Releasing lock on daemon addresses registry.
2025-12-03T23:32:26.485+0700 [DEBUG] [org.gradle.cache.internal.DefaultFileLockManager] Waiting to acquire shared lock on daemon addresses registry.
2025-12-03T23:32:26.485+0700 [DEBUG] [org.gradle.cache.internal.DefaultFileLockManager] Lock acquired on daemon addresses registry.
2025-12-03T23:32:26.485+0700 [DEBUG] [org.gradle.cache.internal.DefaultFileLockManager] Releasing lock on daemon addresses registry.
2025-12-03T23:32:28.055+0700 [DEBUG] [org.gradle.process.internal.health.memory.DefaultMemoryManager] 1894134579 virtual memory requested, 1123024896 free
2025-12-03T23:32:28.055+0700 [DEBUG] [org.gradle.workers.internal.WorkerDaemonExpiration] Will attempt to release 1806 of memory
2025-12-03T23:32:28.055+0700 [DEBUG] [org.gradle.process.internal.health.memory.DefaultMemoryManager] 1894134579 virtual memory requested, 0 released, 1123024896 free
2025-12-03T23:32:33.055+0700 [DEBUG] [org.gradle.process.internal.health.memory.DefaultMemoryManager] 1894134579 virtual memory requested, 1088348160 free
2025-12-03T23:32:33.055+0700 [DEBUG] [org.gradle.workers.internal.WorkerDaemonExpiration] Will attempt to release 1806 of memory
2025-12-03T23:32:33.055+0700 [DEBUG] [org.gradle.process.internal.health.memory.DefaultMemoryManager] 1894134579 virtual memory requested, 0 released, 1088348160 free
2025-12-03T23:32:36.483+0700 [DEBUG] [org.gradle.cache.internal.DefaultFileLockManager] Waiting to acquire shared lock on daemon addresses registry.
2025-12-03T23:32:36.483+0700 [DEBUG] [org.gradle.cache.internal.DefaultFileLockManager] Lock acquired on daemon addresses registry.
2025-12-03T23:32:36.483+0700 [DEBUG] [org.gradle.cache.internal.DefaultFileLockManager] Releasing lock on daemon addresses registry.
2025-12-03T23:32:36.491+0700 [DEBUG] [org.gradle.cache.internal.DefaultFileLockManager] Waiting to acquire shared lock on daemon addresses registry.
2025-12-03T23:32:36.492+0700 [DEBUG] [org.gradle.cache.internal.DefaultFileLockManager] Lock acquired on daemon addresses registry.
2025-12-03T23:32:36.492+0700 [DEBUG] [org.gradle.cache.internal.DefaultFileLockManager] Releasing lock on daemon addresses registry.
2025-12-03T23:32:36.492+0700 [DEBUG] [org.gradle.cache.internal.DefaultFileLockManager] Waiting to acquire shared lock on daemon addresses registry.
2025-12-03T23:32:36.492+0700 [DEBUG] [org.gradle.cache.internal.DefaultFileLockManager] Lock acquired on daemon addresses registry.
2025-12-03T23:32:36.493+0700 [DEBUG] [org.gradle.cache.internal.DefaultFileLockManager] Releasing lock on daemon addresses registry.
2025-12-03T23:32:38.055+0700 [DEBUG] [org.gradle.process.internal.health.memory.DefaultMemoryManager] 1894134579 virtual memory requested, 1106395136 free
2025-12-03T23:32:38.055+0700 [DEBUG] [org.gradle.workers.internal.WorkerDaemonExpiration] Will attempt to release 1806 of memory
2025-12-03T23:32:38.056+0700 [DEBUG] [org.gradle.process.internal.health.memory.DefaultMemoryManager] 1894134579 virtual memory requested, 0 released, 1106395136 free
2025-12-03T23:32:43.054+0700 [DEBUG] [org.gradle.process.internal.health.memory.DefaultMemoryManager] 1894134579 virtual memory requested, 1126932480 free
2025-12-03T23:32:43.054+0700 [DEBUG] [org.gradle.workers.internal.WorkerDaemonExpiration] Will attempt to release 1806 of memory
2025-12-03T23:32:43.055+0700 [DEBUG] [org.gradle.process.internal.health.memory.DefaultMemoryManager] 1894134579 virtual memory requested, 0 released, 1126932480 free
2025-12-03T23:32:46.482+0700 [DEBUG] [org.gradle.cache.internal.DefaultFileLockManager] Waiting to acquire shared lock on daemon addresses registry.
2025-12-03T23:32:46.482+0700 [DEBUG] [org.gradle.cache.internal.DefaultFileLockManager] Lock acquired on daemon addresses registry.
2025-12-03T23:32:46.482+0700 [DEBUG] [org.gradle.cache.internal.DefaultFileLockManager] Releasing lock on daemon addresses registry.
2025-12-03T23:32:46.483+0700 [DEBUG] [org.gradle.cache.internal.DefaultFileLockManager] Waiting to acquire shared lock on daemon addresses registry.
2025-12-03T23:32:46.493+0700 [DEBUG] [org.gradle.cache.internal.DefaultFileLockManager] Lock acquired on daemon addresses registry.
2025-12-03T23:32:46.493+0700 [DEBUG] [org.gradle.cache.internal.DefaultFileLockManager] Releasing lock on daemon addresses registry.
2025-12-03T23:32:46.494+0700 [DEBUG] [org.gradle.cache.internal.DefaultFileLockManager] Waiting to acquire shared lock on daemon addresses registry.
2025-12-03T23:32:46.494+0700 [DEBUG] [org.gradle.cache.internal.DefaultFileLockManager] Lock acquired on daemon addresses registry.
2025-12-03T23:32:46.494+0700 [DEBUG] [org.gradle.cache.internal.DefaultFileLockManager] Releasing lock on daemon addresses registry.
2025-12-03T23:32:48.055+0700 [DEBUG] [org.gradle.process.internal.health.memory.DefaultMemoryManager] 1894134579 virtual memory requested, 1129357312 free
2025-12-03T23:32:48.055+0700 [DEBUG] [org.gradle.workers.internal.WorkerDaemonExpiration] Will attempt to release 1806 of memory
2025-12-03T23:32:48.055+0700 [DEBUG] [org.gradle.process.internal.health.memory.DefaultMemoryManager] 1894134579 virtual memory requested, 0 released, 1129357312 free
2025-12-03T23:32:53.054+0700 [DEBUG] [org.gradle.process.internal.health.memory.DefaultMemoryManager] 1894134579 virtual memory requested, 1129422848 free
2025-12-03T23:32:53.054+0700 [DEBUG] [org.gradle.workers.internal.WorkerDaemonExpiration] Will attempt to release 1806 of memory
2025-12-03T23:32:53.055+0700 [DEBUG] [org.gradle.process.internal.health.memory.DefaultMemoryManager] 1894134579 virtual memory requested, 0 released, 1129422848 free
2025-12-03T23:32:56.482+0700 [DEBUG] [org.gradle.cache.internal.DefaultFileLockManager] Waiting to acquire shared lock on daemon addresses registry.
2025-12-03T23:32:56.482+0700 [DEBUG] [org.gradle.cache.internal.DefaultFileLockManager] Lock acquired on daemon addresses registry.
2025-12-03T23:32:56.498+0700 [DEBUG] [org.gradle.cache.internal.DefaultFileLockManager] Releasing lock on daemon addresses registry.
2025-12-03T23:32:56.499+0700 [DEBUG] [org.gradle.cache.internal.DefaultFileLockManager] Waiting to acquire shared lock on daemon addresses registry.
2025-12-03T23:32:56.499+0700 [DEBUG] [org.gradle.cache.internal.DefaultFileLockManager] Lock acquired on daemon addresses registry.
2025-12-03T23:32:56.499+0700 [DEBUG] [org.gradle.cache.internal.DefaultFileLockManager] Releasing lock on daemon addresses registry.
2025-12-03T23:32:56.499+0700 [DEBUG] [org.gradle.cache.internal.DefaultFileLockManager] Waiting to acquire shared lock on daemon addresses registry.
2025-12-03T23:32:56.500+0700 [DEBUG] [org.gradle.cache.internal.DefaultFileLockManager] Lock acquired on daemon addresses registry.
2025-12-03T23:32:56.500+0700 [DEBUG] [org.gradle.cache.internal.DefaultFileLockManager] Releasing lock on daemon addresses registry.
2025-12-03T23:32:58.055+0700 [DEBUG] [org.gradle.process.internal.health.memory.DefaultMemoryManager] 1894134579 virtual memory requested, 1245245440 free
2025-12-03T23:32:58.055+0700 [DEBUG] [org.gradle.workers.internal.WorkerDaemonExpiration] Will attempt to release 1806 of memory
2025-12-03T23:32:58.055+0700 [DEBUG] [org.gradle.process.internal.health.memory.DefaultMemoryManager] 1894134579 virtual memory requested, 0 released, 1245245440 free
2025-12-03T23:32:58.166+0700 [DEBUG] [org.gradle.internal.remote.internal.inet.TcpIncomingConnector] Accepted connection from /127.0.0.1:51392 to /127.0.0.1:54574.
2025-12-03T23:32:58.172+0700 [DEBUG] [org.gradle.internal.remote.internal.inet.TcpIncomingConnector] Accepted connection from /127.0.0.1:51391 to /127.0.0.1:54574.
2025-12-03T23:32:58.238+0700 [DEBUG] [org.gradle.launcher.daemon.server.SynchronizedDispatchConnection] thread 1057: received class org.gradle.launcher.daemon.protocol.StopWhenIdle
2025-12-03T23:32:58.238+0700 [DEBUG] [org.gradle.launcher.daemon.server.SynchronizedDispatchConnection] thread 1055: received class org.gradle.launcher.daemon.protocol.StopWhenIdle
2025-12-03T23:32:58.239+0700 [DEBUG] [org.gradle.launcher.daemon.server.DefaultDaemonConnection] thread 1055: Received non-IO message from client: StopWhenIdle[id=63679741-3847-4d0d-b43f-2248749a560f]
2025-12-03T23:32:58.239+0700 [DEBUG] [org.gradle.launcher.daemon.server.DefaultDaemonConnection] thread 1057: Received non-IO message from client: StopWhenIdle[id=f435b855-e274-4cdc-8a8b-83631a66158b]
2025-12-03T23:32:58.239+0700 [INFO] [org.gradle.launcher.daemon.server.DefaultIncomingConnectionHandler] Received command: StopWhenIdle[id=63679741-3847-4d0d-b43f-2248749a560f].
2025-12-03T23:32:58.239+0700 [INFO] [org.gradle.launcher.daemon.server.DefaultIncomingConnectionHandler] Received command: StopWhenIdle[id=f435b855-e274-4cdc-8a8b-83631a66158b].
2025-12-03T23:32:58.239+0700 [DEBUG] [org.gradle.launcher.daemon.server.DefaultIncomingConnectionHandler] Starting executing command: StopWhenIdle[id=63679741-3847-4d0d-b43f-2248749a560f] with connection: socket connection from /127.0.0.1:54574 to /127.0.0.1:51392.
2025-12-03T23:32:58.239+0700 [DEBUG] [org.gradle.launcher.daemon.server.DefaultIncomingConnectionHandler] Starting executing command: StopWhenIdle[id=f435b855-e274-4cdc-8a8b-83631a66158b] with connection: socket connection from /127.0.0.1:54574 to /127.0.0.1:51391.
2025-12-03T23:32:58.250+0700 [DEBUG] [org.gradle.launcher.daemon.server.DaemonRegistryUpdater] Storing daemon stop event: stop command received
2025-12-03T23:32:58.251+0700 [DEBUG] [org.gradle.launcher.daemon.registry.PersistentDaemonRegistry] Storing daemon stop event with timestamp 1764779578250
2025-12-03T23:32:58.286+0700 [DEBUG] [org.gradle.cache.internal.DefaultFileLockManager] Waiting to acquire exclusive lock on daemon addresses registry.
2025-12-03T23:32:58.286+0700 [DEBUG] [org.gradle.cache.internal.DefaultFileLockManager] Lock acquired on daemon addresses registry.
2025-12-03T23:32:58.287+0700 [DEBUG] [org.gradle.cache.internal.DefaultFileLockManager] Releasing lock on daemon addresses registry.
2025-12-03T23:32:58.287+0700 [LIFECYCLE] [org.gradle.launcher.daemon.server.DaemonStateCoordinator] Daemon will be stopped at the end of the build stop command received
2025-12-03T23:32:58.288+0700 [DEBUG] [org.gradle.launcher.daemon.server.DaemonStateCoordinator] Marking daemon stopped due to stop command received. The daemon is not running a build
2025-12-03T23:32:58.288+0700 [DEBUG] [org.gradle.launcher.daemon.server.DaemonRegistryUpdater] Storing daemon stop event: stop command received
2025-12-03T23:32:58.288+0700 [DEBUG] [org.gradle.launcher.daemon.registry.PersistentDaemonRegistry] Storing daemon stop event with timestamp 1764779578288
2025-12-03T23:32:58.288+0700 [DEBUG] [org.gradle.launcher.daemon.server.SynchronizedDispatchConnection] thread 1056: dispatching Success[value=null]
2025-12-03T23:32:58.288+0700 [DEBUG] [org.gradle.launcher.daemon.server.DaemonStateCoordinator] daemon has stopped.
2025-12-03T23:32:58.288+0700 [DEBUG] [org.gradle.cache.internal.DefaultFileLockManager] Waiting to acquire exclusive lock on daemon addresses registry.
2025-12-03T23:32:58.288+0700 [DEBUG] [org.gradle.launcher.daemon.server.DefaultIncomingConnectionHandler] Finishing executing command: StopWhenIdle[id=f435b855-e274-4cdc-8a8b-83631a66158b]
2025-12-03T23:32:58.288+0700 [DEBUG] [org.gradle.cache.internal.DefaultFileLockManager] Lock acquired on daemon addresses registry.
2025-12-03T23:32:58.289+0700 [DEBUG] [org.gradle.launcher.daemon.server.SynchronizedDispatchConnection] thread 1057: received class org.gradle.launcher.daemon.protocol.Finished
2025-12-03T23:32:58.289+0700 [DEBUG] [org.gradle.cache.internal.DefaultFileLockManager] Releasing lock on daemon addresses registry.
2025-12-03T23:32:58.289+0700 [DEBUG] [org.gradle.launcher.daemon.server.DefaultDaemonConnection] thread 1057: Received non-IO message from client: org.gradle.launcher.daemon.protocol.Finished@273044a3
2025-12-03T23:32:58.290+0700 [DEBUG] [org.gradle.launcher.daemon.server.DefaultIncomingConnectionHandler] Received finished message: org.gradle.launcher.daemon.protocol.Finished@273044a3
2025-12-03T23:32:58.290+0700 [DEBUG] [org.gradle.launcher.daemon.server.SynchronizedDispatchConnection] thread 1056: stopping connection
2025-12-03T23:32:58.290+0700 [DEBUG] [org.gradle.internal.remote.internal.inet.SocketConnection] Discarding EOFException: java.io.EOFException
2025-12-03T23:32:58.290+0700 [DEBUG] [org.gradle.launcher.daemon.server.SynchronizedDispatchConnection] thread 1057: received null
2025-12-03T23:32:58.290+0700 [DEBUG] [org.gradle.launcher.daemon.server.DefaultDaemonConnection] thread 1057: Received end-of-input from client.
2025-12-03T23:32:58.290+0700 [DEBUG] [org.gradle.launcher.daemon.server.SynchronizedDispatchConnection] thread 1056: stopping connection
2025-12-03T23:32:58.303+0700 [DEBUG] [org.gradle.launcher.daemon.server.SynchronizedDispatchConnection] thread 1054: dispatching Success[value=null]
2025-12-03T23:32:58.304+0700 [DEBUG] [org.gradle.launcher.daemon.server.Daemon] stop() called on daemon
2025-12-03T23:32:58.304+0700 [DEBUG] [org.gradle.launcher.daemon.server.SynchronizedDispatchConnection] thread 1055: received class org.gradle.launcher.daemon.protocol.Finished
2025-12-03T23:32:58.304+0700 [DEBUG] [org.gradle.launcher.daemon.server.DefaultIncomingConnectionHandler] Finishing executing command: StopWhenIdle[id=63679741-3847-4d0d-b43f-2248749a560f]
2025-12-03T23:32:58.304+0700 [INFO] [org.gradle.launcher.daemon.server.Daemon] Stop requested. Daemon is removing its presence from the registry...
2025-12-03T23:32:58.304+0700 [DEBUG] [org.gradle.launcher.daemon.server.DefaultDaemonConnection] thread 1055: Received non-IO message from client: org.gradle.launcher.daemon.protocol.Finished@655ca36b
2025-12-03T23:32:58.304+0700 [DEBUG] [org.gradle.launcher.daemon.server.DefaultIncomingConnectionHandler] Received finished message: org.gradle.launcher.daemon.protocol.Finished@655ca36b
2025-12-03T23:32:58.304+0700 [DEBUG] [org.gradle.internal.remote.internal.inet.SocketConnection] Discarding EOFException: java.io.EOFException
2025-12-03T23:32:58.304+0700 [DEBUG] [org.gradle.launcher.daemon.server.SynchronizedDispatchConnection] thread 1055: received null
2025-12-03T23:32:58.304+0700 [DEBUG] [org.gradle.launcher.daemon.server.DefaultDaemonConnection] thread 1055: Received end-of-input from client.
2025-12-03T23:32:58.304+0700 [DEBUG] [org.gradle.launcher.daemon.server.SynchronizedDispatchConnection] thread 1054: stopping connection
2025-12-03T23:32:58.305+0700 [DEBUG] [org.gradle.launcher.daemon.server.SynchronizedDispatchConnection] thread 1054: stopping connection
2025-12-03T23:32:58.305+0700 [DEBUG] [org.gradle.launcher.daemon.server.DaemonRegistryUpdater] Removing our presence to clients, eg. removing this address from the registry: [7714e9e6-fef7-4d31-a1e2-ebb0d063ec69 port:54574, addresses:[localhost/127.0.0.1]]
2025-12-03T23:32:58.306+0700 [DEBUG] [org.gradle.launcher.daemon.registry.PersistentDaemonRegistry] Removing daemon address: [7714e9e6-fef7-4d31-a1e2-ebb0d063ec69 port:54574, addresses:[localhost/127.0.0.1]]
2025-12-03T23:32:58.316+0700 [DEBUG] [org.gradle.cache.internal.DefaultFileLockManager] Waiting to acquire exclusive lock on daemon addresses registry.
2025-12-03T23:32:58.316+0700 [DEBUG] [org.gradle.cache.internal.DefaultFileLockManager] Lock acquired on daemon addresses registry.
2025-12-03T23:32:58.319+0700 [DEBUG] [org.gradle.cache.internal.DefaultFileLockManager] Releasing lock on daemon addresses registry.
2025-12-03T23:32:58.320+0700 [DEBUG] [org.gradle.launcher.daemon.server.DaemonRegistryUpdater] Address removed from registry.
2025-12-03T23:32:58.440+0700 [DEBUG] [org.gradle.cache.internal.LockOnDemandCrossProcessCacheAccess] Releasing file lock for jars (D:\RemoteLamp\caches\jars-9)
2025-12-03T23:32:58.440+0700 [DEBUG] [org.gradle.cache.internal.DefaultFileLockManager] Releasing lock on jars (D:\RemoteLamp\caches\jars-9).
2025-12-03T23:32:58.442+0700 [DEBUG] [org.gradle.cache.internal.DefaultCacheCleanupExecutor] jars (D:\RemoteLamp\caches\jars-9) has last been fully cleaned up 0 hours ago
2025-12-03T23:32:58.442+0700 [DEBUG] [org.gradle.cache.internal.DefaultCacheCleanupExecutor] Skipping cleanup for jars (D:\RemoteLamp\caches\jars-9) as it is not yet due
2025-12-03T23:32:58.445+0700 [DEBUG] [org.gradle.cache.internal.LockOnDemandCrossProcessCacheAccess] Releasing file lock for file content cache (D:\RemoteLamp\caches\8.10.2\fileContent)
2025-12-03T23:32:58.445+0700 [DEBUG] [org.gradle.cache.internal.DefaultFileLockManager] Releasing lock on file content cache (D:\RemoteLamp\caches\8.10.2\fileContent).
2025-12-03T23:32:58.446+0700 [DEBUG] [org.gradle.internal.watch.vfs.impl.WatchingVirtualFileSystem] Closing VFS, dropping state
2025-12-03T23:32:58.468+0700 [DEBUG] [org.gradle.internal.watch.registry.impl.DefaultFileWatcherRegistry] Finished listening to file system change events
2025-12-03T23:32:58.469+0700 [DEBUG] [org.gradle.cache.internal.LockOnDemandCrossProcessCacheAccess] Releasing file lock for Generated Gradle JARs cache (D:\RemoteLamp\caches\8.10.2\generated-gradle-jars)
2025-12-03T23:32:58.469+0700 [DEBUG] [org.gradle.cache.internal.DefaultFileLockManager] Releasing lock on Generated Gradle JARs cache (D:\RemoteLamp\caches\8.10.2\generated-gradle-jars).
2025-12-03T23:32:58.470+0700 [DEBUG] [org.gradle.cache.internal.LockOnDemandCrossProcessCacheAccess] Releasing file lock for artifact cache (D:\RemoteLamp\caches\modules-2)
2025-12-03T23:32:58.471+0700 [DEBUG] [org.gradle.cache.internal.btree.BTreePersistentIndexedCache] Closing cache module-artifact.bin (D:\RemoteLamp\caches\modules-2\metadata-2.106\module-artifact.bin)
2025-12-03T23:32:58.471+0700 [DEBUG] [org.gradle.cache.internal.btree.BTreePersistentIndexedCache] Closing cache module-metadata.bin (D:\RemoteLamp\caches\modules-2\metadata-2.106\module-metadata.bin)
2025-12-03T23:32:58.472+0700 [DEBUG] [org.gradle.cache.internal.btree.BTreePersistentIndexedCache] Closing cache module-artifacts.bin (D:\RemoteLamp\caches\modules-2\metadata-2.106\module-artifacts.bin)
2025-12-03T23:32:58.472+0700 [DEBUG] [org.gradle.cache.internal.DefaultFileLockManager] Releasing lock on artifact cache (D:\RemoteLamp\caches\modules-2).
2025-12-03T23:32:58.473+0700 [DEBUG] [org.gradle.cache.internal.DefaultCacheCleanupExecutor] artifact cache (D:\RemoteLamp\caches\modules-2) has last been fully cleaned up 0 hours ago
2025-12-03T23:32:58.474+0700 [DEBUG] [org.gradle.cache.internal.DefaultCacheCleanupExecutor] Skipping cleanup for artifact cache (D:\RemoteLamp\caches\modules-2) as it is not yet due
2025-12-03T23:32:58.475+0700 [DEBUG] [org.gradle.cache.internal.DefaultCacheCleanupExecutor] groovy-dsl (D:\RemoteLamp\caches\8.10.2\groovy-dsl) has last been fully cleaned up 0 hours ago
2025-12-03T23:32:58.475+0700 [DEBUG] [org.gradle.cache.internal.DefaultCacheCleanupExecutor] Skipping cleanup for groovy-dsl (D:\RemoteLamp\caches\8.10.2\groovy-dsl) as it is not yet due
2025-12-03T23:32:58.475+0700 [DEBUG] [org.gradle.cache.internal.DefaultCacheCoordinator] Cache groovy-dsl (D:\RemoteLamp\caches\8.10.2\groovy-dsl) was closed 0 times.
2025-12-03T23:32:58.477+0700 [DEBUG] [org.gradle.cache.internal.DefaultCacheCleanupExecutor] Artifact transforms cache (D:\RemoteLamp\caches\8.10.2\transforms) has last been fully cleaned up 0 hours ago
2025-12-03T23:32:58.477+0700 [DEBUG] [org.gradle.cache.internal.DefaultCacheCleanupExecutor] Skipping cleanup for Artifact transforms cache (D:\RemoteLamp\caches\8.10.2\transforms) as it is not yet due
2025-12-03T23:32:58.477+0700 [DEBUG] [org.gradle.cache.internal.DefaultCacheCoordinator] Cache Artifact transforms cache (D:\RemoteLamp\caches\8.10.2\transforms) was closed 0 times.
2025-12-03T23:32:58.478+0700 [DEBUG] [org.gradle.cache.internal.DefaultCacheCleanupExecutor] kotlin-dsl (D:\RemoteLamp\caches\8.10.2\kotlin-dsl) has last been fully cleaned up 0 hours ago
2025-12-03T23:32:58.478+0700 [DEBUG] [org.gradle.cache.internal.DefaultCacheCleanupExecutor] Skipping cleanup for kotlin-dsl (D:\RemoteLamp\caches\8.10.2\kotlin-dsl) as it is not yet due
2025-12-03T23:32:58.478+0700 [DEBUG] [org.gradle.cache.internal.DefaultCacheCoordinator] Cache kotlin-dsl (D:\RemoteLamp\caches\8.10.2\kotlin-dsl) was closed 0 times.
2025-12-03T23:32:58.479+0700 [DEBUG] [org.gradle.cache.internal.LockOnDemandCrossProcessCacheAccess] Releasing file lock for journal cache (D:\RemoteLamp\caches\journal-1)
2025-12-03T23:32:58.479+0700 [DEBUG] [org.gradle.cache.internal.btree.BTreePersistentIndexedCache] Closing cache file-access.bin (D:\RemoteLamp\caches\journal-1\file-access.bin)
2025-12-03T23:32:58.479+0700 [DEBUG] [org.gradle.cache.internal.DefaultFileLockManager] Releasing lock on journal cache (D:\RemoteLamp\caches\journal-1).
2025-12-03T23:32:58.481+0700 [DEBUG] [org.gradle.cache.internal.LockOnDemandCrossProcessCacheAccess] Releasing file lock for file hash cache (D:\RemoteLamp\caches\8.10.2\fileHashes)
2025-12-03T23:32:58.481+0700 [DEBUG] [org.gradle.cache.internal.btree.BTreePersistentIndexedCache] Closing cache fileHashes.bin (D:\RemoteLamp\caches\8.10.2\fileHashes\fileHashes.bin)
2025-12-03T23:32:58.490+0700 [DEBUG] [org.gradle.cache.internal.btree.BTreePersistentIndexedCache] Closing cache resourceHashesCache.bin (D:\RemoteLamp\caches\8.10.2\fileHashes\resourceHashesCache.bin)
2025-12-03T23:32:58.491+0700 [DEBUG] [org.gradle.cache.internal.DefaultFileLockManager] Releasing lock on file hash cache (D:\RemoteLamp\caches\8.10.2\fileHashes).
2025-12-03T23:32:58.505+0700 [DEBUG] [org.gradle.internal.operations.DefaultBuildOperationRunner] Build operation 'Deleting unused version-specific caches in D:\RemoteLamp\caches' started
2025-12-03T23:32:58.505+0700 [DEBUG] [org.gradle.internal.operations.DefaultBuildOperationRunner] Completing Build operation 'Deleting unused version-specific caches in D:\RemoteLamp\caches'
2025-12-03T23:32:58.506+0700 [DEBUG] [org.gradle.internal.operations.DefaultBuildOperationRunner] Build operation 'Deleting unused version-specific caches in D:\RemoteLamp\caches' completed
2025-12-03T23:32:58.507+0700 [DEBUG] [org.gradle.launcher.daemon.server.Daemon] stop() called on daemon
2025-12-03T23:32:58.507+0700 [INFO] [org.gradle.launcher.daemon.server.Daemon] Stop requested. Daemon is removing its presence from the registry...
2025-12-03T23:32:58.507+0700 [DEBUG] [org.gradle.launcher.daemon.server.DaemonRegistryUpdater] Removing our presence to clients, eg. removing this address from the registry: [7714e9e6-fef7-4d31-a1e2-ebb0d063ec69 port:54574, addresses:[localhost/127.0.0.1]]
2025-12-03T23:32:58.507+0700 [DEBUG] [org.gradle.launcher.daemon.registry.PersistentDaemonRegistry] Removing daemon address: [7714e9e6-fef7-4d31-a1e2-ebb0d063ec69 port:54574, addresses:[localhost/127.0.0.1]]
2025-12-03T23:32:58.507+0700 [DEBUG] [org.gradle.cache.internal.DefaultFileLockManager] Waiting to acquire exclusive lock on daemon addresses registry.
2025-12-03T23:32:58.508+0700 [DEBUG] [org.gradle.cache.internal.DefaultFileLockManager] Lock acquired on daemon addresses registry.
2025-12-03T23:32:58.508+0700 [DEBUG] [org.gradle.cache.internal.DefaultFileLockManager] Releasing lock on daemon addresses registry.
2025-12-03T23:32:58.509+0700 [DEBUG] [org.gradle.launcher.daemon.server.DaemonRegistryUpdater] Address removed from registry.
2025-12-03T23:32:58.518+0700 [DEBUG] [org.gradle.cache.internal.locklistener.DefaultFileLockContentionHandler] File lock listener thread completed.
2025-12-03T23:32:58.527+0700 [DEBUG] [java.lang.Runtime] Runtime.exit() called with status: 0
java.lang.Throwable: Runtime.exit(0)
	at java.base/java.lang.Shutdown.logRuntimeExit(Unknown Source)
	at java.base/java.lang.Shutdown.exit(Unknown Source)
	at java.base/java.lang.Runtime.exit(Unknown Source)
	at java.base/java.lang.System.exit(Unknown Source)
	at org.gradle.launcher.bootstrap.ProcessCompleter.complete(ProcessCompleter.java:21)
	at org.gradle.launcher.bootstrap.EntryPoint.run(EntryPoint.java:61)
	at java.base/jdk.internal.reflect.DirectMethodHandleAccessor.invoke(Unknown Source)
	at java.base/java.lang.reflect.Method.invoke(Unknown Source)
	at org.gradle.launcher.bootstrap.ProcessBootstrap.runNoExit(ProcessBootstrap.java:72)
	at org.gradle.launcher.bootstrap.ProcessBootstrap.run(ProcessBootstrap.java:39)
	at org.gradle.launcher.daemon.bootstrap.GradleDaemon.main(GradleDaemon.java:22)
Daemon vm is shutting down... The daemon has exited normally or was terminated in response to a user interrupt.
2025-12-03T23:32:58.533+0700 [DEBUG] [org.gradle.launcher.daemon.registry.PersistentDaemonRegistry] Removing daemon address: [7714e9e6-fef7-4d31-a1e2-ebb0d063ec69 port:54574, addresses:[localhost/127.0.0.1]]
2025-12-03T23:32:58.536+0700 [DEBUG] [org.gradle.launcher.daemon.server.Daemon] VM shutdown hook was unable to remove the daemon address from the registry. It will be cleaned up later.
java.lang.IllegalStateException: Cannot start managing file contention because this handler has been closed.
	at org.gradle.cache.internal.locklistener.DefaultFileLockContentionHandler.assertNotStopped(DefaultFileLockContentionHandler.java:217)
	at org.gradle.cache.internal.locklistener.DefaultFileLockContentionHandler.getCommunicator(DefaultFileLockContentionHandler.java:260)
	at org.gradle.cache.internal.locklistener.DefaultFileLockContentionHandler.reservePort(DefaultFileLockContentionHandler.java:254)
	at org.gradle.cache.internal.DefaultFileLockManager.lock(DefaultFileLockManager.java:124)
	at org.gradle.cache.internal.DefaultFileLockManager.lock(DefaultFileLockManager.java:106)
	at org.gradle.cache.internal.DefaultFileLockManager.lock(DefaultFileLockManager.java:101)
	at org.gradle.cache.internal.OnDemandFileAccess.updateFile(OnDemandFileAccess.java:51)
	at org.gradle.cache.internal.FileBackedObjectHolder.update(FileBackedObjectHolder.java:77)
	at org.gradle.cache.internal.FileIntegrityViolationSuppressingObjectHolderDecorator.lambda$update$0(FileIntegrityViolationSuppressingObjectHolderDecorator.java:48)
	at org.gradle.cache.internal.FileIntegrityViolationSuppressingObjectHolderDecorator.doUpdate(FileIntegrityViolationSuppressingObjectHolderDecorator.java:58)
	at org.gradle.cache.internal.FileIntegrityViolationSuppressingObjectHolderDecorator.update(FileIntegrityViolationSuppressingObjectHolderDecorator.java:48)
	at org.gradle.launcher.daemon.registry.PersistentDaemonRegistry.remove(PersistentDaemonRegistry.java:133)
	at org.gradle.launcher.daemon.server.Daemon$1.run(Daemon.java:133)
	at java.base/java.lang.Thread.run(Unknown Source)
